Lat,Lon,hour,is_wekend,dbscan_cluster,dbscan2_cluster
40.7044,-73.9866,2,0,0,0
40.7573,-73.9896,6,0,0,0
40.6904,-74.1784,13,1,1,1
40.7325,-73.9853,23,1,0,0
40.7588,-73.9939,15,1,0,0
40.7196,-73.9624,19,1,0,0
40.7532,-73.9812,19,0,0,0
40.7197,-73.9833,17,1,0,0
40.7212,-73.9992,20,0,0,0
40.776,-73.956,11,0,0,0
40.6951,-74.178,11,0,1,1
40.7156,-73.9585,18,0,0,0
40.7432,-73.982,14,0,0,0
40.7307,-73.9929,4,0,0,0
40.7112,-74.0062,19,0,0,0
40.7159,-73.9867,18,0,0,0
40.7592,-73.9726,16,0,0,0
40.7129,-73.9441,16,0,0,0
40.7593,-73.9881,19,0,0,0
40.7156,-74.0113,13,0,0,0
40.7551,-73.9853,17,0,0,0
40.7647,-73.9822,14,0,0,0
40.7504,-73.974,17,0,0,0
40.7482,-74.0053,21,0,0,0
40.8168,-73.4809,21,1,-1,-1
40.7641,-73.9825,20,0,0,0
40.7243,-73.9577,22,1,0,0
40.7606,-73.999,18,0,0,0
40.7363,-73.991,10,0,0,0
40.7304,-73.982,8,0,0,0
40.726,-73.9896,23,0,0,0
40.781,-73.9593,11,0,0,0
40.7729,-73.956,21,1,0,0
40.7342,-74.008,18,0,0,0
40.7421,-73.9932,21,0,0,0
40.7029,-73.9905,13,0,0,0
40.6885,-73.9634,5,0,0,0
40.755,-73.9858,3,0,0,0
40.7628,-73.9783,11,0,0,0
40.7379,-73.9832,13,0,0,0
40.7678,-73.9831,11,0,0,0
40.7259,-73.9925,21,0,0,0
40.7364,-74.007,19,0,0,0
40.7681,-73.9836,7,0,0,0
40.7429,-73.9844,1,0,0,0
40.729,-73.9831,4,0,0,0
40.8033,-73.9693,18,0,0,0
40.7369,-74.0039,11,0,0,0
40.719,-74.0027,0,1,0,0
40.7689,-73.8671,12,1,0,0
40.677,-74.0132,10,0,0,0
40.7731,-73.8857,13,1,0,0
40.708,-74.0145,20,1,0,0
40.7502,-73.9735,15,0,0,0
40.7328,-73.991,0,0,0,0
40.7169,-74.0327,15,0,0,0
40.7195,-73.9903,20,0,0,0
40.6767,-73.9464,3,0,0,0
40.7754,-73.9579,17,1,0,0
40.7814,-73.9803,16,0,0,0
40.795,-73.9762,9,0,0,0
40.735,-73.9974,17,0,0,0
40.7423,-73.9805,19,0,0,0
40.6507,-73.9497,1,1,0,0
40.7453,-74.0086,14,0,0,0
40.757,-73.9713,19,0,0,0
40.753,-73.9892,12,0,0,0
40.7578,-73.9871,20,0,0,0
40.7779,-73.954,16,1,0,0
40.7426,-74.039,17,1,0,0
40.825,-73.9516,14,0,0,0
40.7532,-73.9977,11,0,0,0
40.7436,-73.9904,0,0,0,0
40.7408,-73.9901,16,0,0,0
40.7465,-73.9776,16,0,0,0
40.7376,-74.0039,21,0,0,0
40.7527,-73.9858,12,0,0,0
40.7401,-73.9973,7,0,0,0
40.7249,-73.9805,14,1,0,0
40.7608,-73.9824,22,0,0,0
40.7629,-73.978,23,0,0,0
40.7485,-73.9393,16,0,0,0
40.7367,-74.0054,15,1,0,0
40.7226,-74.0036,17,0,0,0
40.7083,-74.0009,10,0,0,0
40.6791,-74.0071,20,1,0,0
40.7212,-73.9923,11,0,0,0
40.8273,-73.9447,10,0,0,0
40.7531,-73.9741,19,0,0,0
40.7369,-73.9781,16,0,0,0
40.7409,-73.9765,4,0,0,0
40.7346,-73.991,16,0,0,0
40.7278,-73.9915,21,0,0,0
40.7574,-73.9756,17,0,0,0
40.7513,-73.9936,21,1,0,0
40.7251,-73.9948,6,0,0,0
40.7453,-74.0043,10,1,0,0
40.7752,-73.9538,20,1,0,0
40.7386,-74.0019,13,1,0,0
40.7435,-73.9728,17,0,0,0
40.763,-73.9275,19,1,0,0
40.7552,-73.9756,16,0,0,0
40.7497,-74.0027,14,0,0,0
40.6943,-73.9872,4,1,0,0
40.7327,-73.9878,2,1,0,0
40.757,-73.97,12,0,0,0
40.7639,-73.9684,20,1,0,0
40.7444,-74.0028,9,0,0,0
40.7933,-73.9746,4,0,0,0
40.7654,-73.9702,12,0,0,0
40.6935,-74.1854,14,0,1,1
40.7327,-73.9877,18,0,0,0
40.769,-73.8866,18,1,0,0
40.7706,-73.8655,11,0,0,0
40.7468,-73.9965,17,1,0,0
40.6916,-74.1771,12,0,1,1
40.6889,-73.989,9,0,0,0
40.7261,-74.0075,18,0,0,0
40.7497,-73.9916,12,0,0,0
40.7646,-73.9736,17,0,0,0
40.7239,-73.9858,8,0,0,0
40.7859,-73.9783,7,0,0,0
40.7582,-73.9815,13,0,0,0
40.7219,-73.9944,20,0,0,0
40.6487,-73.9607,16,1,0,0
40.7351,-73.9873,16,0,0,0
40.7848,-73.9761,17,0,0,0
40.6587,-73.9785,22,0,0,0
40.6898,-73.953,18,1,0,0
40.7538,-73.9886,16,0,0,0
40.7542,-73.974,16,0,0,0
40.7681,-73.9292,4,1,0,0
40.7667,-73.9869,8,0,0,0
40.7742,-73.8725,11,0,0,0
40.7472,-73.9813,3,0,0,0
40.7333,-73.9915,20,0,0,0
40.7687,-73.9579,12,0,0,0
40.7537,-73.9681,5,0,0,0
40.743,-74.0076,1,1,0,0
40.7437,-73.9838,2,1,0,0
40.7381,-74.0097,3,1,0,0
40.7513,-73.9698,17,0,0,0
40.7025,-73.9908,21,1,0,0
40.7796,-73.9799,5,0,0,0
40.7641,-73.9886,1,1,0,0
40.7239,-74.0034,17,0,0,0
40.7476,-73.9868,22,0,0,0
40.7781,-73.9611,22,0,0,0
40.7713,-73.9595,19,0,0,0
40.7232,-73.9928,18,0,0,0
40.721,-73.8471,19,0,0,0
40.7794,-73.988,7,0,0,0
40.71,-73.9625,0,0,0,0
40.7479,-73.9836,15,0,0,0
40.6467,-73.7895,5,0,0,0
40.7706,-73.9647,7,1,0,0
40.733,-73.9961,11,0,0,0
40.741,-74.0054,20,0,0,0
40.7678,-73.9162,21,0,0,0
40.7509,-74.0042,19,0,0,0
40.7194,-73.9868,12,0,0,0
40.7632,-73.9707,15,0,0,0
40.687,-73.9774,16,1,0,0
40.7548,-73.9999,16,0,0,0
40.7373,-73.9988,17,1,0,0
40.7184,-73.9871,12,0,0,0
40.7238,-73.9838,18,0,0,0
40.7227,-74.0089,15,0,0,0
40.7855,-73.9554,8,0,0,0
40.7033,-73.9914,12,1,0,0
40.7328,-73.9975,23,0,0,0
40.7254,-73.9981,11,0,0,0
40.7111,-74.0094,17,0,0,0
40.7071,-74.0056,19,0,0,0
40.72,-74.0086,21,0,0,0
40.7743,-73.8714,22,0,0,0
40.7442,-74.0067,2,0,0,0
40.7583,-73.9871,22,1,0,0
40.7453,-73.9868,15,0,0,0
40.7618,-74.0007,23,0,0,0
40.731,-73.9914,15,0,0,0
40.7424,-74.0294,6,0,0,0
40.7244,-73.9982,17,0,0,0
40.7209,-73.9982,21,0,0,0
40.7489,-73.9801,13,1,0,0
40.7267,-73.9993,15,1,0,0
40.6915,-74.1835,11,0,1,1
40.7222,-74.0006,18,1,0,0
40.7336,-73.9582,21,0,0,0
40.7676,-73.9929,18,0,0,0
40.6784,-73.9898,23,0,0,0
40.7555,-73.9837,22,0,0,0
40.7609,-73.9751,17,0,0,0
40.7847,-73.9809,16,0,0,0
40.7913,-73.9697,14,0,0,0
40.758,-73.9749,17,1,0,0
40.6833,-73.9796,9,0,0,0
40.7656,-73.9759,18,0,0,0
40.7395,-74.0061,11,0,0,0
40.7341,-73.9885,13,1,0,0
40.6735,-73.9893,21,1,0,0
40.7612,-73.9993,7,0,0,0
40.7447,-74.003,14,1,0,0
40.739,-73.9873,10,0,0,0
40.7589,-73.9676,14,1,0,0
40.7224,-73.9862,23,1,0,0
40.7595,-73.968,16,0,0,0
40.778,-73.9801,23,0,0,0
40.7464,-73.9441,14,0,0,0
40.7563,-73.9855,14,0,0,0
40.7213,-74.0023,10,0,0,0
40.7715,-73.9831,21,0,0,0
40.7611,-73.9733,20,0,0,0
40.7411,-73.9941,20,1,0,0
40.7606,-73.9871,23,0,0,0
40.7143,-74.0149,1,1,0,0
40.6456,-73.7768,4,0,0,0
40.7191,-73.9831,5,0,0,0
40.7574,-73.9731,19,0,0,0
40.7169,-74.0092,13,0,0,0
40.7151,-74.0079,22,0,0,0
40.7509,-73.9911,19,0,0,0
40.8342,-73.9449,14,1,0,0
40.7494,-73.9924,17,0,0,0
40.7208,-73.988,5,0,0,0
40.7773,-73.9522,13,0,0,0
40.7756,-73.983,9,0,0,0
40.7196,-74.0047,22,0,0,0
40.7688,-73.9538,7,0,0,0
40.745,-73.979,5,1,0,0
40.773,-73.9802,21,0,0,0
40.7003,-73.8077,14,1,0,0
40.7517,-73.9883,14,0,0,0
40.7464,-73.9975,14,0,0,0
40.6425,-73.788,12,1,0,0
40.743,-74.0002,13,1,0,0
40.7517,-73.9823,15,0,0,0
40.7578,-73.9756,9,0,0,0
40.7666,-73.6186,20,0,-1,-1
40.7282,-73.9831,6,0,0,0
40.7742,-73.8725,14,0,0,0
40.7564,-73.9769,21,0,0,0
40.7056,-74.0083,5,0,0,0
40.7289,-73.9473,18,1,0,0
40.6999,-73.9919,15,0,0,0
40.7414,-73.9939,20,0,0,0
40.7178,-73.9577,1,0,0,0
40.7218,-74.002,21,1,0,0
40.6861,-73.9263,3,1,0,0
40.7389,-73.9792,5,0,0,0
40.7327,-74.0044,14,0,0,0
40.7664,-73.9917,14,1,0,0
40.772,-73.9828,23,0,0,0
40.7797,-73.9882,7,0,0,0
40.6467,-73.7776,5,0,0,0
40.8089,-73.9633,17,0,0,0
40.7186,-73.9569,19,0,0,0
40.7734,-73.9547,21,1,0,0
40.7512,-73.9866,0,0,0,0
40.7681,-73.9684,11,0,0,0
40.7642,-73.9732,21,0,0,0
40.7577,-73.9608,13,0,0,0
40.7652,-73.9639,17,0,0,0
40.7523,-73.9933,20,1,0,0
40.8424,-73.9431,7,0,0,0
40.7429,-73.9892,23,1,0,0
40.7638,-73.9776,19,0,0,0
40.7837,-73.9836,3,0,0,0
40.7606,-73.9902,18,0,0,0
40.7398,-73.9951,16,0,0,0
40.7401,-74.0008,15,0,0,0
40.7321,-73.9983,22,0,0,0
40.7435,-73.9798,0,1,0,0
40.6953,-73.9976,16,0,0,0
40.7164,-73.9553,5,0,0,0
40.7396,-73.9942,14,0,0,0
40.7141,-73.9554,7,0,0,0
40.7579,-73.9659,16,0,0,0
40.8236,-73.9427,20,1,0,0
40.7705,-73.9605,7,0,0,0
40.7424,-73.9836,13,0,0,0
40.7602,-73.9724,21,0,0,0
40.7635,-73.975,17,0,0,0
40.7426,-73.996,8,0,0,0
40.7483,-74.0055,7,0,0,0
40.7633,-73.9854,23,0,0,0
40.8931,-73.8999,14,0,0,0
40.7337,-74.0022,15,0,0,0
40.7608,-73.9713,17,0,0,0
40.7223,-73.9832,18,0,0,0
40.649,-73.9321,21,0,0,0
40.6912,-73.9901,8,0,0,0
40.7153,-74.0465,21,0,0,0
40.7738,-73.9823,14,0,0,0
40.7614,-73.9792,17,0,0,0
40.7187,-73.988,8,0,0,0
40.7618,-73.9791,21,0,0,0
40.6883,-73.9728,18,1,0,0
40.7683,-73.8623,21,0,0,0
40.7597,-73.9661,18,0,0,0
40.8309,-73.9269,21,0,0,0
40.7628,-73.9772,21,0,0,0
40.6878,-74.182,16,0,1,1
40.7525,-73.9795,16,0,0,0
40.7273,-74.0057,11,0,0,0
40.7581,-73.9727,16,0,0,0
40.7434,-73.9798,22,0,0,0
40.7526,-73.9847,14,0,0,0
40.7016,-73.9232,13,0,0,0
40.7212,-73.9945,20,0,0,0
40.7515,-73.994,19,0,0,0
40.7306,-74.0039,22,1,0,0
40.7545,-73.8454,17,1,0,0
40.7446,-73.9889,20,0,0,0
40.7149,-74.0113,19,0,0,0
40.7752,-73.9565,20,0,0,0
40.7578,-73.9854,23,0,0,0
40.7525,-73.9801,11,0,0,0
40.7453,-73.9908,22,1,0,0
40.7446,-74.0066,0,0,0,0
40.7616,-73.9696,16,0,0,0
40.6765,-73.9284,21,0,0,0
40.6455,-73.7767,20,1,0,0
40.8181,-73.9606,21,0,0,0
40.7288,-73.9843,17,0,0,0
40.7343,-73.9855,7,0,0,0
40.7293,-73.9919,22,0,0,0
40.7664,-73.9916,14,0,0,0
40.7662,-73.9537,11,0,0,0
40.725,-73.9811,1,1,0,0
40.7268,-73.9873,0,0,0,0
40.681,-73.9967,11,0,0,0
40.7286,-74.0071,16,0,0,0
40.7633,-73.9746,13,0,0,0
40.7098,-74.0119,16,0,0,0
40.7724,-73.9608,20,0,0,0
40.7538,-73.9791,18,0,0,0
40.6935,-73.992,19,1,0,0
40.703,-73.9331,13,0,0,0
40.7607,-73.9737,20,0,0,0
40.7558,-73.9872,17,0,0,0
40.7564,-73.99,21,1,0,0
40.7604,-73.915,23,1,0,0
40.7457,-74.007,14,0,0,0
40.7267,-73.9956,3,1,0,0
40.7505,-73.9743,15,0,0,0
40.7645,-73.9808,12,1,0,0
40.7916,-73.9781,15,0,0,0
40.727,-73.9914,23,0,0,0
40.7526,-74.0062,11,0,0,0
40.7326,-74.0098,8,0,0,0
40.7375,-73.9256,8,0,0,0
40.6962,-73.9083,8,1,0,0
40.7618,-73.9692,7,0,0,0
40.7517,-73.9919,19,0,0,0
40.7915,-73.9781,6,0,0,0
40.7757,-73.9527,14,0,0,0
40.7135,-73.9587,18,0,0,0
40.6458,-73.7766,15,0,0,0
40.717,-73.9913,18,0,0,0
40.7437,-74.0064,8,0,0,0
40.7347,-74.0,0,1,0,0
40.7542,-73.9805,19,0,0,0
40.7284,-74.0031,18,0,0,0
40.7088,-74.0073,7,0,0,0
40.7082,-74.0046,11,0,0,0
40.766,-73.9813,15,0,0,0
40.7731,-73.8855,18,0,0,0
40.6949,-74.1779,21,1,1,1
40.7467,-73.9958,8,0,0,0
40.6897,-73.9658,7,0,0,0
40.777,-73.9515,7,0,0,0
40.774,-73.8726,19,1,0,0
40.7643,-73.9791,16,1,0,0
40.729,-73.9814,8,0,0,0
40.7604,-73.9913,15,0,0,0
40.7453,-74.0082,16,0,0,0
40.7215,-73.9931,21,0,0,0
40.7166,-73.9612,23,0,0,0
40.7662,-73.9817,14,0,0,0
40.7475,-74.0082,19,0,0,0
40.7708,-73.9568,7,0,0,0
40.7764,-73.9497,16,0,0,0
40.7283,-73.981,6,1,0,0
40.6826,-73.9409,8,0,0,0
40.7263,-73.9842,18,0,0,0
40.772,-73.9819,21,0,0,0
40.6887,-73.9289,19,0,0,0
40.7368,-74.1705,21,0,1,1
40.7559,-73.9832,16,0,0,0
40.7558,-73.9706,14,0,0,0
40.7746,-73.9819,10,1,0,0
40.7057,-74.0094,16,0,0,0
40.7648,-73.9783,1,1,0,0
40.775,-73.9613,18,0,0,0
40.6783,-73.9826,18,0,0,0
40.7588,-73.9676,8,0,0,0
40.7441,-73.992,11,0,0,0
40.7211,-74.0043,6,0,0,0
40.7273,-73.9952,16,0,0,0
40.7632,-73.9675,22,1,0,0
40.7309,-74.0045,21,0,0,0
40.7957,-73.9741,17,0,0,0
40.5914,-73.7862,16,0,-1,-1
40.7072,-74.0117,15,0,0,0
40.7596,-73.9679,1,0,0,0
40.8582,-74.0248,2,0,-1,-1
40.7867,-73.9758,4,0,0,0
40.7408,-74.005,3,1,0,0
40.7215,-73.9952,18,0,0,0
40.7269,-73.9915,2,1,0,0
40.7633,-73.9688,15,0,0,0
40.7422,-73.9858,4,0,0,0
40.7349,-73.9911,18,0,0,0
40.7021,-73.9828,17,1,0,0
40.7628,-73.9704,15,0,0,0
40.7831,-73.9726,16,1,0,0
40.7197,-73.9903,15,0,0,0
40.743,-74.0077,21,0,0,0
40.7843,-73.9485,21,0,0,0
40.6442,-73.7838,19,0,0,0
40.676,-74.0169,18,1,0,0
40.7531,-73.9779,17,0,0,0
40.7334,-73.993,11,0,0,0
40.7077,-74.0136,21,1,0,0
40.737,-73.9889,15,0,0,0
40.6464,-73.7771,6,1,0,0
40.7318,-73.9857,22,1,0,0
40.7618,-73.9852,22,0,0,0
40.7734,-73.982,20,1,0,0
40.7109,-73.9518,13,0,0,0
40.6856,-73.9566,9,0,0,0
40.7505,-73.9715,13,0,0,0
40.728,-73.9937,11,0,0,0
40.7767,-73.9795,10,0,0,0
40.7447,-74.0284,18,1,0,0
40.7539,-73.9773,11,1,0,0
40.6756,-73.9779,19,0,0,0
40.7526,-73.9859,15,1,0,0
40.7688,-73.9562,13,0,0,0
40.7622,-73.9661,21,0,0,0
40.7249,-74.0077,12,0,0,0
40.723,-74.0358,19,0,0,0
40.7212,-73.9572,8,0,0,0
40.6407,-73.9757,9,0,0,0
40.7227,-74.0047,19,0,0,0
40.7662,-73.9522,19,0,0,0
40.7548,-73.9799,14,0,0,0
40.8108,-73.9586,3,0,0,0
40.7558,-73.9919,17,0,0,0
40.7612,-73.9932,2,1,0,0
40.6914,-73.9449,20,1,0,0
40.7128,-73.9897,3,0,0,0
40.7684,-73.9659,10,0,0,0
40.6424,-74.0179,20,1,0,0
40.7601,-73.9872,11,0,0,0
40.714,-73.9581,19,0,0,0
40.7242,-74.0001,18,0,0,0
40.7443,-74.0297,16,1,0,0
40.6873,-73.9936,7,0,0,0
40.7771,-73.9781,8,0,0,0
40.7147,-73.9612,9,0,0,0
40.7716,-73.9824,15,1,0,0
40.7237,-74.0103,17,0,0,0
40.7358,-73.976,15,1,0,0
40.7553,-73.9841,20,0,0,0
40.7411,-73.9926,16,1,0,0
40.7441,-73.9921,11,0,0,0
40.7552,-73.9796,16,0,0,0
40.7623,-73.9763,13,0,0,0
40.7202,-73.996,11,0,0,0
40.7739,-73.8719,11,0,0,0
40.762,-73.9777,19,0,0,0
40.7794,-73.9579,11,0,0,0
40.7223,-73.9972,4,0,0,0
40.7153,-73.9917,20,0,0,0
40.7528,-74.0271,21,1,0,0
40.7179,-74.0048,7,0,0,0
40.7716,-73.9563,9,0,0,0
40.7546,-73.9758,12,0,0,0
40.7248,-73.9873,16,0,0,0
40.7198,-73.9995,11,0,0,0
40.7726,-73.9464,9,0,0,0
40.7798,-73.9763,8,0,0,0
40.7628,-73.9774,9,0,0,0
40.7537,-73.9777,10,0,0,0
40.6773,-74.0171,14,0,0,0
40.742,-73.9569,16,0,0,0
40.7549,-73.9714,1,1,0,0
40.7437,-73.9928,18,0,0,0
40.7326,-73.9548,10,0,0,0
40.7757,-73.9508,13,1,0,0
40.7316,-73.9904,19,0,0,0
40.671,-73.9848,0,0,0,0
40.7254,-73.984,21,0,0,0
40.6938,-73.9832,7,0,0,0
40.7617,-73.9749,15,0,0,0
40.6855,-73.9632,22,0,0,0
40.7449,-73.9871,14,0,0,0
40.7528,-73.9925,21,0,0,0
40.7466,-74.0101,21,0,0,0
40.7776,-73.9795,13,0,0,0
40.7626,-73.9897,21,0,0,0
40.7126,-73.9519,8,1,0,0
40.735,-73.9911,23,1,0,0
40.7486,-73.9929,14,0,0,0
40.7698,-73.9606,8,0,0,0
40.7685,-73.9555,20,0,0,0
40.7193,-74.0088,22,0,0,0
40.7423,-73.9989,8,0,0,0
40.7698,-73.8644,18,0,0,0
40.7457,-73.976,7,0,0,0
40.6465,-73.7772,21,1,0,0
40.7279,-73.9958,18,0,0,0
40.76,-73.9684,17,0,0,0
40.723,-73.9975,11,1,0,0
40.72,-73.999,20,0,0,0
40.7723,-73.9671,16,0,0,0
40.7745,-73.9543,11,0,0,0
40.7491,-73.9865,13,0,0,0
40.7669,-73.961,17,0,0,0
40.7753,-73.9766,8,0,0,0
40.7622,-73.9657,9,0,0,0
40.684,-74.0008,17,1,0,0
40.6353,-73.9132,18,1,0,0
40.7059,-74.0097,7,0,0,0
40.7499,-74.0026,20,0,0,0
40.7824,-73.958,7,0,0,0
40.7316,-74.001,21,0,0,0
40.6676,-73.9942,13,0,0,0
40.7381,-74.0088,20,0,0,0
40.7037,-74.013,21,1,0,0
40.7292,-73.9921,0,1,0,0
40.7177,-74.0058,18,1,0,0
40.7702,-73.865,20,1,0,0
40.774,-73.8717,21,0,0,0
40.7646,-73.9165,14,1,0,0
40.6754,-73.9888,15,0,0,0
40.7288,-73.9846,7,1,0,0
40.7546,-73.9916,17,0,0,0
40.7261,-73.9835,21,0,0,0
40.71,-73.9627,20,0,0,0
40.772,-73.9521,6,0,0,0
40.8098,-73.953,15,0,0,0
40.7246,-73.9815,16,1,0,0
40.7584,-73.9867,22,0,0,0
40.7532,-73.9834,5,0,0,0
40.7699,-73.965,10,0,0,0
40.7591,-73.9749,18,0,0,0
40.7215,-73.9976,22,0,0,0
40.7477,-73.9852,15,0,0,0
40.7633,-73.9631,23,0,0,0
40.753,-73.9812,18,0,0,0
40.7329,-74.0002,21,0,0,0
40.7211,-73.9794,8,0,0,0
40.8511,-73.934,20,0,0,0
40.7324,-73.995,9,1,0,0
40.7401,-73.9883,6,0,0,0
40.7098,-74.0147,19,1,0,0
40.7447,-73.995,19,0,0,0
40.749,-73.9884,0,1,0,0
40.7273,-73.992,15,0,0,0
40.7086,-74.0098,19,0,0,0
40.7744,-73.9635,22,0,0,0
40.7196,-74.0006,17,1,0,0
40.7236,-74.008,17,0,0,0
40.6949,-74.1777,15,0,1,1
40.7439,-73.9893,18,0,0,0
40.7477,-73.9863,5,1,0,0
40.7464,-73.9796,9,0,0,0
40.759,-73.9767,14,0,0,0
40.7109,-73.9337,6,0,0,0
40.7333,-73.9581,21,1,0,0
40.7528,-73.9814,7,0,0,0
40.7186,-73.9636,18,1,0,0
40.6465,-73.7894,20,0,0,0
40.714,-74.0146,19,0,0,0
40.7225,-74.0013,11,0,0,0
40.7947,-73.9723,6,1,0,0
40.7585,-73.9673,15,0,0,0
40.7412,-74.0032,8,0,0,0
40.7179,-73.9457,18,0,0,0
40.7598,-73.9918,21,0,0,0
40.7545,-73.9996,3,1,0,0
40.7821,-73.9818,10,1,0,0
40.7372,-73.9962,8,0,0,0
40.739,-73.9944,23,0,0,0
40.7887,-73.9781,15,0,0,0
40.786,-73.979,7,0,0,0
40.7593,-73.9947,1,0,0,0
40.7764,-73.9801,8,0,0,0
40.7551,-73.984,20,0,0,0
40.7884,-73.9688,14,0,0,0
40.7191,-73.9904,0,1,0,0
40.7191,-73.9925,8,1,0,0
40.7261,-74.0039,17,0,0,0
40.7464,-73.9904,11,0,0,0
40.7376,-73.9911,1,1,0,0
40.7323,-73.9926,8,0,0,0
40.6077,-73.9571,18,0,0,0
40.6068,-73.9403,15,1,0,0
40.6859,-73.9942,21,0,0,0
40.7614,-73.9898,8,0,0,0
40.7654,-73.9724,12,0,0,0
40.7524,-73.9734,17,0,0,0
40.7725,-73.9558,6,0,0,0
40.6862,-73.9566,8,0,0,0
40.7729,-73.9818,11,0,0,0
40.7336,-73.9766,17,1,0,0
40.7385,-73.9807,9,1,0,0
40.7518,-74.0077,15,0,0,0
40.7216,-74.0033,10,0,0,0
40.7429,-74.0078,21,1,0,0
40.7708,-73.9836,8,0,0,0
40.7316,-74.0032,17,0,0,0
40.7488,-73.9886,0,1,0,0
40.7644,-73.9714,23,0,0,0
40.7166,-74.0061,14,0,0,0
40.6664,-73.9893,18,1,0,0
40.7433,-74.0069,17,0,0,0
40.7554,-73.9677,15,0,0,0
40.7332,-73.9966,13,0,0,0
40.7034,-73.9897,18,1,0,0
40.7612,-73.9997,7,0,0,0
40.7747,-73.9822,14,0,0,0
40.7594,-73.9822,9,0,0,0
40.769,-73.9522,14,0,0,0
40.7433,-73.9964,8,0,0,0
40.7568,-73.969,23,0,0,0
40.7678,-73.9833,15,0,0,0
40.7517,-73.9944,6,0,0,0
40.7612,-73.9906,21,0,0,0
40.7636,-73.9851,16,1,0,0
40.7739,-73.8723,19,0,0,0
40.779,-73.9622,14,0,0,0
40.7413,-73.9856,17,0,0,0
40.7599,-73.9708,7,0,0,0
40.7256,-73.9788,13,1,0,0
40.7234,-73.9457,11,1,0,0
40.7596,-73.9764,17,0,0,0
40.7173,-74.0159,0,1,0,0
40.7528,-73.978,19,0,0,0
40.7354,-74.0019,11,0,0,0
40.7251,-74.0075,16,0,0,0
40.7709,-73.8659,16,0,0,0
40.7217,-74.0,18,1,0,0
40.6976,-73.9363,21,0,0,0
40.7257,-73.992,1,1,0,0
40.7532,-73.979,17,0,0,0
40.645,-73.782,5,0,0,0
40.7224,-73.997,19,0,0,0
40.7108,-74.0109,14,0,0,0
40.7504,-73.9794,15,0,0,0
40.6699,-73.9832,8,0,0,0
40.7855,-73.9697,17,1,0,0
40.7141,-73.9925,1,1,0,0
40.7268,-73.9957,15,0,0,0
40.762,-73.9716,16,1,0,0
40.7512,-73.9754,16,0,0,0
40.738,-73.9879,20,0,0,0
40.7646,-73.9664,6,0,0,0
40.7664,-73.9864,7,0,0,0
40.7112,-73.9634,8,1,0,0
40.7014,-73.9829,10,0,0,0
40.7648,-73.9535,13,0,0,0
40.657,-73.974,19,0,0,0
40.722,-73.8559,20,0,0,0
40.7279,-74.0001,22,0,0,0
40.711,-74.0062,11,0,0,0
40.7174,-73.9521,1,1,0,0
40.7222,-74.0099,22,0,0,0
40.749,-73.9941,11,0,0,0
40.7871,-73.9563,10,1,0,0
40.7472,-73.9428,15,0,0,0
40.7375,-74.0077,14,1,0,0
40.7343,-74.0076,18,0,0,0
40.7767,-73.949,7,0,0,0
40.7296,-73.9809,7,1,0,0
40.7619,-73.9847,20,0,0,0
40.6899,-73.9801,9,0,0,0
40.7351,-73.9894,16,0,0,0
40.7739,-73.8717,13,1,0,0
40.7421,-73.9877,17,1,0,0
40.7596,-73.9881,17,0,0,0
40.8921,-73.9114,15,0,0,0
40.7207,-74.0019,18,0,0,0
40.7583,-73.9207,18,1,0,0
40.8216,-73.9508,5,0,0,0
40.7274,-73.9853,19,0,0,0
40.7224,-74.0113,19,0,0,0
40.7285,-73.9947,14,0,0,0
40.7524,-73.9861,21,0,0,0
40.764,-73.9732,20,0,0,0
40.7452,-73.994,18,0,0,0
40.7753,-73.9512,21,0,0,0
40.7443,-73.9766,7,0,0,0
40.7499,-73.9898,14,0,0,0
40.7078,-74.0043,7,0,0,0
40.7716,-73.9668,11,0,0,0
40.7703,-73.9579,6,0,0,0
40.7498,-73.9934,8,0,0,0
40.7734,-73.955,16,0,0,0
40.7869,-73.9733,8,0,0,0
40.7767,-73.9892,17,1,0,0
40.7332,-73.9927,7,0,0,0
40.7381,-74.0039,21,1,0,0
40.7723,-73.9559,8,0,0,0
40.7413,-74.0051,1,1,0,0
40.7692,-73.9533,9,0,0,0
40.7343,-73.9786,5,0,0,0
40.7509,-73.9702,11,0,0,0
40.7483,-73.9929,16,0,0,0
40.7558,-73.9918,11,0,0,0
40.7582,-73.9645,17,0,0,0
40.7596,-73.9743,16,0,0,0
40.745,-73.9827,12,0,0,0
40.7888,-73.9781,12,0,0,0
40.7556,-73.9754,20,0,0,0
40.7314,-73.9886,1,1,0,0
40.8217,-73.9449,23,0,0,0
40.6447,-73.7823,20,0,0,0
40.7111,-74.0096,11,1,0,0
40.7293,-74.0022,22,0,0,0
40.7383,-73.9968,5,0,0,0
40.7677,-73.989,23,1,0,0
40.7159,-74.0061,7,0,0,0
40.6915,-74.1772,19,0,1,1
40.7478,-74.0041,21,0,0,0
40.7606,-73.9604,5,0,0,0
40.7215,-73.9463,15,1,0,0
40.7317,-74.0045,16,1,0,0
40.7054,-74.0077,0,0,0,0
40.6882,-73.9529,4,0,0,0
40.7346,-74.0096,12,0,0,0
40.7407,-74.0052,16,0,0,0
40.7467,-74.0077,22,0,0,0
40.7392,-73.9936,22,0,0,0
40.766,-73.9573,17,1,0,0
40.7842,-73.9738,17,1,0,0
40.7442,-73.9872,23,1,0,0
40.7681,-73.959,18,1,0,0
40.7574,-73.9759,18,0,0,0
40.7467,-73.9518,18,0,0,0
40.7293,-74.0071,18,0,0,0
40.7607,-73.9812,7,0,0,0
40.7217,-73.9935,7,0,0,0
40.7522,-73.9264,15,0,0,0
40.7563,-73.9836,19,1,0,0
40.7779,-73.9537,18,1,0,0
40.7733,-73.9528,16,0,0,0
40.7576,-73.9637,12,0,0,0
40.7831,-73.9571,10,1,0,0
40.7488,-73.9959,14,0,0,0
40.7485,-73.9944,2,0,0,0
40.7634,-73.9715,16,0,0,0
40.7585,-73.9738,13,0,0,0
40.7642,-73.9769,19,0,0,0
40.7393,-74.0014,2,1,0,0
40.7182,-73.9988,16,0,0,0
40.775,-73.959,20,0,0,0
40.7172,-73.9597,20,0,0,0
40.724,-73.9929,22,0,0,0
40.7057,-74.008,20,0,0,0
40.7258,-73.9987,12,0,0,0
40.7539,-73.9275,10,0,0,0
40.7673,-73.9112,12,1,0,0
40.7677,-73.992,18,1,0,0
40.7793,-73.951,14,0,0,0
40.7557,-73.992,15,1,0,0
40.748,-73.9731,12,0,0,0
40.7827,-73.949,8,0,0,0
40.7049,-74.0119,10,1,0,0
40.7542,-73.9885,18,0,0,0
40.7547,-73.9839,20,0,0,0
40.7201,-73.9992,19,0,0,0
40.7424,-73.9074,3,0,0,0
40.7741,-73.8724,6,0,0,0
40.7258,-73.9837,19,1,0,0
40.7619,-73.9703,21,1,0,0
40.7193,-73.964,19,1,0,0
40.7402,-73.9236,22,1,0,0
40.7265,-73.9891,4,0,0,0
40.6016,-73.9665,8,0,0,0
40.7499,-73.9765,18,0,0,0
40.7805,-73.9874,7,0,0,0
40.7613,-73.9731,13,0,0,0
40.7554,-73.9681,21,0,0,0
40.7702,-73.9537,7,0,0,0
40.8081,-73.9404,6,0,0,0
40.6808,-73.9836,18,0,0,0
40.7408,-74.0048,6,0,0,0
40.7197,-73.9857,23,0,0,0
40.7549,-73.975,12,0,0,0
40.7644,-73.9689,10,1,0,0
40.7407,-74.0077,23,1,0,0
40.7151,-74.007,15,1,0,0
40.8088,-73.9418,16,1,0,0
40.6713,-73.9715,17,0,0,0
40.6949,-74.1781,11,0,1,1
40.7739,-73.8716,15,0,0,0
40.7708,-73.8657,7,0,0,0
40.7374,-74.0083,17,0,0,0
40.7594,-73.9763,14,0,0,0
40.7601,-73.9828,0,0,0,0
40.8486,-73.9402,8,0,0,0
40.738,-73.9901,13,1,0,0
40.7441,-73.9835,23,0,0,0
40.734,-73.9896,7,0,0,0
40.7557,-73.9732,17,0,0,0
40.7607,-73.958,21,0,0,0
40.7075,-74.0121,17,0,0,0
40.6087,-73.9586,11,0,0,0
40.7511,-74.0045,18,0,0,0
40.7617,-73.9663,17,0,0,0
40.723,-74.0068,15,1,0,0
40.7192,-73.9902,15,0,0,0
40.7508,-73.9741,22,0,0,0
40.7532,-73.9844,11,0,0,0
40.7612,-73.9734,12,0,0,0
40.7436,-73.9881,20,0,0,0
40.7108,-74.0157,4,1,0,0
40.7261,-73.996,17,0,0,0
40.7142,-74.0072,18,1,0,0
40.7659,-73.9548,16,1,0,0
40.837,-73.9483,20,0,0,0
40.7887,-73.9763,5,0,0,0
40.6878,-74.1818,23,0,1,1
40.7222,-74.0006,18,0,0,0
40.7701,-73.9573,10,1,0,0
40.7595,-73.9822,17,0,0,0
40.7757,-73.9209,22,0,0,0
40.7456,-74.007,7,1,0,0
40.7646,-73.9688,17,0,0,0
40.7369,-74.0033,20,0,0,0
40.7537,-73.9924,16,0,0,0
40.7236,-74.0035,21,1,0,0
40.7314,-74.0034,21,0,0,0
40.7611,-73.9732,15,0,0,0
40.7016,-73.9887,20,0,0,0
40.7264,-74.0026,17,0,0,0
40.7417,-73.9749,10,0,0,0
40.6273,-73.9686,13,0,0,0
40.7183,-73.9863,12,0,0,0
40.7741,-73.8725,16,1,0,0
40.7493,-73.9922,22,0,0,0
40.7214,-73.988,16,1,0,0
40.7624,-73.9717,14,0,0,0
40.79,-73.9665,14,0,0,0
40.7776,-73.9532,9,0,0,0
40.7572,-73.9824,19,0,0,0
40.7836,-73.9793,11,0,0,0
40.7743,-73.9491,19,0,0,0
40.725,-73.9729,3,1,0,0
40.7437,-73.9907,11,1,0,0
40.7624,-73.9823,15,0,0,0
40.7413,-73.9931,17,0,0,0
40.9089,-73.8118,6,0,0,-1
40.7715,-73.981,18,1,0,0
40.7586,-73.9715,20,0,0,0
40.7411,-73.9845,17,0,0,0
40.7427,-74.0077,13,0,0,0
40.7319,-74.0087,3,1,0,0
40.7135,-73.9589,0,0,0,0
40.7702,-73.8647,15,1,0,0
40.7386,-73.9918,16,0,0,0
40.7502,-73.9949,9,0,0,0
40.7601,-73.9599,3,0,0,0
40.7408,-73.9893,13,0,0,0
40.7217,-74.0044,11,0,0,0
40.7902,-73.9658,17,1,0,0
40.7231,-74.0053,15,1,0,0
40.7161,-73.9608,19,0,0,0
40.6415,-73.7891,18,0,0,0
40.7202,-73.9873,23,1,0,0
40.73,-73.9994,22,1,0,0
40.7391,-73.9895,20,0,0,0
40.7232,-74.0074,0,1,0,0
40.7333,-73.9762,13,0,0,0
40.74,-74.0399,15,1,0,0
40.7268,-73.9945,21,0,0,0
40.7193,-73.9643,4,0,0,0
40.7732,-73.8858,9,0,0,0
40.705,-74.0097,11,0,0,0
40.7633,-73.9854,21,0,0,0
40.7642,-73.9768,14,0,0,0
40.7534,-73.9865,10,0,0,0
40.7706,-73.9921,18,1,0,0
40.7375,-73.9255,7,0,0,0
40.6448,-73.7822,14,0,0,0
40.7424,-73.997,18,0,0,0
40.7194,-74.0101,13,0,0,0
40.7558,-73.9834,6,1,0,0
40.6485,-73.7827,21,0,0,0
40.761,-73.9671,17,0,0,0
40.7493,-74.0029,9,0,0,0
40.7071,-74.0046,16,0,0,0
40.7662,-73.9816,20,0,0,0
40.7625,-73.9924,23,0,0,0
40.7262,-74.0057,15,1,0,0
40.6935,-73.9844,16,0,0,0
40.7684,-73.9867,15,0,0,0
40.7566,-73.9615,21,0,0,0
40.7396,-73.9889,18,0,0,0
40.6449,-73.7822,6,0,0,0
40.7242,-73.9829,9,0,0,0
40.7152,-74.0131,22,1,0,0
40.7323,-73.9808,7,0,0,0
40.7793,-73.9809,21,1,0,0
40.7523,-73.9856,8,0,0,0
40.6447,-73.782,5,0,0,0
40.7639,-73.9724,20,0,0,0
40.7387,-73.9942,21,0,0,0
40.7706,-73.8651,13,0,0,0
40.7644,-73.9885,18,0,0,0
40.7238,-73.9986,14,0,0,0
40.6904,-73.9537,15,1,0,0
40.7812,-73.9724,11,0,0,0
40.7394,-73.9906,19,0,0,0
40.739,-73.9896,16,0,0,0
40.7419,-73.9851,19,0,0,0
40.7701,-73.8647,14,0,0,0
40.7325,-73.9901,22,0,0,0
40.7655,-73.9723,18,1,0,0
40.7625,-73.9719,20,0,0,0
40.741,-74.0019,19,0,0,0
40.6777,-73.9624,0,0,0,0
40.78,-73.9609,9,0,0,0
40.7186,-74.0077,21,0,0,0
40.7408,-74.0049,2,1,0,0
40.7402,-73.9889,18,0,0,0
40.7604,-73.9766,18,0,0,0
40.7268,-73.9909,6,0,0,0
40.7336,-73.9968,23,1,0,0
40.7699,-73.9924,14,0,0,0
40.7707,-73.9609,7,0,0,0
40.7754,-73.946,10,1,0,0
40.7406,-74.0044,21,0,0,0
40.7397,-74.0064,2,1,0,0
40.8255,-73.9438,19,0,0,0
40.7248,-73.9443,12,1,0,0
40.6922,-73.9548,7,1,0,0
40.7704,-73.9685,16,1,0,0
40.7115,-74.0102,13,0,0,0
40.6453,-73.7823,17,0,0,0
40.7398,-73.9968,7,1,0,0
40.7584,-73.9844,21,0,0,0
40.7637,-73.9753,15,0,0,0
40.7631,-73.9697,18,0,0,0
40.7446,-73.9913,6,0,0,0
40.7388,-74.007,8,0,0,0
40.7141,-74.0114,19,0,0,0
40.7405,-74.0042,15,0,0,0
40.7036,-74.011,22,0,0,0
40.7799,-73.7325,10,0,0,0
40.7646,-73.9705,17,0,0,0
40.7081,-74.0141,19,0,0,0
40.7243,-74.002,13,1,0,0
40.6657,-73.9615,14,1,0,0
40.759,-73.9814,15,0,0,0
40.7508,-74.0056,19,0,0,0
40.744,-73.9887,9,0,0,0
40.7715,-73.8663,16,0,0,0
40.7879,-73.9786,19,0,0,0
40.7571,-73.9826,13,0,0,0
40.7128,-73.9653,13,0,0,0
40.7518,-74.0022,15,0,0,0
40.7652,-73.9616,17,1,0,0
40.7387,-74.0017,3,0,0,0
40.7645,-73.985,19,0,0,0
40.7435,-73.9847,16,0,0,0
40.744,-74.0067,20,0,0,0
40.8585,-73.5813,18,0,-1,-1
40.7825,-73.9728,9,0,0,0
40.7295,-73.987,21,1,0,0
40.7164,-74.0096,17,1,0,0
40.7581,-73.9817,16,0,0,0
40.744,-73.974,21,0,0,0
40.7287,-73.9958,19,1,0,0
40.6755,-73.9563,1,0,0,0
40.7736,-73.9835,22,0,0,0
40.7868,-73.9757,23,0,0,0
40.7507,-73.9763,20,0,0,0
40.7637,-73.9766,8,0,0,0
40.7034,-74.0118,18,0,0,0
40.7025,-73.9904,12,1,0,0
40.6387,-74.0195,1,0,0,0
40.7195,-73.9933,22,0,0,0
40.7555,-73.9946,16,0,0,0
40.7584,-73.8341,16,0,0,0
40.7636,-73.9712,17,0,0,0
40.6464,-73.7902,17,0,0,0
40.7225,-73.9976,16,0,0,0
40.7129,-73.959,20,0,0,0
40.7311,-73.984,8,0,0,0
40.7287,-73.9993,8,0,0,0
40.7598,-73.9782,16,0,0,0
40.7422,-73.991,15,1,0,0
40.6728,-73.9919,17,0,0,0
40.779,-73.9538,19,0,0,0
40.7732,-73.8858,10,0,0,0
40.7602,-73.9878,0,1,0,0
40.7485,-73.99,13,0,0,0
40.737,-74.0093,15,1,0,0
40.7622,-73.9936,2,1,0,0
40.703,-73.9946,20,0,0,0
40.717,-74.0073,22,0,0,0
40.7804,-73.9463,6,0,0,0
40.7514,-73.9939,16,1,0,0
40.7314,-73.9885,9,1,0,0
40.6973,-73.96,17,0,0,0
40.7645,-73.9738,15,0,0,0
40.7603,-73.9747,15,0,0,0
40.755,-73.9979,23,1,0,0
40.7661,-73.9262,9,1,0,0
40.8224,-73.956,7,0,0,0
40.779,-73.9597,7,0,0,0
40.7716,-73.9489,7,0,0,0
40.7351,-73.9852,21,0,0,0
40.7332,-73.9889,7,0,0,0
40.7287,-74.0068,10,0,0,0
40.7255,-74.0032,0,1,0,0
40.7251,-73.9809,16,1,0,0
40.7447,-74.0025,4,1,0,0
40.6554,-73.9621,14,1,0,0
40.7638,-73.9799,18,0,0,0
40.7454,-73.9469,21,1,0,0
40.7188,-73.9924,1,1,0,0
40.7326,-73.9913,15,0,0,0
40.7532,-73.9698,12,1,0,0
40.72,-74.0103,8,0,0,0
40.7861,-73.9711,4,0,0,0
40.7579,-73.9712,20,0,0,0
40.762,-73.974,13,0,0,0
40.8351,-73.9453,9,0,0,0
40.7595,-73.9717,20,0,0,0
40.7499,-73.9779,1,1,0,0
40.7085,-74.0048,14,1,0,0
40.7801,-73.9513,22,0,0,0
40.7529,-73.9834,8,0,0,0
40.7152,-73.9929,9,0,0,0
40.7443,-73.9854,14,1,0,0
40.7397,-74.0026,0,1,0,0
40.7414,-74.0028,21,0,0,0
40.7574,-73.9896,22,0,0,0
40.8053,-73.9516,13,0,0,0
40.7256,-73.9951,21,0,0,0
40.7743,-73.9776,21,0,0,0
40.7563,-73.9732,8,1,0,0
40.6899,-74.1781,9,0,1,1
40.6609,-73.9943,4,1,0,0
40.6873,-73.7859,16,0,0,0
40.7587,-73.985,14,0,0,0
40.7252,-73.9834,0,0,0,0
40.7989,-73.9706,10,0,0,0
40.7799,-73.9752,6,0,0,0
40.7402,-73.9799,19,0,0,0
40.78,-73.9845,9,0,0,0
40.7896,-73.9431,8,0,0,0
40.8044,-73.9664,23,1,0,0
40.6861,-74.0037,21,1,0,0
40.7394,-73.9899,18,0,0,0
40.7297,-73.9987,16,0,0,0
40.7468,-73.9937,19,0,0,0
40.7632,-73.9738,14,1,0,0
40.7522,-74.0044,7,0,0,0
40.7256,-73.9972,16,1,0,0
40.7868,-73.9719,4,1,0,0
40.7142,-73.9496,9,1,0,0
40.6699,-73.988,13,0,0,0
40.7286,-74.0001,14,1,0,0
40.7598,-73.9955,11,0,0,0
40.8163,-73.9394,7,0,0,0
40.7646,-73.9688,15,1,0,0
40.7342,-73.9878,0,0,0,0
40.7309,-74.0062,18,0,0,0
40.7252,-73.9923,23,0,0,0
40.7335,-73.99,8,0,0,0
40.7053,-74.0172,9,0,0,0
40.747,-73.9837,18,0,0,0
40.7129,-73.9954,19,0,0,0
40.7639,-73.9976,23,1,0,0
40.7351,-73.9975,23,0,0,0
40.695,-74.178,5,0,1,1
40.7232,-74.003,19,0,0,0
40.7222,-73.9996,12,0,0,0
40.7255,-73.9768,12,0,0,0
40.7837,-73.9504,22,1,0,0
40.6455,-73.7803,19,1,0,0
40.7429,-74.0061,18,0,0,0
40.7427,-73.9378,22,0,0,0
40.755,-73.9727,7,0,0,0
40.7539,-73.971,18,0,0,0
40.7713,-73.9623,19,0,0,0
40.7587,-73.9704,16,0,0,0
40.7115,-74.0076,16,0,0,0
40.7509,-73.9807,18,0,0,0
40.6917,-74.177,16,0,1,1
40.6434,-73.7896,22,1,0,0
40.7115,-74.0057,12,1,0,0
40.7513,-73.9801,21,0,0,0
40.7109,-74.0161,20,0,0,0
40.7225,-73.9976,18,0,0,0
40.7238,-73.9968,18,0,0,0
40.7518,-74.0033,7,0,0,0
40.7585,-73.9659,18,0,0,0
40.7447,-73.9992,8,0,0,0
40.7434,-73.9925,16,0,0,0
40.732,-73.9998,22,0,0,0
40.7619,-73.9717,17,0,0,0
40.7212,-73.9878,0,0,0,0
40.7346,-73.9925,18,0,0,0
40.7557,-73.996,7,0,0,0
40.7406,-74.0078,14,0,0,0
40.7612,-73.9785,17,0,0,0
40.6941,-73.9997,14,1,0,0
40.7232,-73.9565,12,1,0,0
40.7741,-73.8725,9,0,0,0
40.7878,-73.9495,22,1,0,0
40.7382,-73.9865,18,1,0,0
40.7381,-73.9876,15,0,0,0
40.7562,-73.9675,9,0,0,0
40.7511,-73.9827,12,0,0,0
40.7255,-73.995,21,0,0,0
40.7111,-74.0058,9,0,0,0
40.7589,-73.9794,12,0,0,0
40.6471,-73.7891,19,0,0,0
40.7111,-74.0056,6,0,0,0
40.7347,-73.981,7,1,0,0
40.6465,-73.7896,4,1,0,0
40.7384,-73.9855,7,0,0,0
40.6831,-73.996,21,0,0,0
40.723,-74.008,17,0,0,0
40.7435,-73.9745,19,0,0,0
40.741,-74.0075,22,1,0,0
40.8855,-73.9062,6,1,0,0
40.6141,-73.9276,13,0,0,0
40.805,-73.9388,22,1,0,0
40.644,-73.7827,23,0,0,0
40.7,-73.9475,16,0,0,0
40.7388,-73.8735,17,0,0,0
40.6868,-73.9523,23,1,0,0
40.775,-73.9631,15,0,0,0
40.7352,-74.0054,7,0,0,0
40.7461,-74.0045,20,0,0,0
40.7276,-73.9874,8,0,0,0
40.7047,-74.013,18,0,0,0
40.7639,-73.9706,15,0,0,0
40.7645,-73.9767,19,0,0,0
40.7145,-73.9661,21,1,0,0
40.7796,-73.9461,4,0,0,0
40.7301,-74.0041,7,0,0,0
40.7152,-74.0129,22,0,0,0
40.7606,-73.9966,18,0,0,0
40.737,-74.0014,21,0,0,0
40.7582,-73.9922,8,0,0,0
40.7373,-73.9986,12,1,0,0
40.7208,-73.9897,6,0,0,0
40.7647,-73.9807,20,0,0,0
40.7375,-74.009,7,0,0,0
40.7583,-73.972,8,0,0,0
40.7711,-73.8662,7,0,0,0
40.7375,-74.0311,23,0,0,0
40.7591,-73.9725,16,0,0,0
40.7422,-74.0042,21,1,0,0
40.7588,-73.9729,15,0,0,0
40.7579,-73.982,16,0,0,0
40.7276,-73.9914,23,0,0,0
40.8177,-73.9417,21,1,0,0
40.7279,-73.9875,22,0,0,0
40.7272,-73.9918,2,1,0,0
40.7502,-73.9946,21,0,0,0
40.7758,-73.9586,6,0,0,0
40.7724,-73.9669,11,0,0,0
40.7711,-73.8661,22,0,0,0
40.7758,-73.9608,10,0,0,0
40.7046,-74.0113,22,0,0,0
40.6916,-73.9847,10,0,0,0
40.7502,-73.9791,15,0,0,0
40.7493,-74.0032,9,0,0,0
40.7516,-73.9714,6,0,0,0
40.7109,-73.9337,21,1,0,0
40.7655,-73.9778,0,1,0,0
40.7617,-73.9709,18,1,0,0
40.8179,-73.944,6,0,0,0
40.6359,-74.0266,7,0,0,0
40.7823,-73.9815,18,0,0,0
40.6961,-73.9886,1,1,0,0
40.7525,-73.9933,10,0,0,0
40.8294,-73.9284,20,0,0,0
40.6755,-73.9677,15,0,0,0
40.703,-73.9907,22,0,0,0
40.7324,-73.9895,12,1,0,0
40.7338,-73.9555,20,0,0,0
40.7623,-73.975,17,1,0,0
40.765,-73.9804,12,1,0,0
40.7694,-73.9515,17,0,0,0
40.7395,-74.0019,0,0,0,0
40.6485,-73.7836,20,0,0,0
40.7097,-73.9595,14,0,0,0
40.7442,-73.9889,17,0,0,0
40.7639,-73.9813,10,0,0,0
40.719,-73.9965,23,1,0,0
40.75,-73.9727,14,0,0,0
40.6887,-73.9895,21,0,0,0
40.7524,-73.978,17,1,0,0
40.7375,-73.9994,11,0,0,0
40.7742,-73.9453,9,0,0,0
40.6934,-73.9872,15,0,0,0
40.7621,-73.9165,12,1,0,0
40.7613,-73.9729,15,0,0,0
40.767,-73.9659,15,0,0,0
40.7291,-73.9873,9,0,0,0
40.7498,-73.9834,20,0,0,0
40.7238,-73.9568,16,0,0,0
40.7559,-73.9238,13,1,0,0
40.7224,-73.9431,8,0,0,0
40.7645,-73.9707,16,0,0,0
40.7255,-73.9839,23,0,0,0
40.7387,-73.9961,16,0,0,0
40.8152,-73.9416,21,0,0,0
40.7613,-73.9979,18,0,0,0
40.7412,-74.0018,16,0,0,0
40.7764,-73.9895,8,1,0,0
40.7174,-73.9993,14,0,0,0
40.7382,-73.9858,16,0,0,0
40.7352,-73.9954,10,1,0,0
40.7253,-73.9813,0,1,0,0
40.7188,-73.9862,11,1,0,0
40.7313,-74.0103,13,0,0,0
40.7514,-73.9755,16,1,0,0
40.7475,-73.9831,15,0,0,0
40.7125,-73.9625,12,1,0,0
40.7592,-73.9827,20,0,0,0
40.7194,-73.982,9,0,0,0
40.7303,-73.9927,21,1,0,0
40.7461,-74.0021,17,1,0,0
40.7255,-74.0047,13,1,0,0
40.7297,-73.9787,17,0,0,0
40.7433,-73.9914,19,0,0,0
40.7277,-74.0003,21,0,0,0
40.7406,-73.9893,4,0,0,0
40.7762,-73.9898,22,0,0,0
40.7017,-73.9773,19,0,0,0
40.7582,-74.0003,18,0,0,0
40.7548,-73.9852,0,0,0,0
40.766,-73.9698,13,0,0,0
40.784,-73.9723,23,0,0,0
40.6813,-73.9964,14,1,0,0
40.7742,-73.8724,13,0,0,0
40.7817,-73.9548,15,0,0,0
40.7618,-74.0009,15,0,0,0
40.6097,-73.7537,4,0,2,-1
40.7357,-74.0033,13,0,0,0
40.7112,-73.9526,17,0,0,0
40.7425,-73.9933,18,0,0,0
40.7668,-73.987,19,1,0,0
40.7394,-73.9977,17,0,0,0
40.7487,-73.985,11,0,0,0
40.6448,-73.7826,16,0,0,0
40.7421,-73.9849,17,0,0,0
40.7714,-73.9594,18,0,0,0
40.6431,-73.7895,15,1,0,0
40.7154,-74.0074,10,0,0,0
40.7723,-73.9825,20,0,0,0
40.7039,-73.9904,14,0,0,0
40.7767,-73.9451,22,0,0,0
40.6666,-73.988,19,0,0,0
40.7614,-73.984,17,0,0,0
40.7648,-73.9819,19,0,0,0
40.7239,-73.9898,6,0,0,0
40.7655,-73.9628,12,0,0,0
40.7167,-74.0082,20,1,0,0
40.7453,-73.9786,19,0,0,0
40.6652,-73.9797,21,0,0,0
40.756,-73.9965,7,0,0,0
40.7352,-74.0084,20,0,0,0
40.8483,-73.8445,11,0,0,0
40.7498,-73.9392,12,0,0,0
40.7589,-73.9884,21,0,0,0
40.7305,-73.9937,7,0,0,0
40.6483,-73.7828,15,0,0,0
40.7288,-73.9903,3,0,0,0
40.8126,-73.9385,21,0,0,0
40.7399,-74.0024,7,0,0,0
40.7297,-73.9916,9,0,0,0
40.7082,-74.1864,17,0,1,1
40.707,-73.9323,23,0,0,0
40.7257,-73.9838,8,0,0,0
40.7799,-73.977,10,0,0,0
40.6993,-73.8904,23,1,0,0
40.721,-73.8549,20,0,0,0
40.7405,-74.0056,14,0,0,0
40.7665,-73.9782,9,0,0,0
40.7532,-73.9875,13,0,0,0
40.7609,-73.9754,21,0,0,0
40.7162,-73.9564,20,0,0,0
40.7746,-73.9558,9,0,0,0
40.7395,-74.0025,0,1,0,0
40.7407,-73.9919,2,0,0,0
40.7362,-74.0291,0,1,0,0
40.7234,-73.9913,20,1,0,0
40.7453,-73.9787,18,0,0,0
40.7199,-74.0074,7,0,0,0
40.7194,-74.0025,9,1,0,0
40.7231,-73.9973,20,0,0,0
40.7636,-73.9725,15,0,0,0
40.7385,-74.0334,14,1,0,0
40.7417,-73.8727,5,0,0,0
40.7508,-73.9906,1,1,0,0
40.7635,-73.9809,15,0,0,0
40.7613,-73.9779,18,1,0,0
40.7296,-73.9575,23,1,0,0
40.7326,-73.9911,12,0,0,0
40.723,-73.993,10,0,0,0
40.6702,-73.9528,9,0,0,0
40.7151,-74.016,20,1,0,0
40.6949,-73.9832,8,0,0,0
40.7637,-73.9728,11,1,0,0
40.7542,-73.9905,18,0,0,0
40.7772,-73.9541,15,0,0,0
40.7229,-73.989,0,1,0,0
40.8267,-73.9267,22,0,0,0
40.7423,-74.0045,23,0,0,0
40.785,-73.9558,17,0,0,0
40.7843,-73.9513,17,0,0,0
40.7932,-73.9742,15,1,0,0
40.7568,-73.9817,7,0,0,0
40.7041,-74.0107,12,0,0,0
40.705,-74.0133,15,0,0,0
40.7705,-73.9684,20,1,0,0
40.735,-73.9859,10,0,0,0
40.6792,-73.9956,20,0,0,0
40.7566,-73.9864,22,0,0,0
40.7736,-73.9634,8,0,0,0
40.785,-73.9536,8,0,0,0
40.6953,-73.9258,18,0,0,0
40.7437,-73.9857,7,0,0,0
40.6665,-73.9378,9,0,0,0
40.7431,-73.9932,4,0,0,0
40.6452,-73.7821,23,0,0,0
40.7603,-73.9865,20,1,0,0
40.7153,-74.0046,16,0,0,0
40.749,-73.98,14,1,0,0
40.7118,-73.9624,7,0,0,0
40.7649,-73.9627,7,0,0,0
40.8085,-73.9433,8,0,0,0
40.7459,-73.9901,15,0,0,0
40.7413,-73.9813,2,1,0,0
40.7347,-74.0002,20,0,0,0
40.728,-73.9961,0,1,0,0
40.7912,-73.9756,10,0,0,0
40.7202,-73.997,23,0,0,0
40.6417,-73.7891,15,0,0,0
40.7264,-73.9985,7,1,0,0
40.7447,-73.9949,18,0,0,0
40.7538,-73.9885,9,0,0,0
40.7209,-73.9957,19,0,0,0
40.7519,-74.004,2,0,0,0
40.7228,-74.0047,23,1,0,0
40.7428,-74.0018,17,0,0,0
40.7223,-73.9881,23,0,0,0
40.7758,-73.9528,19,1,0,0
40.7543,-73.9733,5,1,0,0
40.7187,-74.0026,13,0,0,0
40.714,-74.0145,15,0,0,0
40.7287,-73.9942,21,0,0,0
40.7186,-73.9618,19,0,0,0
40.7231,-73.9975,20,0,0,0
40.767,-73.9792,14,1,0,0
40.7439,-74.0066,0,1,0,0
40.7191,-73.9997,20,0,0,0
40.7424,-74.0044,16,1,0,0
40.7556,-73.9747,17,0,0,0
40.7486,-74.0081,19,0,0,0
40.7619,-73.9753,14,0,0,0
40.7422,-74.0061,22,1,0,0
40.7051,-74.0074,9,0,0,0
40.7351,-73.982,1,1,0,0
40.7741,-73.8725,15,0,0,0
40.7456,-73.9904,22,0,0,0
40.7465,-73.9841,7,0,0,0
40.695,-73.9333,20,0,0,0
40.7793,-73.959,21,1,0,0
40.6874,-73.9593,8,0,0,0
40.7404,-74.006,18,0,0,0
40.7398,-74.0023,21,0,0,0
40.6749,-73.9877,18,0,0,0
40.7512,-73.9786,10,0,0,0
40.7689,-73.8898,10,0,0,0
40.6785,-73.9899,21,0,0,0
40.6947,-74.1777,9,0,1,1
40.72,-73.9988,23,0,0,0
40.7482,-73.9883,12,0,0,0
40.8051,-73.9392,18,0,0,0
40.7275,-74.0073,15,0,0,0
40.7099,-74.0079,10,0,0,0
40.783,-73.9711,21,1,0,0
40.7548,-73.9841,18,0,0,0
40.7434,-73.9803,16,0,0,0
40.7949,-73.9724,4,0,0,0
40.7061,-74.0051,5,0,0,0
40.6288,-73.957,7,1,0,0
40.7657,-73.9599,9,0,0,0
40.7612,-73.9873,21,0,0,0
40.7249,-73.7063,7,0,0,0
40.7642,-73.9545,17,0,0,0
40.7639,-73.9733,11,0,0,0
40.7384,-73.9805,12,0,0,0
40.7684,-73.9847,14,1,0,0
40.7548,-73.9878,0,0,0,0
40.7629,-73.9653,23,0,0,0
40.7639,-73.9753,19,0,0,0
40.7193,-73.9971,6,0,0,0
40.7154,-74.0004,6,0,0,0
40.7058,-74.0084,7,0,0,0
40.8219,-73.8974,23,0,0,0
40.6793,-73.9721,20,0,0,0
40.7216,-74.0111,23,0,0,0
40.7592,-73.9792,11,0,0,0
40.7726,-73.9456,22,0,0,0
40.7358,-74.006,23,0,0,0
40.6787,-73.9684,16,0,0,0
40.7414,-74.004,14,0,0,0
40.718,-73.9902,9,0,0,0
40.7595,-73.9737,23,0,0,0
40.7069,-73.9511,7,0,0,0
40.7403,-74.0397,23,0,0,0
40.7496,-73.9473,19,0,0,0
40.6965,-73.9246,21,0,0,0
40.6761,-73.9753,11,1,0,0
40.7801,-73.975,15,0,0,0
40.7608,-73.978,19,0,0,0
40.774,-73.8727,21,0,0,0
40.7348,-74.0038,14,1,0,0
40.745,-74.0393,7,0,0,0
40.7757,-73.9639,15,0,0,0
40.7831,-73.9552,10,0,0,0
40.6466,-73.7896,17,0,0,0
40.737,-74.0053,21,0,0,0
40.7559,-73.5863,9,1,9,6
40.6878,-73.9937,10,0,0,0
40.7164,-73.942,7,1,0,0
40.6796,-73.8933,23,1,0,0
40.762,-73.9706,12,0,0,0
40.645,-73.7819,20,0,0,0
40.723,-73.9893,8,1,0,0
40.7606,-73.9732,20,0,0,0
40.769,-73.9613,8,0,0,0
40.7238,-73.9982,22,0,0,0
40.7642,-73.971,17,0,0,0
40.7664,-73.9858,6,0,0,0
40.7461,-73.9822,17,0,0,0
40.7077,-74.0058,11,1,0,0
40.7563,-73.9939,20,0,0,0
40.7351,-74.1909,18,0,1,1
40.7275,-73.9795,7,0,0,0
40.7812,-73.9535,12,0,0,0
40.7553,-73.9726,20,1,0,0
40.774,-73.8727,17,1,0,0
40.7587,-73.9704,21,0,0,0
40.6875,-74.0007,11,0,0,0
40.7498,-73.9847,5,0,0,0
40.7357,-74.0006,23,1,0,0
40.7497,-73.9773,9,0,0,0
40.7554,-73.9868,12,1,0,0
40.7287,-73.9986,19,1,0,0
40.742,-74.0046,21,0,0,0
40.7834,-73.9743,15,1,0,0
40.7748,-73.9611,6,0,0,0
40.7155,-74.0132,19,0,0,0
40.7616,-73.907,14,0,0,0
40.7741,-73.8726,18,0,0,0
40.7368,-74.0039,19,0,0,0
40.684,-73.9835,22,0,0,0
40.7703,-73.9834,6,0,0,0
40.7764,-73.9897,10,0,0,0
40.7273,-73.9469,6,1,0,0
40.8009,-73.9612,6,0,0,0
40.7425,-73.9919,19,0,0,0
40.7201,-73.994,23,1,0,0
40.7638,-73.974,15,0,0,0
40.7303,-73.9901,6,0,0,0
40.7495,-73.9716,17,1,0,0
40.7445,-73.9913,16,0,0,0
40.7412,-73.9963,21,0,0,0
40.756,-73.9711,21,0,0,0
40.7647,-73.9706,19,0,0,0
40.7259,-73.955,20,0,0,0
40.773,-73.9783,15,1,0,0
40.7881,-73.9766,0,1,0,0
40.7053,-74.0172,8,0,0,0
40.7272,-73.992,2,1,0,0
40.7516,-73.9941,22,1,0,0
40.7398,-73.9824,15,0,0,0
40.717,-73.9896,13,0,0,0
40.7369,-73.9916,17,0,0,0
40.7296,-73.9805,9,0,0,0
40.7163,-74.0128,12,1,0,0
40.7701,-73.9877,19,0,0,0
40.765,-73.9809,13,0,0,0
40.7255,-73.9803,10,0,0,0
40.6794,-74.0117,16,0,0,0
40.7676,-73.9597,6,0,0,0
40.7379,-73.9964,20,1,0,0
40.7647,-73.9821,17,0,0,0
40.7525,-73.9816,15,0,0,0
40.6719,-73.9365,15,0,0,0
40.7223,-73.9888,10,0,0,0
40.6988,-73.9577,22,0,0,0
40.7771,-73.9779,7,0,0,0
40.7221,-73.9944,0,0,0,0
40.7447,-73.9913,6,0,0,0
40.6751,-74.0166,20,0,0,0
40.7254,-73.9781,22,0,0,0
40.7094,-74.0093,10,0,0,0
40.7613,-73.964,18,0,0,0
40.7825,-73.9764,5,0,0,0
40.8735,-73.9077,18,0,0,0
40.7637,-73.9735,20,1,0,0
40.7541,-73.9783,16,0,0,0
40.7207,-73.9624,15,1,0,0
40.7589,-73.9768,20,1,0,0
40.7237,-74.011,18,1,0,0
40.7824,-73.9807,7,0,0,0
40.7418,-74.001,3,1,0,0
40.7685,-73.8625,18,0,0,0
40.6339,-74.0349,8,0,0,0
40.7527,-73.9688,18,0,0,0
40.731,-73.9841,2,1,0,0
40.741,-73.9922,20,0,0,0
40.7187,-73.9889,20,1,0,0
40.7289,-73.9949,17,0,0,0
40.7301,-73.9565,19,1,0,0
40.7274,-73.9886,16,0,0,0
40.7229,-73.9945,21,0,0,0
40.7541,-73.9725,18,0,0,0
40.713,-73.9972,4,0,0,0
40.7924,-73.9264,13,1,0,0
40.6886,-73.956,6,0,0,0
40.7939,-73.9756,20,1,0,0
40.7392,-73.9781,13,0,0,0
40.759,-73.9842,23,1,0,0
40.734,-73.9929,22,0,0,0
40.7291,-74.011,18,1,0,0
40.7581,-73.9792,19,0,0,0
40.7368,-73.9845,12,1,0,0
40.7066,-74.0067,19,0,0,0
40.7239,-73.9971,15,1,0,0
40.7591,-73.9801,1,0,0,0
40.7648,-73.9786,21,1,0,0
40.7658,-73.9884,21,1,0,0
40.7083,-74.0005,19,0,0,0
40.7392,-73.9954,22,0,0,0
40.7269,-74.0021,20,0,0,0
40.7405,-74.0057,17,0,0,0
40.6933,-73.9997,22,0,0,0
40.7042,-74.0124,7,0,0,0
40.757,-73.9921,18,0,0,0
40.7476,-73.941,5,0,0,0
40.6824,-73.9595,11,0,0,0
40.7112,-74.0057,20,1,0,0
40.769,-73.9831,9,1,0,0
40.7178,-73.9927,20,0,0,0
40.7729,-73.9599,7,0,0,0
40.7318,-73.9834,10,0,0,0
40.7141,-74.0146,18,0,0,0
40.7356,-73.9939,11,0,0,0
40.7303,-73.9893,7,0,0,0
40.7462,-73.9558,8,0,0,0
40.7469,-74.0064,14,0,0,0
40.7316,-73.9892,2,1,0,0
40.7219,-74.0083,20,1,0,0
40.7708,-73.9478,17,0,0,0
40.7094,-74.0018,11,0,0,0
40.6748,-73.9978,15,0,0,0
40.7246,-73.9916,20,0,0,0
40.7557,-73.9731,16,0,0,0
40.7443,-74.0068,16,0,0,0
40.7574,-73.9753,22,0,0,0
40.7388,-73.9959,23,0,0,0
40.7361,-74.0016,23,1,0,0
40.7068,-73.9588,13,0,0,0
40.6512,-73.978,7,1,0,0
40.7195,-73.9559,8,0,0,0
40.7197,-73.9993,23,0,0,0
40.7468,-73.99,14,0,0,0
40.7197,-73.9899,20,0,0,0
40.7317,-73.9742,5,0,0,0
40.6992,-73.9556,13,0,0,0
40.7563,-73.9903,21,1,0,0
40.7514,-73.9764,15,0,0,0
40.6803,-73.9465,20,0,0,0
40.7227,-73.986,22,0,0,0
40.7017,-73.9828,6,1,0,0
40.7202,-73.9982,10,0,0,0
40.7671,-73.988,14,0,0,0
40.7988,-73.9717,22,0,0,0
40.7428,-73.8261,13,1,0,0
40.7084,-74.0141,17,1,0,0
40.7544,-73.9929,5,0,0,0
40.8301,-73.9285,22,0,0,0
40.755,-73.9757,18,0,0,0
40.7424,-74.0047,10,0,0,0
40.7804,-73.976,10,0,0,0
40.6771,-74.0169,10,0,0,0
40.7395,-74.0067,1,1,0,0
40.7644,-73.9818,20,0,0,0
40.7491,-73.9922,13,0,0,0
40.7065,-74.006,17,0,0,0
40.7365,-73.9908,10,0,0,0
40.7498,-73.9917,7,0,0,0
40.6941,-73.9917,15,0,0,0
40.7495,-73.8695,19,1,0,0
40.7493,-73.9826,22,0,0,0
40.7595,-73.9731,18,0,0,0
40.7517,-73.9899,11,0,0,0
40.7634,-73.9722,16,0,0,0
40.7243,-73.9787,4,1,0,0
40.8005,-73.9714,19,1,0,0
40.7448,-73.9887,18,0,0,0
40.5884,-73.7306,16,0,-1,5
40.7314,-73.9907,12,1,0,0
40.7581,-73.9705,17,1,0,0
40.777,-73.9778,9,0,0,0
40.7914,-73.9792,0,1,0,0
40.7353,-73.994,21,1,0,0
40.6883,-74.1818,14,0,1,1
40.7711,-73.8667,12,1,0,0
40.723,-73.9988,15,0,0,0
40.7425,-73.9955,19,0,0,0
40.7727,-73.9597,17,0,0,0
40.7477,-73.9865,17,0,0,0
40.7724,-73.9669,7,0,0,0
40.7217,-74.0,18,0,0,0
40.7621,-73.9719,17,0,0,0
40.7083,-74.0082,9,1,0,0
40.7622,-73.9857,15,0,0,0
40.7771,-73.989,8,0,0,0
40.7677,-73.9654,12,0,0,0
40.7344,-74.003,21,1,0,0
40.738,-73.9921,21,0,0,0
40.8065,-73.9422,3,0,0,0
40.7447,-73.9969,14,0,0,0
40.771,-73.8663,21,0,0,0
40.6869,-73.9189,12,0,0,0
40.7518,-74.0042,2,1,0,0
40.7229,-73.9942,11,0,0,0
40.6468,-73.7895,20,0,0,0
40.7385,-73.9918,21,0,0,0
40.7609,-73.9756,15,0,0,0
40.7277,-74.0096,18,0,0,0
40.7409,-74.0049,22,1,0,0
40.7589,-73.9686,22,0,0,0
40.7512,-73.9805,17,0,0,0
40.7646,-73.966,6,0,0,0
40.7465,-73.9912,5,1,0,0
40.7316,-74.001,22,0,0,0
40.7123,-73.9641,21,0,0,0
40.7268,-73.9963,8,0,0,0
40.7626,-73.9654,22,0,0,0
40.7599,-73.9884,18,0,0,0
40.8123,-73.9048,11,0,0,0
40.7505,-73.9945,14,0,0,0
40.7513,-73.9918,11,0,0,0
40.7729,-73.8705,12,0,0,0
40.7053,-74.0119,21,0,0,0
40.7395,-73.9846,1,0,0,0
40.7585,-73.979,17,0,0,0
40.7554,-73.9756,17,0,0,0
40.7701,-73.9552,6,0,0,0
40.7395,-73.9975,8,0,0,0
40.7449,-73.9762,18,0,0,0
40.7245,-73.9917,11,1,0,0
40.7656,-73.9677,18,0,0,0
40.7242,-73.9788,15,0,0,0
40.7518,-74.0078,16,1,0,0
40.7665,-73.9883,19,0,0,0
40.6878,-74.1821,10,0,1,1
40.6883,-73.988,7,0,0,0
40.7206,-73.9895,20,0,0,0
40.7288,-73.995,12,0,0,0
40.6877,-73.9179,0,1,0,0
40.7601,-73.9761,14,0,0,0
40.6981,-73.9724,9,0,0,0
40.769,-73.983,8,0,0,0
40.7503,-73.9714,19,0,0,0
40.7413,-74.0021,8,0,0,0
40.7778,-73.989,18,1,0,0
40.7456,-73.9776,0,1,0,0
40.7287,-74.0,17,1,0,0
40.7672,-73.9644,18,1,0,0
41.0244,-73.7343,15,0,3,3
40.7528,-73.894,23,0,0,0
40.7527,-73.9749,16,0,0,0
40.7494,-73.9523,7,0,0,0
40.7405,-74.0057,1,1,0,0
40.7444,-73.9731,8,0,0,0
40.7369,-73.9975,21,0,0,0
40.7383,-73.9735,5,0,0,0
40.7705,-73.865,21,0,0,0
40.6449,-73.7827,23,0,0,0
40.7184,-73.9492,5,0,0,0
40.6879,-74.1826,8,0,1,1
40.7293,-74.0036,20,0,0,0
40.731,-73.996,20,0,0,0
40.7541,-73.9858,19,0,0,0
40.7163,-74.0131,17,1,0,0
40.6692,-73.9763,9,1,0,0
40.7109,-74.006,7,1,0,0
40.7742,-73.9471,19,0,0,0
40.7309,-73.9861,20,0,0,0
40.7348,-73.9969,15,1,0,0
40.7347,-73.9859,21,0,0,0
40.7388,-73.9979,9,0,0,0
40.7254,-74.0093,23,0,0,0
40.7015,-74.0153,23,0,0,0
40.6883,-73.9785,11,0,0,0
40.7343,-74.0063,10,0,0,0
40.763,-73.9566,16,0,0,0
40.7395,-74.002,0,1,0,0
40.7484,-73.9392,20,0,0,0
40.7558,-73.9708,15,0,0,0
40.7485,-73.9393,18,0,0,0
40.7461,-73.9794,9,0,0,0
40.7123,-73.9947,19,0,0,0
40.7416,-73.9799,7,0,0,0
40.7518,-73.9886,17,0,0,0
40.6449,-73.7822,23,0,0,0
40.7612,-73.9754,6,0,0,0
40.7643,-73.9759,19,0,0,0
40.8072,-73.9644,14,0,0,0
40.8932,-73.9001,14,0,0,0
40.7049,-73.9201,15,1,0,0
40.7572,-73.9761,21,0,0,0
40.7501,-73.9912,16,1,0,0
40.7283,-74.0009,23,0,0,0
40.7583,-73.96,18,0,0,0
40.7638,-73.9797,20,0,0,0
40.7316,-73.9944,12,0,0,0
40.6871,-74.1931,10,0,1,1
40.7471,-73.9867,7,1,0,0
40.763,-73.9877,0,1,0,0
40.7265,-73.9992,13,0,0,0
40.7637,-73.9773,14,1,0,0
40.7523,-73.9702,7,0,0,0
40.7667,-73.9764,11,1,0,0
40.7585,-73.9713,16,0,0,0
40.6836,-73.9899,5,0,0,0
40.7249,-74.0093,11,0,0,0
40.7926,-73.9641,19,0,0,0
40.7131,-73.9515,18,1,0,0
40.7255,-73.9951,20,0,0,0
40.751,-73.9743,13,0,0,0
40.7846,-73.9795,20,0,0,0
40.736,-73.9959,7,0,0,0
40.7196,-73.9997,21,0,0,0
40.76,-73.9822,20,0,0,0
40.75,-73.9842,20,0,0,0
40.7209,-74.0104,8,0,0,0
40.7321,-73.9941,7,0,0,0
40.7352,-74.0055,15,1,0,0
40.6969,-73.996,14,0,0,0
40.6448,-73.7823,20,0,0,0
40.5855,-73.9662,19,0,0,0
40.7694,-73.864,21,0,0,0
40.7268,-74.0351,16,1,0,0
40.7559,-73.9813,12,0,0,0
40.7274,-73.9921,0,1,0,0
40.7415,-73.9933,21,0,0,0
40.7744,-73.9576,17,0,0,0
40.719,-73.9975,23,0,0,0
40.7308,-73.9812,20,1,0,0
40.7479,-73.9806,17,0,0,0
40.7516,-73.9938,16,1,0,0
40.7146,-74.0149,20,0,0,0
40.7574,-73.9697,18,0,0,0
40.7079,-74.0015,8,0,0,0
40.7111,-73.9521,4,1,0,0
40.6933,-73.9887,13,0,0,0
40.6001,-73.9957,8,0,0,0
40.7414,-73.9988,18,0,0,0
40.645,-73.7819,21,0,0,0
40.7269,-74.003,13,0,0,0
40.715,-73.9996,15,0,0,0
40.7054,-74.0078,18,0,0,0
40.7846,-73.9772,18,0,0,0
40.7721,-73.9814,13,0,0,0
40.7051,-74.0164,14,1,0,0
40.7621,-73.9792,13,0,0,0
40.7151,-74.0078,19,0,0,0
40.7228,-73.9931,12,0,0,0
40.6348,-73.9076,19,1,0,0
40.7778,-73.9889,13,0,0,0
40.747,-73.9837,16,0,0,0
40.7482,-73.976,21,0,0,0
40.8157,-73.9479,22,0,0,0
40.7148,-73.9912,11,0,0,0
40.7669,-73.9843,9,0,0,0
40.7578,-73.9915,14,0,0,0
40.6861,-74.0011,21,0,0,0
40.6934,-73.9914,15,1,0,0
40.7235,-73.9902,0,1,0,0
40.7599,-73.9721,20,0,0,0
40.6482,-73.783,23,1,0,0
40.7374,-73.9947,21,1,0,0
40.7552,-73.9733,20,0,0,0
40.7631,-73.9208,15,0,0,0
40.6713,-73.9812,7,0,0,0
40.7553,-73.9796,20,0,0,0
40.6899,-73.9828,17,1,0,0
40.7615,-73.9995,12,0,0,0
40.7167,-73.9656,10,0,0,0
40.7106,-73.9665,19,1,0,0
40.7553,-73.9682,19,0,0,0
40.7057,-74.0135,14,0,0,0
40.7672,-73.9861,18,0,0,0
40.6448,-73.7816,20,0,0,0
40.7207,-73.9803,15,0,0,0
40.7606,-73.9715,21,0,0,0
40.7477,-73.9824,7,0,0,0
40.7425,-73.9996,18,0,0,0
40.7425,-73.9873,23,0,0,0
40.7189,-73.9516,5,0,0,0
40.7536,-73.985,21,0,0,0
40.7766,-73.9447,14,0,0,0
40.7173,-73.9974,15,0,0,0
40.7327,-74.0015,16,0,0,0
40.7136,-73.963,0,1,0,0
40.7392,-73.9919,17,0,0,0
40.7165,-73.9989,17,1,0,0
40.7154,-73.9605,22,0,0,0
40.7804,-73.9853,8,0,0,0
40.765,-73.9551,6,0,0,0
40.7207,-74.005,20,0,0,0
40.7105,-73.9488,13,0,0,0
40.662,-73.9438,6,0,0,0
40.7747,-73.9631,2,0,0,0
40.7387,-74.0039,9,0,0,0
40.7323,-73.9804,17,0,0,0
40.7453,-73.9067,0,1,0,0
40.7958,-73.8141,7,0,0,4
40.77,-73.8647,10,0,0,0
40.7159,-74.0068,8,0,0,0
40.7444,-73.9924,11,0,0,0
40.7587,-73.9754,19,0,0,0
40.7526,-73.9874,16,0,0,0
40.7048,-74.0116,20,0,0,0
40.7524,-73.9842,17,0,0,0
40.7406,-73.9894,21,0,0,0
40.7838,-73.9462,19,0,0,0
40.7079,-74.0093,9,0,0,0
40.7293,-74.0038,21,0,0,0
40.769,-73.958,15,1,0,0
40.6416,-73.7891,20,0,0,0
40.7365,-73.9994,16,1,0,0
40.7834,-73.9781,8,0,0,0
40.6919,-73.9977,11,0,0,0
40.7709,-73.9618,0,0,0,0
40.7514,-73.9799,16,0,0,0
40.7226,-74.0016,10,0,0,0
40.671,-73.9578,6,0,0,0
41.0397,-73.9161,21,0,-1,-1
40.7395,-73.9826,17,0,0,0
40.7626,-73.987,18,0,0,0
40.723,-73.9948,6,0,0,0
40.7168,-73.9655,10,0,0,0
40.7101,-74.0061,15,0,0,0
40.7765,-73.9526,21,0,0,0
40.7596,-73.9593,23,0,0,0
40.74,-74.0053,1,1,0,0
40.7257,-74.0055,14,0,0,0
40.7312,-73.9919,15,1,0,0
40.7746,-73.9839,9,1,0,0
40.6953,-74.178,10,0,1,1
40.7078,-73.9222,21,0,0,0
40.7086,-73.9378,4,1,0,0
40.7844,-73.9775,10,0,0,0
40.7684,-73.8623,11,0,0,0
40.7285,-74.0045,16,0,0,0
40.7501,-74.0025,23,0,0,0
40.7196,-74.0103,14,0,0,0
40.7104,-73.9505,6,0,0,0
40.7928,-73.9676,8,0,0,0
40.7598,-73.9741,12,0,0,0
40.7388,-74.0088,8,0,0,0
40.7377,-73.99,11,0,0,0
40.9084,-73.1117,10,0,-1,-1
40.6465,-73.7902,14,0,0,0
40.7602,-74.1666,3,0,-1,-1
40.7523,-73.9768,19,0,0,0
40.7149,-74.0092,8,0,0,0
40.6895,-73.9706,19,0,0,0
40.7186,-73.9977,17,0,0,0
40.7731,-73.8856,16,0,0,0
40.7421,-73.9905,16,0,0,0
40.7346,-74.0003,15,0,0,0
40.7439,-73.9928,15,0,0,0
40.7686,-73.9498,19,0,0,0
40.7619,-73.9684,17,1,0,0
40.7869,-73.977,11,0,0,0
40.7398,-74.0065,17,0,0,0
40.7683,-73.9962,14,0,0,0
40.6448,-73.782,17,0,0,0
40.7738,-73.8744,14,0,0,0
40.7215,-74.0408,21,1,0,0
40.6449,-73.7823,22,0,0,0
40.7353,-74.009,9,1,0,0
40.7739,-73.8719,15,0,0,0
40.7388,-74.0027,23,0,0,0
40.7191,-73.9889,11,0,0,0
40.7237,-74.0111,7,0,0,0
40.7236,-74.0106,20,0,0,0
40.7596,-73.987,6,0,0,0
40.738,-73.9919,16,0,0,0
40.6448,-73.7825,19,0,0,0
40.7597,-73.9758,17,0,0,0
40.7208,-73.9975,22,1,0,0
40.7215,-74.0101,18,0,0,0
40.7745,-73.9634,21,0,0,0
40.7799,-73.9445,17,0,0,0
40.6898,-73.9781,15,0,0,0
40.7258,-74.0666,9,1,0,0
40.7363,-74.0012,11,0,0,0
40.7751,-73.9492,8,0,0,0
40.7657,-73.9807,12,0,0,0
40.724,-73.998,22,0,0,0
40.7053,-74.0172,18,0,0,0
40.7229,-74.0047,22,0,0,0
40.7563,-73.9643,23,0,0,0
40.7243,-74.006,21,0,0,0
40.7289,-74.0025,9,1,0,0
40.6511,-73.9641,6,0,0,0
40.7084,-73.9532,7,1,0,0
40.7731,-73.8854,20,0,0,0
40.7507,-73.9715,14,0,0,0
40.763,-73.9719,23,0,0,0
40.7165,-73.9615,3,0,0,0
40.6937,-73.906,23,1,0,0
40.7357,-73.9931,8,0,0,0
40.7392,-73.9824,18,0,0,0
40.7625,-73.9819,13,1,0,0
40.7108,-74.0071,19,0,0,0
40.761,-73.9724,12,0,0,0
40.7384,-73.9999,21,0,0,0
40.8386,-74.0837,23,1,4,-1
40.7589,-73.9778,16,0,0,0
40.7602,-73.9771,18,0,0,0
40.6783,-73.9549,18,0,0,0
40.7521,-73.9679,12,0,0,0
40.7231,-73.999,18,1,0,0
40.7642,-73.9701,15,0,0,0
40.7211,-73.987,2,1,0,0
40.7439,-73.9951,8,0,0,0
40.7395,-73.9828,18,0,0,0
40.7241,-74.0094,21,0,0,0
40.7518,-73.9786,16,0,0,0
40.7482,-73.9804,17,0,0,0
40.6599,-74.0002,0,1,0,0
40.7829,-73.9756,11,0,0,0
40.762,-73.9858,20,0,0,0
40.7463,-73.9772,10,0,0,0
40.7712,-73.8659,13,0,0,0
40.7452,-73.9924,10,0,0,0
40.7135,-73.7538,15,1,0,0
40.7168,-74.0126,17,0,0,0
40.6932,-73.955,23,0,0,0
40.7783,-73.9125,16,0,0,0
40.7481,-73.9851,15,0,0,0
40.7751,-73.9594,19,1,0,0
40.7508,-73.9845,10,0,0,0
40.7861,-73.9691,8,0,0,0
40.6875,-73.984,8,0,0,0
40.7457,-73.9838,17,0,0,0
40.7505,-73.9947,13,0,0,0
40.7436,-73.9718,15,1,0,0
40.764,-73.9786,10,0,0,0
40.7355,-74.0039,8,0,0,0
40.7187,-73.9922,18,0,0,0
40.7471,-73.9931,9,1,0,0
40.7425,-74.0042,15,0,0,0
40.7031,-73.9861,19,1,0,0
40.711,-73.9675,15,0,0,0
40.7657,-73.9687,18,0,0,0
40.7187,-74.0024,22,0,0,0
40.7324,-73.9536,8,0,0,0
40.7374,-73.9844,18,1,0,0
40.7476,-74.0043,12,0,0,0
40.7062,-74.0163,11,0,0,0
40.7174,-74.0161,7,0,0,0
40.684,-73.9671,17,0,0,0
40.7458,-74.0089,19,0,0,0
40.7255,-74.004,16,0,0,0
40.6434,-73.7898,18,0,0,0
40.8721,-73.9604,5,0,0,0
40.7707,-73.9913,13,0,0,0
40.7426,-73.8949,10,1,0,0
40.7264,-73.9879,9,1,0,0
40.7696,-73.9602,13,0,0,0
40.7374,-73.9908,15,0,0,0
40.8779,-73.8796,16,0,0,0
40.7588,-73.9836,19,0,0,0
40.7753,-73.9799,9,0,0,0
40.7604,-73.9875,17,0,0,0
40.741,-73.99,15,0,0,0
40.7633,-73.9827,10,0,0,0
40.7452,-73.9771,16,0,0,0
40.7708,-73.9862,15,0,0,0
40.7677,-73.9913,18,0,0,0
40.7341,-73.9925,22,0,0,0
40.7338,-74.0063,16,0,0,0
40.6163,-73.9688,4,0,0,0
40.765,-73.9616,6,0,0,0
40.7303,-73.9924,11,0,0,0
40.7117,-74.0154,17,0,0,0
40.7801,-73.9849,10,1,0,0
40.7771,-73.9522,18,0,0,0
40.7707,-73.9539,20,0,0,0
41.0361,-74.0753,18,1,-1,-1
40.7152,-74.0103,12,1,0,0
40.7304,-73.9901,23,1,0,0
40.6906,-73.9703,8,0,0,0
40.744,-73.9879,0,1,0,0
40.6764,-73.9837,21,1,0,0
40.7667,-73.9819,14,0,0,0
40.72,-73.9881,10,0,0,0
40.6503,-74.0143,2,1,0,0
40.7702,-73.9817,19,0,0,0
40.7364,-73.9909,8,0,0,0
40.7321,-74.0006,12,1,0,0
40.745,-73.9999,17,0,0,0
40.7212,-73.9835,15,0,0,0
40.7334,-74.0024,15,0,0,0
40.7468,-73.9859,19,0,0,0
40.7046,-74.1853,9,0,1,1
40.7684,-73.8623,21,0,0,0
40.8245,-73.9416,17,1,0,0
40.7549,-73.9637,20,0,0,0
40.7251,-73.9387,7,0,0,0
40.724,-73.9901,17,1,0,0
40.731,-73.9904,16,0,0,0
40.7574,-74.0008,16,1,0,0
40.7323,-73.9964,0,1,0,0
40.8636,-73.9225,23,0,0,0
40.7605,-73.978,23,1,0,0
40.7726,-73.9534,7,0,0,0
40.7707,-73.9546,15,0,0,0
40.6916,-73.825,0,0,0,0
40.7175,-73.9898,1,0,0,0
40.7749,-73.9836,20,0,0,0
40.7758,-73.944,7,0,0,0
40.7465,-74.0625,6,1,0,0
40.7617,-73.4951,16,0,-1,-1
40.743,-73.9864,15,0,0,0
40.7169,-73.9977,18,1,0,0
40.7511,-74.0064,14,1,0,0
40.7786,-73.956,12,0,0,0
40.7334,-73.9991,23,1,0,0
40.6872,-73.9483,13,0,0,0
40.7727,-73.9887,19,1,0,0
40.7278,-74.0073,17,0,0,0
40.775,-73.9899,8,0,0,0
40.721,-74.0015,19,1,0,0
40.7522,-73.9725,18,0,0,0
40.7311,-74.0081,15,0,0,0
40.6936,-73.9841,15,0,0,0
40.8523,-73.9273,23,1,0,0
40.7815,-73.981,5,0,0,0
40.752,-73.995,22,0,0,0
40.7299,-74.0082,22,0,0,0
40.7336,-73.8913,18,0,0,0
40.7508,-73.9809,22,0,0,0
40.7488,-73.9758,18,0,0,0
40.6416,-73.788,6,0,0,0
40.7751,-73.9608,13,1,0,0
40.7674,-73.9842,19,0,0,0
40.6448,-73.7824,6,0,0,0
40.7577,-73.9752,17,0,0,0
40.7377,-73.9825,16,1,0,0
40.7732,-73.9504,6,0,0,0
40.6842,-74.0023,11,0,0,0
40.7506,-73.9913,20,0,0,0
40.7458,-74.0073,15,0,0,0
40.8409,-73.9103,0,1,0,0
40.6533,-74.3251,0,1,-1,-1
40.7048,-73.934,21,1,0,0
40.7595,-73.978,16,0,0,0
40.7023,-73.9868,23,0,0,0
40.806,-73.9647,15,0,0,0
40.7142,-73.9474,18,0,0,0
40.7413,-73.9929,15,0,0,0
40.698,-73.985,17,1,0,0
40.738,-73.9944,20,0,0,0
40.7409,-73.992,19,0,0,0
40.7144,-74.0104,1,1,0,0
40.7607,-73.9671,9,0,0,0
40.755,-73.9922,16,0,0,0
40.6501,-73.8839,11,0,0,0
40.7376,-74.0016,21,0,0,0
40.7367,-73.9781,15,0,0,0
40.6465,-73.79,17,0,0,0
40.7581,-73.96,11,0,0,0
40.7421,-73.9849,21,1,0,0
40.6875,-73.9528,4,1,0,0
40.7832,-73.9528,20,0,0,0
40.7473,-74.0032,6,0,0,0
40.7503,-73.9745,19,0,0,0
40.7396,-73.9932,6,0,0,0
40.7654,-73.9837,20,0,0,0
40.7193,-73.9631,20,0,0,0
40.7602,-73.9595,13,0,0,0
40.7562,-73.9825,19,1,0,0
40.7517,-73.9923,15,0,0,0
40.7133,-73.872,1,0,0,0
40.7516,-73.9938,1,0,0,0
40.8232,-73.9529,4,1,0,0
40.7312,-73.9915,15,0,0,0
40.71,-74.0072,5,0,0,0
40.7185,-73.945,15,1,0,0
40.6202,-74.1565,7,0,-1,-1
40.7212,-74.0006,18,0,0,0
40.7605,-73.9712,15,0,0,0
40.7408,-73.9875,20,0,0,0
40.7442,-73.979,17,0,0,0
40.7497,-73.9751,14,0,0,0
40.7343,-74.0036,6,0,0,0
40.7792,-73.9476,10,0,0,0
40.7334,-74.0408,13,0,0,0
40.6863,-73.9852,23,0,0,0
40.6789,-73.9869,1,1,0,0
40.7778,-73.9892,7,0,0,0
40.7235,-73.996,21,0,0,0
40.7362,-74.0045,13,0,0,0
40.6948,-73.9672,20,0,0,0
40.779,-73.9623,11,0,0,0
40.7471,-73.9828,18,0,0,0
40.6927,-73.9827,21,0,0,0
40.7439,-74.0063,17,0,0,0
40.7742,-73.872,17,0,0,0
40.7088,-74.0091,8,0,0,0
40.7612,-73.9627,16,0,0,0
40.781,-73.9472,15,1,0,0
40.8902,-73.9055,14,0,0,0
40.6736,-73.9632,13,1,0,0
40.7662,-73.9653,12,1,0,0
40.7738,-73.8745,8,0,0,0
40.7281,-73.9827,6,0,0,0
40.7651,-74.0244,19,0,0,0
40.7696,-73.965,14,0,0,0
40.7222,-73.9574,8,0,0,0
40.7595,-73.9777,15,0,0,0
40.715,-73.9518,1,1,0,0
40.7579,-73.989,10,0,0,0
40.7367,-73.9744,6,0,0,0
40.7474,-73.945,23,1,0,0
40.7406,-74.0052,12,1,0,0
40.7968,-73.9721,19,0,0,0
40.7589,-73.9745,18,0,0,0
40.7504,-73.9986,9,0,0,0
40.7472,-73.9829,17,0,0,0
40.7219,-74.0098,18,1,0,0
40.7495,-73.9755,12,0,0,0
40.73,-73.9565,18,0,0,0
40.7805,-73.9729,16,0,0,0
40.7253,-73.9926,20,0,0,0
40.7747,-73.9822,8,0,0,0
40.7568,-73.9826,16,0,0,0
40.7156,-73.9966,15,1,0,0
40.7453,-73.9908,16,0,0,0
40.709,-74.0079,21,0,0,0
40.7474,-73.9843,19,0,0,0
40.7301,-73.9923,18,0,0,0
40.7252,-73.9903,13,0,0,0
40.7942,-73.9724,15,1,0,0
40.7673,-73.9825,8,0,0,0
40.7386,-73.9888,16,0,0,0
40.699,-73.9941,16,1,0,0
40.7519,-74.0076,21,0,0,0
40.7707,-73.8655,8,0,0,0
40.7649,-73.9804,13,0,0,0
40.7353,-73.9941,17,0,0,0
40.7223,-74.0008,15,0,0,0
40.7733,-73.9622,17,0,0,0
40.6753,-73.9695,19,1,0,0
40.7514,-73.9803,21,0,0,0
40.6791,-74.0053,17,0,0,0
40.7019,-74.0112,22,0,0,0
40.7318,-73.9854,22,0,0,0
40.6471,-73.7888,21,0,0,0
40.742,-74.0033,7,0,0,0
40.7857,-73.9819,23,1,0,0
40.6933,-73.9995,10,0,0,0
40.7602,-73.9722,16,0,0,0
40.7341,-73.9997,4,0,0,0
40.7553,-73.9772,15,0,0,0
40.7102,-73.9633,21,0,0,0
40.7452,-73.9949,19,0,0,0
40.7185,-74.0041,21,1,0,0
40.7133,-73.952,16,1,0,0
40.7612,-73.9784,17,0,0,0
40.8867,-73.7811,22,1,-1,-1
40.6978,-73.9696,22,0,0,0
40.8636,-73.8569,7,0,0,0
40.7569,-74.0014,17,1,0,0
40.7551,-73.9653,20,1,0,0
40.7592,-73.9765,17,0,0,0
40.7722,-73.9501,13,0,0,0
40.7603,-73.9716,15,0,0,0
40.6449,-73.782,16,0,0,0
40.761,-73.987,19,0,0,0
40.8096,-73.9497,21,0,0,0
40.7644,-73.9876,20,0,0,0
40.7253,-74.0076,10,0,0,0
40.6913,-73.9874,13,1,0,0
40.777,-73.7014,18,0,0,-1
40.7683,-73.8622,22,0,0,0
40.7272,-73.9936,13,0,0,0
40.7795,-73.9835,10,0,0,0
40.7257,-73.9839,18,1,0,0
40.7615,-73.9843,16,0,0,0
40.7707,-73.9872,19,1,0,0
40.7151,-73.9517,1,1,0,0
40.7712,-73.9644,7,0,0,0
40.6459,-73.7766,7,1,0,0
40.7259,-74.004,7,0,0,0
40.774,-73.9806,5,0,0,0
40.7244,-74.0013,17,0,0,0
40.7605,-73.9717,19,0,0,0
40.7414,-73.9933,23,0,0,0
40.7403,-73.9907,18,0,0,0
40.7706,-73.8655,13,0,0,0
40.7545,-73.9927,18,0,0,0
40.775,-73.9773,7,0,0,0
40.7765,-73.9882,13,0,0,0
40.6982,-73.9676,16,0,0,0
40.7583,-73.8448,15,1,0,0
40.7139,-73.9247,4,1,0,0
40.7654,-73.9791,17,0,0,0
40.7495,-73.9953,16,0,0,0
40.754,-73.9836,20,0,0,0
40.6823,-73.9529,3,0,0,0
40.6916,-73.9425,16,1,0,0
40.7787,-73.9836,10,0,0,0
40.6448,-73.7819,15,1,0,0
40.7654,-73.9548,13,0,0,0
40.6948,-74.177,20,0,1,1
40.745,-73.9843,11,1,0,0
40.7373,-73.9852,19,1,0,0
40.7118,-74.0084,9,0,0,0
40.7492,-73.984,16,0,0,0
40.7682,-73.8624,10,0,0,0
40.7445,-73.9915,18,1,0,0
40.6952,-74.1776,21,0,1,1
40.7316,-74.0088,18,0,0,0
40.7411,-73.996,15,0,0,0
40.6213,-74.0378,20,0,0,0
40.7694,-73.9576,15,0,0,0
40.7366,-73.9975,13,0,0,0
40.7539,-73.9884,20,0,0,0
40.7732,-73.9449,7,0,0,0
40.7245,-73.9964,19,0,0,0
40.7204,-73.9845,7,0,0,0
40.7402,-74.03,1,1,0,0
40.7567,-73.9861,11,0,0,0
40.7325,-73.9878,22,0,0,0
40.715,-73.9608,16,1,0,0
40.7397,-74.0054,15,1,0,0
40.7439,-73.976,16,1,0,0
40.7512,-73.9831,23,0,0,0
40.7308,-74.0086,19,0,0,0
40.8428,-73.942,16,1,0,0
40.7446,-73.9914,22,0,0,0
40.7138,-74.0087,16,0,0,0
40.6703,-73.9884,14,0,0,0
40.7595,-73.9659,7,0,0,0
40.748,-73.94,19,0,0,0
40.7194,-74.0088,21,1,0,0
40.8461,-73.8622,17,0,0,0
40.7691,-73.9828,10,0,0,0
40.7037,-74.0117,3,0,0,0
40.6752,-73.9494,9,0,0,0
40.7808,-73.9566,8,0,0,0
40.7324,-73.9963,21,0,0,0
40.7515,-73.9759,0,1,0,0
40.7132,-74.0093,20,0,0,0
40.7535,-73.884,19,0,0,0
40.8237,-73.946,18,0,0,0
40.768,-73.8618,16,0,0,0
40.7745,-73.8727,20,0,0,0
40.6609,-73.9606,14,1,0,0
40.7746,-73.9641,17,0,0,0
40.7558,-73.9805,18,1,0,0
40.7281,-74.003,17,0,0,0
40.7591,-73.9819,20,0,0,0
40.7517,-73.9763,10,1,0,0
40.7267,-73.9998,23,0,0,0
40.6489,-73.6778,16,0,5,-1
40.801,-73.9598,16,0,0,0
40.7738,-73.8719,23,0,0,0
40.6448,-73.7826,14,0,0,0
40.7188,-73.9899,22,0,0,0
40.7333,-73.9868,7,0,0,0
40.763,-73.9819,20,0,0,0
40.6806,-73.9282,21,0,0,0
40.72,-73.988,14,1,0,0
40.735,-74.0071,0,1,0,0
40.7406,-73.9914,20,0,0,0
40.7903,-73.9677,15,1,0,0
40.6869,-73.9777,18,0,0,0
40.7253,-73.9998,17,0,0,0
40.7576,-73.9715,17,0,0,0
40.7655,-73.9626,18,0,0,0
40.7185,-74.0003,11,0,0,0
40.76,-73.9672,10,0,0,0
40.7568,-74.0014,17,1,0,0
40.7213,-73.9925,23,1,0,0
40.763,-73.9702,14,0,0,0
40.681,-73.9631,22,0,0,0
40.6778,-73.9648,17,1,0,0
40.7228,-74.008,18,0,0,0
40.7143,-73.9873,7,0,0,0
40.6912,-73.9898,16,1,0,0
40.8151,-73.9921,22,0,0,0
40.7601,-73.9697,13,1,0,0
40.7504,-73.9947,11,0,0,0
40.7584,-73.9652,11,0,0,0
40.6922,-73.9901,14,0,0,0
40.7531,-73.8613,2,0,0,0
40.7568,-73.9975,14,0,0,0
40.7147,-73.9432,18,0,0,0
40.7421,-73.9967,14,0,0,0
40.6914,-73.9684,6,0,0,0
40.7209,-73.9787,10,1,0,0
40.7103,-73.9847,17,0,0,0
40.7629,-73.9619,17,1,0,0
40.6708,-73.9885,17,0,0,0
40.7099,-74.0071,18,0,0,0
40.8053,-73.9391,9,1,0,0
40.7417,-73.9779,9,0,0,0
40.7712,-73.9799,13,1,0,0
40.7759,-73.9442,17,0,0,0
40.77,-73.8647,17,1,0,0
40.7576,-73.9722,8,0,0,0
40.7633,-73.9721,18,0,0,0
40.7228,-73.9833,11,1,0,0
40.7836,-73.9773,14,0,0,0
40.7557,-73.982,9,0,0,0
40.7412,-73.9792,16,0,0,0
40.6975,-73.6601,14,1,-1,-1
40.7578,-73.9748,12,0,0,0
40.7409,-73.9822,13,0,0,0
40.7775,-73.9592,21,1,0,0
40.7281,-73.9989,0,1,0,0
40.7645,-73.9769,18,0,0,0
40.7643,-73.9544,18,0,0,0
40.7664,-73.8918,11,0,0,0
40.7581,-73.9924,17,1,0,0
40.7258,-74.0075,18,0,0,0
40.7262,-73.9842,6,0,0,0
40.742,-74.0038,2,0,0,0
40.7642,-73.9576,16,0,0,0
40.7218,-73.9995,14,0,0,0
40.7557,-73.9751,16,0,0,0
40.782,-73.9816,6,0,0,0
40.688,-73.9728,12,1,0,0
40.7207,-74.0037,23,1,0,0
40.758,-73.9732,17,0,0,0
40.7647,-73.9962,22,0,0,0
40.7463,-73.9852,16,0,0,0
40.7558,-73.8514,17,1,0,0
40.7992,-73.9349,22,0,0,0
40.7546,-73.9934,9,0,0,0
40.7828,-73.9554,8,0,0,0
40.7251,-73.9924,10,0,0,0
40.7103,-74.001,10,0,0,0
40.7431,-73.98,19,0,0,0
40.7765,-73.9462,5,0,0,0
40.6973,-73.993,23,0,0,0
40.7548,-73.9914,16,0,0,0
40.7442,-73.9861,9,0,0,0
40.7303,-74.0046,18,0,0,0
40.7081,-73.943,15,1,0,0
40.7175,-73.9527,8,0,0,0
40.7617,-73.9589,13,0,0,0
40.6462,-73.7902,22,0,0,0
40.7469,-74.0082,16,1,0,0
40.7732,-73.8855,19,1,0,0
40.7421,-74.0037,7,0,0,0
40.7273,-73.992,22,0,0,0
40.752,-73.9753,15,0,0,0
40.716,-73.952,18,1,0,0
40.7599,-73.9825,20,0,0,0
40.7362,-74.0053,17,0,0,0
40.7313,-73.9886,21,1,0,0
40.7438,-74.0071,8,0,0,0
40.7265,-73.9861,12,1,0,0
40.7797,-73.9878,16,0,0,0
40.707,-74.0099,11,1,0,0
40.7457,-74.0083,17,1,0,0
40.7771,-73.987,8,0,0,0
40.7617,-73.9828,17,0,0,0
40.7728,-73.9476,10,0,0,0
40.6891,-73.9861,16,0,0,0
40.1705,-74.0161,22,1,-1,-1
40.729,-74.0026,22,1,0,0
40.7656,-73.9793,10,0,0,0
40.769,-73.9433,23,1,0,0
40.7596,-73.9851,11,1,0,0
40.7556,-73.978,9,0,0,0
40.7661,-73.9771,7,0,0,0
40.6861,-73.9724,13,0,0,0
40.7562,-73.9875,16,0,0,0
40.7655,-73.9796,10,0,0,0
40.7978,-73.9735,16,0,0,0
40.7305,-74.0091,19,0,0,0
40.7312,-73.992,21,0,0,0
40.7398,-74.0025,7,0,0,0
40.7579,-73.9385,1,1,0,0
40.7499,-73.9813,19,0,0,0
40.679,-73.9988,23,1,0,0
40.7537,-73.9923,16,0,0,0
40.7091,-73.9608,23,1,0,0
40.7443,-73.9918,19,1,0,0
40.745,-73.9799,15,0,0,0
40.7477,-73.9893,14,0,0,0
40.7829,-73.9735,8,0,0,0
40.7891,-73.9549,16,0,0,0
40.7625,-73.9897,17,0,0,0
40.7566,-73.9879,18,0,0,0
40.7423,-73.9844,16,0,0,0
40.7382,-74.0036,20,0,0,0
40.7589,-73.9859,17,0,0,0
40.7663,-73.9517,10,0,0,0
40.7442,-74.0051,20,0,0,0
40.7607,-73.9841,1,1,0,0
40.751,-73.9804,18,0,0,0
40.7563,-73.9869,22,0,0,0
40.7426,-73.957,17,1,0,0
40.7196,-74.0103,21,0,0,0
40.6449,-73.7823,5,0,0,0
40.7498,-74.0051,18,0,0,0
40.7366,-73.9745,14,0,0,0
40.7432,-73.9742,22,0,0,0
40.7338,-74.0045,6,0,0,0
40.7106,-74.0079,21,0,0,0
40.7772,-73.9827,11,1,0,0
40.6915,-73.9842,13,0,0,0
40.7611,-73.982,16,0,0,0
40.764,-73.9772,8,1,0,0
40.6629,-73.988,21,1,0,0
40.7225,-73.9873,3,0,0,0
40.764,-73.9733,16,1,0,0
40.7218,-73.844,20,1,0,0
40.7755,-73.9185,4,0,0,0
40.7568,-73.9974,21,0,0,0
41.1374,-73.7164,15,0,-1,-1
40.7204,-74.0085,14,0,0,0
40.7193,-73.985,19,1,0,0
40.7613,-73.9997,10,0,0,0
40.7197,-74.0,8,1,0,0
40.7182,-73.9552,7,0,0,0
40.7309,-74.009,15,0,0,0
40.764,-73.9691,13,1,0,0
40.7438,-73.9816,7,0,0,0
40.7505,-73.9946,22,0,0,0
40.7364,-73.9967,15,0,0,0
40.76,-73.9965,21,1,0,0
40.7458,-73.9997,21,0,0,0
40.7495,-73.9469,21,1,0,0
40.7654,-73.9751,13,0,0,0
40.7479,-73.9932,11,0,0,0
40.7364,-74.0028,10,0,0,0
40.6951,-74.1782,10,1,1,1
40.7459,-73.9553,11,0,0,0
40.7567,-74.0015,16,0,0,0
40.7255,-74.0042,14,1,0,0
40.7397,-73.993,11,1,0,0
40.765,-73.9805,19,0,0,0
40.8537,-73.8884,21,0,0,0
40.7825,-73.9182,23,1,0,0
40.7391,-74.0011,6,0,0,0
40.7386,-73.9856,12,1,0,0
40.7339,-73.9772,9,0,0,0
40.7621,-73.972,15,0,0,0
40.7568,-73.9826,21,0,0,0
40.7579,-73.9733,19,0,0,0
40.7255,-74.0004,20,0,0,0
40.7428,-73.9848,17,0,0,0
40.716,-74.0045,6,0,0,0
40.7468,-73.9747,18,0,0,0
40.7271,-74.0344,6,0,0,0
40.7444,-73.9805,20,1,0,0
40.7734,-73.9544,8,0,0,0
40.744,-73.9839,19,0,0,0
40.7325,-73.999,6,0,0,0
40.7247,-74.0023,21,0,0,0
40.7662,-73.9628,18,0,0,0
40.7605,-73.9626,3,0,0,0
40.72,-73.9875,22,0,0,0
40.7215,-74.0032,9,0,0,0
40.7493,-74.003,15,0,0,0
40.7256,-73.9469,4,0,0,0
40.7261,-73.9919,15,0,0,0
40.7341,-74.0041,20,1,0,0
40.693,-73.962,18,0,0,0
40.7834,-73.9745,18,1,0,0
40.7182,-73.9569,18,0,0,0
40.6879,-74.0012,21,0,0,0
40.7439,-73.9894,18,0,0,0
40.7503,-73.9791,14,0,0,0
40.7376,-74.0047,7,0,0,0
40.7273,-73.9952,22,0,0,0
40.7037,-74.0114,1,0,0,0
40.6934,-73.9887,18,1,0,0
40.742,-73.9873,0,0,0,0
40.7627,-73.9677,7,0,0,0
40.7614,-73.9794,19,0,0,0
40.6783,-73.953,22,0,0,0
40.7683,-73.8621,20,0,0,0
40.7275,-74.0006,1,1,0,0
40.7206,-73.7973,18,1,0,0
40.7107,-73.985,23,0,0,0
40.7503,-73.9858,18,1,0,0
40.7617,-73.9746,16,0,0,0
40.6458,-73.7767,4,0,0,0
40.7276,-73.9794,0,0,0,0
40.7624,-73.9753,15,0,0,0
40.7554,-73.9802,18,0,0,0
40.7503,-73.9771,18,0,0,0
40.7544,-73.9986,3,0,0,0
40.7543,-73.9744,18,0,0,0
40.7417,-73.994,22,0,0,0
40.739,-74.0005,5,0,0,0
40.7073,-74.0055,16,1,0,0
40.7666,-73.9865,21,0,0,0
40.6837,-74.1937,9,0,1,1
40.8549,-73.9312,21,1,0,0
40.7517,-73.9845,10,0,0,0
40.7277,-73.98,7,0,0,0
40.7491,-73.9922,21,0,0,0
40.7634,-73.9766,19,1,0,0
40.7725,-73.9591,18,0,0,0
40.7717,-73.983,17,0,0,0
40.7327,-74.0089,7,0,0,0
40.7663,-73.9603,9,0,0,0
40.7649,-73.9768,16,0,0,0
40.753,-73.9795,20,0,0,0
40.7678,-73.9915,9,0,0,0
40.6417,-73.7879,6,0,0,0
40.7712,-73.866,20,0,0,0
40.7558,-73.9792,12,0,0,0
40.7237,-73.9835,2,1,0,0
40.7862,-73.9425,8,0,0,0
40.7505,-73.9947,16,0,0,0
40.735,-73.9943,17,0,0,0
40.7544,-73.9866,16,0,0,0
40.6725,-73.965,11,0,0,0
40.7359,-74.0059,18,0,0,0
40.7317,-73.9913,17,1,0,0
40.7192,-74.0467,14,1,0,0
40.7104,-73.9649,7,0,0,0
40.6462,-73.7894,13,0,0,0
40.7491,-73.9922,10,0,0,0
40.6847,-73.9324,8,1,0,0
40.7634,-73.9804,10,0,0,0
40.7508,-73.9908,23,1,0,0
40.7343,-74.0027,21,0,0,0
40.7495,-73.9775,10,0,0,0
40.7427,-74.0071,10,0,0,0
40.755,-73.9844,13,0,0,0
40.7257,-73.9999,22,0,0,0
40.7214,-73.9879,17,1,0,0
40.7765,-73.9566,19,0,0,0
40.7641,-73.9763,19,0,0,0
40.7216,-73.9785,12,0,0,0
40.7157,-74.0112,17,0,0,0
40.6696,-73.9802,12,0,0,0
40.7288,-73.9807,19,1,0,0
40.746,-73.9822,18,0,0,0
40.7097,-74.0154,18,0,0,0
40.7197,-73.9578,22,0,0,0
40.6587,-74.0036,11,0,0,0
40.7681,-73.9639,14,0,0,0
40.7647,-73.9739,12,1,0,0
40.7594,-73.9735,11,0,0,0
40.7491,-73.9922,21,1,0,0
40.7604,-73.9652,21,1,0,0
40.784,-73.9541,10,0,0,0
40.7037,-73.9947,21,1,0,0
40.746,-73.9561,3,0,0,0
40.7199,-73.988,20,1,0,0
40.6818,-73.967,23,1,0,0
40.7443,-74.0066,19,1,0,0
40.7547,-73.7287,22,1,0,-1
40.7112,-74.0064,14,0,0,0
40.7593,-73.9758,14,0,0,0
40.7201,-74.0084,19,0,0,0
40.7096,-73.965,17,1,0,0
40.7491,-73.9777,0,0,0,0
40.7493,-73.992,22,0,0,0
40.7081,-73.9549,14,0,0,0
40.7614,-73.9742,18,0,0,0
40.7197,-73.9993,15,0,0,0
40.7748,-73.9634,6,0,0,0
40.7458,-73.9881,16,1,0,0
40.7747,-73.99,8,0,0,0
40.7633,-73.9856,16,0,0,0
40.7643,-73.9737,8,0,0,0
40.766,-73.9949,17,0,0,0
40.7653,-73.9753,8,0,0,0
40.7249,-73.9808,10,1,0,0
40.7764,-73.9467,6,0,0,0
40.7314,-74.0002,19,0,0,0
40.7603,-73.9744,20,0,0,0
40.7463,-73.9794,12,0,0,0
40.7591,-73.9724,17,0,0,0
40.6267,-74.0209,19,1,0,0
40.6992,-73.959,6,0,0,0
40.7509,-74.004,11,0,0,0
40.7415,-74.0049,21,0,0,0
40.7514,-73.9763,23,0,0,0
40.7297,-74.0007,19,0,0,0
40.6827,-74.0067,7,0,0,0
40.7558,-73.9758,17,0,0,0
40.7671,-73.9681,12,1,0,0
40.7278,-73.9948,18,1,0,0
40.779,-73.9465,22,0,0,0
40.7469,-74.0064,17,0,0,0
40.7665,-73.9784,22,0,0,0
40.7042,-73.933,23,1,0,0
40.7554,-73.9945,3,1,0,0
40.7567,-73.9948,20,1,0,0
40.7996,-73.9636,17,0,0,0
40.7431,-73.9927,23,1,0,0
40.721,-73.9556,0,1,0,0
40.7683,-73.984,8,0,0,0
40.7653,-73.9677,14,0,0,0
40.7243,-74.0031,5,1,0,0
40.721,-73.9948,14,1,0,0
40.6789,-73.9975,17,0,0,0
40.7282,-74.0057,19,0,0,0
40.7625,-73.9685,14,0,0,0
40.754,-73.9808,15,0,0,0
40.7336,-73.9954,16,0,0,0
40.7742,-73.9791,14,0,0,0
40.6873,-73.9743,18,1,0,0
40.7299,-73.992,6,0,0,0
40.7149,-73.997,16,1,0,0
40.7686,-73.9536,7,0,0,0
40.7732,-73.8854,10,0,0,0
40.7793,-73.953,17,0,0,0
40.7172,-74.0107,14,0,0,0
40.7614,-73.9724,15,0,0,0
40.7507,-73.9909,18,1,0,0
40.7344,-73.9977,16,0,0,0
40.7651,-73.9787,14,0,0,0
40.7059,-74.0078,23,0,0,0
40.774,-73.966,12,0,0,0
40.7674,-73.9244,9,0,0,0
40.7714,-73.9656,17,1,0,0
40.7232,-73.9986,16,0,0,0
40.759,-73.9764,11,0,0,0
40.7432,-74.0074,19,0,0,0
40.694,-73.9842,16,0,0,0
40.7211,-73.8369,15,0,0,0
40.7486,-73.896,13,0,0,0
40.7322,-73.9801,7,0,0,0
40.7605,-73.9896,20,0,0,0
40.7243,-73.9977,10,0,0,0
40.7801,-73.9501,22,0,0,0
40.777,-73.9865,22,0,0,0
40.755,-73.9923,16,1,0,0
40.7706,-73.9028,13,1,0,0
40.7656,-73.9554,20,0,0,0
40.6464,-73.7904,15,0,0,0
40.7023,-73.9867,21,0,0,0
40.761,-73.9694,20,0,0,0
40.7707,-73.8656,15,0,0,0
40.7424,-73.8009,12,1,0,0
40.7646,-73.9704,15,0,0,0
40.7561,-73.9724,17,0,0,0
40.7636,-73.9671,16,0,0,0
40.7515,-73.9765,0,1,0,0
40.7506,-74.0256,18,0,0,0
40.7232,-73.9975,15,0,0,0
40.7539,-73.9926,18,0,0,0
40.7236,-73.989,21,1,0,0
40.7486,-73.9382,0,1,0,0
40.7204,-74.0076,10,0,0,0
40.7611,-73.9973,11,0,0,0
40.7481,-73.9745,0,0,0,0
40.7379,-74.0082,17,0,0,0
40.711,-74.0093,16,0,0,0
40.7481,-73.9396,18,0,0,0
40.7321,-73.9866,17,0,0,0
40.7561,-73.992,23,0,0,0
40.747,-73.9908,13,1,0,0
40.7416,-74.0048,13,0,0,0
40.7598,-73.9745,19,0,0,0
40.64,-73.9671,20,0,0,0
40.7636,-73.9733,16,0,0,0
40.7562,-73.9748,17,0,0,0
40.7423,-73.9991,18,0,0,0
40.7271,-74.0058,8,0,0,0
40.7134,-74.0092,16,0,0,0
40.7424,-73.997,22,1,0,0
40.7466,-73.9816,21,0,0,0
40.7435,-73.9847,16,0,0,0
40.689,-73.9888,9,0,0,0
40.6846,-73.9513,22,1,0,0
40.7458,-73.9917,5,0,0,0
40.7494,-73.9405,7,0,0,0
40.7419,-74.0332,11,1,0,0
40.6914,-73.8672,13,0,0,0
40.695,-73.9833,7,0,0,0
40.8871,-73.7797,22,1,-1,-1
40.7744,-73.983,10,1,0,0
40.7202,-73.9633,17,0,0,0
40.7789,-73.9822,19,0,0,0
40.7012,-73.9226,8,0,0,0
40.6814,-73.9736,22,1,0,0
40.6154,-74.0636,21,1,0,0
40.7196,-74.0102,17,0,0,0
40.7253,-73.9969,17,0,0,0
40.761,-73.9713,15,0,0,0
40.7637,-73.9639,7,0,0,0
40.7644,-73.9833,7,0,0,0
40.7614,-73.9905,21,0,0,0
40.76,-73.9787,16,0,0,0
40.7233,-73.9516,11,1,0,0
40.7396,-74.0054,1,1,0,0
40.7719,-73.9633,7,0,0,0
40.7696,-73.9556,14,0,0,0
40.7259,-73.998,16,1,0,0
40.6468,-73.7892,23,1,0,0
40.731,-74.0068,15,0,0,0
40.6459,-73.7767,21,0,0,0
40.7239,-73.9968,19,0,0,0
40.732,-73.9863,0,1,0,0
40.7488,-73.9834,13,0,0,0
40.7485,-74.0061,16,0,0,0
40.7129,-73.9572,12,1,0,0
40.7347,-74.0093,7,0,0,0
40.7615,-73.9241,12,0,0,0
40.7217,-73.9579,21,1,0,0
40.7522,-74.0045,7,0,0,0
40.756,-73.9808,8,0,0,0
40.7577,-73.9896,7,0,0,0
40.7717,-73.9828,22,0,0,0
40.7205,-73.9918,12,1,0,0
40.7704,-73.8753,21,1,0,0
40.7353,-74.0033,21,0,0,0
40.7688,-73.8671,23,0,0,0
40.6877,-74.1817,14,0,1,1
40.6937,-73.9983,14,1,0,0
40.7365,-73.9816,10,0,0,0
40.7111,-74.0053,16,1,0,0
40.7173,-73.9583,18,1,0,0
40.7223,-73.9575,22,0,0,0
40.7597,-73.9732,15,0,0,0
40.7887,-73.9761,8,0,0,0
40.7005,-73.9437,16,0,0,0
40.7485,-74.0039,17,0,0,0
40.6754,-73.9748,12,1,0,0
40.6716,-74.0989,17,0,-1,-1
40.8461,-73.9402,16,0,0,0
40.7164,-74.0079,8,0,0,0
40.6456,-73.7801,12,0,0,0
40.7138,-74.0147,19,0,0,0
40.7303,-73.9898,8,0,0,0
40.6945,-73.9985,19,1,0,0
40.7226,-74.0026,19,0,0,0
40.7261,-74.0073,14,0,0,0
40.6946,-73.983,0,1,0,0
40.7821,-73.9723,20,0,0,0
40.7828,-73.4429,17,1,-1,-1
40.7301,-73.9576,6,0,0,0
40.6456,-73.7767,12,0,0,0
40.7662,-73.9916,20,0,0,0
40.71,-74.0148,19,0,0,0
40.7256,-73.9946,6,0,0,0
40.8591,-73.9277,5,0,0,0
40.7106,-73.9676,1,1,0,0
40.7778,-73.9887,2,1,0,0
40.72,-74.0004,19,0,0,0
40.7267,-73.9408,8,0,0,0
40.7267,-74.0074,12,0,0,0
40.6462,-73.7769,13,0,0,0
40.855,-73.8821,18,0,0,0
40.7791,-73.9579,21,0,0,0
40.7626,-73.9928,19,1,0,0
40.6698,-73.9537,19,0,0,0
40.7563,-73.9642,16,0,0,0
40.7337,-74.0019,17,0,0,0
40.7645,-73.9772,12,0,0,0
40.6827,-73.9646,6,1,0,0
40.6994,-73.9947,8,0,0,0
40.6686,-73.7915,20,0,0,0
40.6281,-73.9688,18,0,0,0
40.7647,-73.9822,17,0,0,0
40.7265,-73.9833,2,1,0,0
40.7499,-74.0053,16,0,0,0
40.7595,-73.9857,18,1,0,0
40.7204,-73.7919,15,1,0,0
40.7027,-74.0114,19,1,0,0
40.7641,-73.9543,17,0,0,0
40.7748,-73.9911,19,1,0,0
40.7349,-73.9944,19,0,0,0
40.6768,-74.0135,21,1,0,0
40.7233,-73.9914,19,0,0,0
40.7284,-74.0112,8,0,0,0
40.7271,-73.9784,9,0,0,0
40.7368,-73.9037,19,0,0,0
40.7464,-73.9566,6,0,0,0
40.7684,-73.8619,17,0,0,0
40.7499,-73.9835,18,0,0,0
40.7773,-73.9753,8,0,0,0
40.7641,-73.985,21,0,0,0
40.7522,-73.9855,12,0,0,0
40.846,-73.9421,17,1,0,0
40.731,-73.9537,19,0,0,0
40.7805,-73.9523,5,0,0,0
40.7633,-73.9665,12,0,0,0
40.761,-73.987,22,0,0,0
40.7486,-74.007,21,0,0,0
40.6483,-73.7826,5,1,0,0
40.7182,-73.9845,9,0,0,0
40.7469,-73.9819,17,0,0,0
40.7389,-73.9813,11,1,0,0
40.6951,-73.9096,1,0,0,0
40.753,-73.9793,12,0,0,0
40.7737,-73.9616,8,0,0,0
40.7561,-73.9612,7,0,0,0
40.735,-73.9932,16,0,0,0
40.6852,-73.9402,5,0,0,0
40.7808,-73.9815,21,0,0,0
40.6822,-73.9205,12,1,0,0
40.7635,-73.9672,18,1,0,0
40.7311,-74.0096,6,0,0,0
40.6977,-73.9966,6,0,0,0
40.714,-74.0099,19,1,0,0
40.7209,-73.9878,8,0,0,0
40.7336,-73.9878,0,1,0,0
40.7724,-73.9486,7,0,0,0
40.7269,-74.0055,18,0,0,0
40.7494,-73.9541,23,0,0,0
40.7408,-73.9894,19,0,0,0
40.7723,-73.9499,6,0,0,0
40.7379,-74.0065,6,0,0,0
40.7632,-73.9809,18,0,0,0
40.753,-73.9789,16,0,0,0
40.7591,-73.9958,8,0,0,0
40.6009,-73.9374,21,0,0,0
40.7198,-73.9992,16,0,0,0
40.7266,-74.0436,0,1,0,0
40.6815,-74.0008,13,1,0,0
40.7484,-73.9869,0,1,0,0
40.7407,-74.0077,23,0,0,0
40.7392,-73.987,4,0,0,0
40.7249,-73.9942,23,1,0,0
40.781,-73.9597,15,0,0,0
40.689,-73.9888,7,0,0,0
40.7565,-73.9907,18,0,0,0
40.7275,-73.9439,4,0,0,0
40.841,-73.926,15,0,0,0
40.7746,-73.9898,18,1,0,0
40.7297,-74.0096,1,0,0,0
40.7797,-73.9541,12,1,0,0
40.705,-73.7822,9,1,0,0
40.7181,-73.9628,21,0,0,0
40.7247,-73.9988,18,0,0,0
40.7237,-74.0113,12,0,0,0
40.757,-73.9894,23,0,0,0
40.7572,-73.9605,20,0,0,0
40.7269,-73.9889,3,1,0,0
40.7816,-73.956,13,0,0,0
40.6879,-74.1827,19,0,1,1
40.7665,-73.9518,11,1,0,0
40.646,-73.7768,13,1,0,0
40.7378,-74.0081,15,1,0,0
40.7407,-74.0086,0,0,0,0
40.7481,-74.0034,6,0,0,0
40.7531,-73.9811,17,0,0,0
40.726,-73.9897,17,0,0,0
40.7468,-73.9921,14,0,0,0
40.7364,-73.9867,21,0,0,0
40.6938,-73.9833,6,1,0,0
40.7553,-73.984,14,0,0,0
40.6951,-74.1782,4,0,1,1
40.7188,-74.0003,18,0,0,0
40.7408,-74.0052,23,0,0,0
40.7555,-73.9703,22,0,0,0
40.669,-73.9309,19,0,0,0
40.7733,-73.9548,0,0,0,0
40.6467,-73.7896,19,0,0,0
40.7455,-74.0303,20,0,0,0
40.7408,-73.9898,13,1,0,0
40.7784,-73.9515,6,0,0,0
40.7479,-74.0046,13,0,0,0
40.7176,-73.9433,16,1,0,0
40.742,-74.0037,13,0,0,0
40.7573,-73.9844,18,0,0,0
40.755,-73.9759,16,0,0,0
40.6845,-74.0032,8,0,0,0
40.7624,-73.9709,9,1,0,0
40.755,-73.9798,16,0,0,0
40.7807,-73.9787,17,1,0,0
40.7325,-73.9992,22,0,0,0
40.7454,-73.987,14,0,0,0
40.7918,-73.6819,16,1,6,-1
40.778,-73.962,4,1,0,0
40.7308,-74.008,15,0,0,0
40.7202,-74.0085,21,1,0,0
40.6421,-73.9516,1,1,0,0
40.7803,-73.9613,5,0,0,0
40.7449,-73.9871,20,0,0,0
40.6639,-73.9213,15,0,0,0
40.7632,-73.9144,2,1,0,0
40.7455,-73.9573,9,1,0,0
40.7588,-73.9739,23,0,0,0
40.7269,-73.9779,4,0,0,0
40.7705,-73.8678,21,0,0,0
40.6888,-73.9891,12,1,0,0
40.7889,-73.9763,15,1,0,0
40.7553,-73.993,17,0,0,0
40.7407,-74.0077,13,1,0,0
40.7677,-73.8675,4,0,0,0
40.7527,-73.9754,18,0,0,0
40.7224,-74.0641,10,1,0,0
40.7112,-73.9659,1,0,0,0
40.7497,-73.9778,6,0,0,0
40.7059,-74.0084,19,0,0,0
40.7534,-73.9806,16,1,0,0
40.748,-73.9848,23,1,0,0
40.7206,-74.0037,13,0,0,0
40.759,-73.9727,16,0,0,0
40.7508,-74.0036,22,0,0,0
40.7257,-73.9976,19,1,0,0
40.7296,-73.9783,8,0,0,0
40.6948,-73.9315,19,1,0,0
40.722,-73.958,22,0,0,0
40.7503,-73.9793,18,0,0,0
40.7351,-74.1646,14,0,1,1
40.7202,-74.0031,19,1,0,0
40.707,-74.0065,20,0,0,0
40.7274,-73.9949,22,0,0,0
40.7589,-73.9917,16,0,0,0
40.7757,-73.9807,8,1,0,0
40.7546,-73.9843,20,0,0,0
40.6457,-73.7767,23,0,0,0
40.7245,-73.9958,14,0,0,0
40.7224,-73.9801,14,0,0,0
40.75,-73.9835,10,0,0,0
40.7358,-73.9557,18,1,0,0
40.7296,-74.0019,21,0,0,0
40.7219,-74.0041,19,0,0,0
40.746,-74.0001,8,0,0,0
40.7468,-74.0095,13,0,0,0
40.7476,-73.993,15,0,0,0
40.7562,-73.9979,22,0,0,0
40.7262,-73.9918,21,0,0,0
40.7827,-73.9737,7,0,0,0
40.6817,-73.8804,9,1,0,0
40.737,-73.9929,19,0,0,0
40.7647,-73.9783,21,0,0,0
40.6863,-73.9745,18,1,0,0
40.7281,-73.9939,21,1,0,0
40.762,-73.9256,4,0,0,0
40.6903,-73.9921,21,0,0,0
40.758,-73.9761,23,0,0,0
40.7608,-73.9699,5,0,0,0
40.7749,-73.9481,19,0,0,0
40.771,-73.8657,16,0,0,0
40.7784,-73.9822,15,1,0,0
40.6555,-74.0139,18,0,0,0
40.7628,-73.9409,23,0,0,0
40.7379,-73.9898,22,1,0,0
40.7562,-73.9791,18,0,0,0
40.7591,-73.9921,17,0,0,0
40.7496,-73.9924,11,0,0,0
40.7632,-73.9739,14,1,0,0
40.7565,-73.9782,16,0,0,0
40.7616,-73.9605,21,0,0,0
40.742,-74.0044,0,0,0,0
40.7602,-73.9673,20,1,0,0
40.7201,-73.999,20,0,0,0
40.7564,-74.0017,11,0,0,0
40.6771,-73.9982,21,1,0,0
40.7361,-74.0094,22,0,0,0
40.7491,-73.8927,19,0,0,0
40.7715,-73.9808,15,0,0,0
40.7112,-74.0107,13,0,0,0
40.7289,-73.9756,8,0,0,0
40.7396,-73.9896,17,0,0,0
40.7572,-73.9837,18,0,0,0
40.7573,-73.9698,13,0,0,0
40.6891,-73.9392,6,0,0,0
40.7293,-74.0011,22,0,0,0
40.7167,-73.9648,18,1,0,0
40.9188,-74.0779,22,0,-1,-1
40.7206,-74.0109,23,0,0,0
40.7113,-73.9614,7,0,0,0
40.7488,-74.0033,20,0,0,0
40.74,-74.0073,15,0,0,0
40.7646,-73.9664,19,1,0,0
40.8055,-73.9398,20,1,0,0
40.7564,-73.9852,7,0,0,0
40.7741,-73.8726,22,1,0,0
40.7398,-74.0067,21,1,0,0
40.7497,-73.9952,20,0,0,0
40.6705,-73.9437,5,0,0,0
40.6682,-73.9236,19,0,0,0
40.7141,-73.9489,22,0,0,0
40.6447,-73.782,6,0,0,0
40.7429,-73.983,13,0,0,0
40.7665,-73.9516,13,0,0,0
40.7719,-73.9902,20,1,0,0
40.7202,-74.0105,20,0,0,0
40.7647,-73.9707,19,0,0,0
40.6804,-73.9971,21,0,0,0
40.7264,-73.9956,12,0,0,0
40.722,-73.9964,2,0,0,0
40.762,-73.9717,16,0,0,0
40.6866,-73.9221,18,0,0,0
40.7601,-73.9702,16,0,0,0
40.7197,-73.9846,22,1,0,0
40.7079,-73.94,14,1,0,0
40.7553,-73.9714,12,0,0,0
40.7496,-73.9953,12,0,0,0
40.7394,-74.008,1,1,0,0
40.7607,-73.9746,19,0,0,0
40.7561,-73.9828,11,1,0,0
40.7249,-73.9944,8,0,0,0
40.7381,-74.008,14,0,0,0
40.7489,-73.9971,16,1,0,0
40.7217,-73.9885,20,0,0,0
40.7607,-73.9967,17,0,0,0
40.7715,-73.9472,16,0,0,0
40.7467,-73.973,7,1,0,0
40.683,-73.9792,18,0,0,0
40.8414,-73.9426,15,0,0,0
40.7233,-73.9494,3,0,0,0
40.6211,-73.9675,13,1,0,0
40.7626,-73.9945,23,0,0,0
40.682,-73.8049,15,0,0,0
40.7195,-73.9945,22,0,0,0
40.7461,-73.9948,1,0,0,0
40.7643,-73.9546,18,0,0,0
40.7257,-73.9988,12,1,0,0
40.736,-74.0056,18,0,0,0
40.8209,-73.9546,21,1,0,0
40.6659,-73.9926,18,0,0,0
40.7514,-73.9803,20,0,0,0
40.771,-73.8661,10,1,0,0
40.7323,-74.004,17,0,0,0
40.7144,-73.9996,2,1,0,0
40.7539,-73.9972,11,0,0,0
40.7114,-74.0098,17,0,0,0
40.7763,-73.9761,16,0,0,0
40.7608,-73.999,11,0,0,0
40.6464,-73.7902,14,0,0,0
40.7502,-73.9733,20,0,0,0
40.7709,-73.8662,7,0,0,0
40.7011,-73.9929,4,0,0,0
40.7625,-73.9766,15,1,0,0
40.7491,-73.9757,16,0,0,0
40.7503,-73.9789,19,0,0,0
40.6879,-74.1825,17,0,1,1
40.752,-73.9936,15,1,0,0
40.7555,-74.0033,21,0,0,0
40.771,-73.866,15,0,0,0
40.7423,-73.9779,18,0,0,0
40.7377,-73.9892,21,0,0,0
40.7548,-73.9911,13,0,0,0
40.8659,-73.8828,15,0,0,0
40.7483,-73.9427,17,0,0,0
40.7543,-73.9881,17,0,0,0
40.709,-74.0168,2,1,0,0
40.7927,-74.389,22,1,-1,-1
40.7585,-73.9868,11,0,0,0
40.7349,-73.9581,9,0,0,0
40.6898,-73.9765,9,0,0,0
40.7281,-73.9827,17,1,0,0
40.7617,-73.9941,18,0,0,0
40.7509,-73.9821,22,0,0,0
40.6672,-73.9339,6,1,0,0
40.7543,-73.9634,13,0,0,0
40.7576,-73.9672,22,0,0,0
40.7574,-73.9647,18,0,0,0
40.7404,-73.9868,13,1,0,0
40.6516,-73.8891,18,0,0,0
40.7265,-74.0074,19,0,0,0
40.7776,-73.9769,15,0,0,0
40.7584,-73.989,21,0,0,0
40.7203,-74.0033,12,1,0,0
40.6966,-73.9233,12,0,0,0
40.7271,-73.9932,15,0,0,0
40.6829,-73.9909,9,1,0,0
40.7273,-74.0008,21,0,0,0
40.7796,-73.9555,17,1,0,0
40.7159,-74.0072,13,0,0,0
40.7442,-73.9898,4,0,0,0
40.7345,-73.9887,8,1,0,0
40.7231,-73.9892,22,1,0,0
40.7258,-74.0095,1,0,0,0
40.7573,-73.9823,15,0,0,0
40.7226,-74.0081,12,0,0,0
40.7202,-74.0033,0,1,0,0
40.7592,-73.9256,3,0,0,0
40.708,-74.0099,19,1,0,0
40.7627,-73.9754,18,0,0,0
40.7815,-73.9486,9,0,0,0
40.7878,-73.9552,11,0,0,0
40.7593,-73.9957,10,0,0,0
40.9021,-73.9074,4,0,0,0
40.7536,-73.9835,21,0,0,0
40.7743,-73.8723,17,0,0,0
40.7386,-73.9922,19,0,0,0
40.7637,-73.9751,13,0,0,0
40.676,-73.9486,18,1,0,0
40.7349,-73.9934,6,0,0,0
40.7699,-73.4267,8,0,-1,-1
40.9587,-74.0943,20,0,-1,-1
40.7564,-73.9746,20,0,0,0
40.7182,-73.9523,14,1,0,0
40.703,-73.9299,0,0,0,0
40.7475,-73.9746,16,0,0,0
40.6913,-73.9844,10,1,0,0
40.7585,-73.9888,18,0,0,0
40.7216,-74.0111,12,0,0,0
40.7419,-73.9905,17,0,0,0
40.6854,-73.9252,12,1,0,0
40.7569,-73.976,15,0,0,0
40.7101,-74.0093,21,0,0,0
40.7455,-73.9914,16,1,0,0
40.7416,-73.99,19,0,0,0
40.7553,-73.9758,18,0,0,0
40.8684,-73.9263,14,0,0,0
40.771,-73.9656,16,0,0,0
40.7411,-73.9963,17,0,0,0
40.7624,-73.979,18,1,0,0
40.7741,-73.9659,13,0,0,0
40.787,-73.9739,18,0,0,0
40.725,-73.9881,8,1,0,0
40.7267,-74.0029,17,0,0,0
40.7558,-73.9708,19,0,0,0
40.694,-73.9212,21,0,0,0
40.7362,-73.935,18,0,0,0
40.6738,-74.0118,1,0,0,0
40.6685,-73.9762,8,0,0,0
40.7344,-73.9935,19,0,0,0
40.7165,-74.0165,17,0,0,0
40.7674,-73.955,7,0,0,0
40.7459,-73.9821,14,0,0,0
40.7168,-74.0131,21,1,0,0
40.7337,-74.0024,3,0,0,0
40.7772,-73.9782,8,0,0,0
40.7269,-73.9837,20,0,0,0
40.7797,-73.9771,19,1,0,0
40.7714,-73.9566,6,1,0,0
40.721,-73.9582,16,0,0,0
40.7347,-73.9946,18,0,0,0
40.6447,-73.7822,22,0,0,0
40.7382,-74.0031,19,0,0,0
40.6763,-73.998,16,1,0,0
40.72,-74.0016,13,0,0,0
40.7552,-73.9838,17,0,0,0
40.743,-73.9935,0,1,0,0
40.7562,-73.9726,12,0,0,0
40.7723,-73.9485,15,1,0,0
40.7563,-74.0031,0,1,0,0
40.7685,-73.9873,7,0,0,0
40.7569,-73.9718,13,0,0,0
40.7185,-74.0007,19,0,0,0
40.7083,-74.0168,17,0,0,0
40.7642,-73.9946,22,0,0,0
40.7583,-73.9816,9,0,0,0
40.7567,-73.9801,16,0,0,0
40.7224,-73.9802,8,0,0,0
40.7212,-74.0107,7,0,0,0
40.7233,-74.0082,22,0,0,0
40.7635,-73.9699,22,0,0,0
40.7336,-73.9798,18,0,0,0
40.7217,-73.9582,11,0,0,0
40.7595,-73.9721,19,0,0,0
40.7279,-74.002,9,0,0,0
40.7389,-74.0083,1,1,0,0
40.7792,-73.9829,8,0,0,0
40.6951,-74.1788,13,1,1,1
40.7442,-73.8855,22,0,0,0
40.7388,-74.0056,22,0,0,0
40.7623,-73.9744,17,0,0,0
40.7412,-73.9959,18,0,0,0
40.7713,-73.9897,8,0,0,0
40.7222,-73.9918,18,0,0,0
40.7724,-73.8957,15,0,0,0
40.6873,-73.9569,19,1,0,0
40.7662,-73.9659,20,0,0,0
40.7224,-73.9917,19,0,0,0
40.7413,-73.993,22,1,0,0
40.7462,-73.9882,12,0,0,0
40.616,-74.0344,12,0,0,0
40.744,-74.0067,3,1,0,0
40.7779,-73.9778,6,0,0,0
40.7554,-73.9874,15,0,0,0
40.7335,-74.0063,19,1,0,0
40.7339,-74.0011,20,0,0,0
40.7408,-73.9937,16,0,0,0
40.771,-73.8659,20,0,0,0
40.6948,-74.178,10,0,1,1
40.6483,-73.7825,21,0,0,0
40.7578,-73.9714,20,0,0,0
40.754,-73.9742,15,0,0,0
40.7363,-74.0036,11,1,0,0
40.7106,-73.967,20,1,0,0
40.645,-73.7819,20,0,0,0
40.995,-73.673,20,1,3,2
40.7652,-73.9721,17,0,0,0
40.7222,-73.9588,23,1,0,0
40.7337,-74.0024,22,0,0,0
40.7614,-74.0016,21,1,0,0
40.7747,-73.9901,16,0,0,0
40.7741,-73.8727,22,1,0,0
40.7649,-73.9825,17,0,0,0
40.7379,-74.0093,23,0,0,0
40.736,-73.9836,17,0,0,0
40.73,-74.0069,9,0,0,0
40.7197,-74.0022,11,0,0,0
40.7676,-73.9652,8,0,0,0
40.7563,-73.9641,16,0,0,0
40.7111,-73.9867,7,0,0,0
40.7567,-73.9747,16,1,0,0
40.7708,-73.9823,10,0,0,0
40.7472,-73.9933,21,0,0,0
40.7458,-73.9899,19,0,0,0
40.7468,-73.9807,9,0,0,0
40.722,-73.9803,20,1,0,0
40.6439,-74.0155,13,0,0,0
40.772,-73.9901,21,0,0,0
40.7197,-74.0019,13,0,0,0
40.7496,-74.0049,11,0,0,0
40.7641,-73.9635,17,1,0,0
40.7541,-73.9494,22,0,0,0
40.7522,-73.9799,19,0,0,0
40.6449,-73.7823,20,1,0,0
40.7432,-73.982,7,0,0,0
40.7448,-73.9858,15,0,0,0
40.7647,-73.9763,22,1,0,0
40.7294,-74.001,20,0,0,0
40.7578,-73.9716,18,0,0,0
40.6889,-73.955,18,1,0,0
40.7396,-73.9867,9,0,0,0
40.7829,-73.9532,18,0,0,0
40.7646,-73.9795,15,0,0,0
40.7316,-73.9891,2,1,0,0
40.7696,-73.9921,20,0,0,0
40.7487,-73.9795,11,0,0,0
40.7381,-74.002,17,0,0,0
40.7526,-73.9872,11,0,0,0
40.7366,-73.9975,10,1,0,0
40.7405,-74.0065,23,1,0,0
40.716,-73.9864,6,1,0,0
41.0179,-73.6233,17,0,-1,-1
40.7374,-74.0038,18,1,0,0
40.7725,-73.9156,21,0,0,0
40.752,-73.986,16,0,0,0
40.7292,-73.9892,22,0,0,0
40.754,-73.9759,18,0,0,0
40.7113,-74.0099,12,1,0,0
40.7246,-74.0007,11,1,0,0
40.7299,-73.9916,19,0,0,0
40.7806,-73.961,20,1,0,0
40.7549,-73.8451,22,0,0,0
40.7218,-73.958,23,0,0,0
40.7621,-73.9856,16,0,0,0
40.7226,-74.0052,9,0,0,0
40.789,-74.0447,17,0,0,0
40.7543,-73.9783,11,0,0,0
40.7126,-73.9351,17,0,0,0
40.6909,-73.9843,23,0,0,0
40.7372,-73.9885,22,1,0,0
40.7677,-73.9821,18,0,0,0
40.7245,-73.9914,18,1,0,0
40.749,-73.9917,20,1,0,0
40.7356,-74.0034,16,1,0,0
40.7406,-74.0076,20,0,0,0
40.7249,-73.9983,16,1,0,0
40.7275,-73.9936,13,0,0,0
40.7526,-73.9749,19,0,0,0
40.7515,-74.0035,10,1,0,0
40.7346,-74.0009,7,0,0,0
40.6871,-74.0007,5,0,0,0
40.7039,-73.9906,15,1,0,0
40.7239,-73.9898,10,0,0,0
40.7163,-74.0044,16,1,0,0
40.6973,-73.993,9,1,0,0
40.7758,-73.9899,13,0,0,0
40.7624,-73.9702,18,0,0,0
40.7405,-73.9978,16,0,0,0
40.7424,-74.0065,1,1,0,0
40.679,-74.011,23,0,0,0
41.2261,-73.676,20,0,-1,-1
40.7144,-73.9655,2,1,0,0
40.7359,-74.005,0,0,0,0
40.6954,-74.1776,17,0,1,1
40.7881,-73.9801,16,0,0,0
40.77,-73.9808,22,0,0,0
40.7403,-73.9889,20,0,0,0
40.7213,-73.9948,22,0,0,0
40.758,-73.9932,9,0,0,0
40.7749,-73.9448,6,0,0,0
40.739,-74.0079,11,0,0,0
40.7627,-73.9967,21,0,0,0
40.724,-74.0043,17,0,0,0
40.7065,-74.0094,20,0,0,0
40.772,-73.9582,15,0,0,0
40.7398,-73.993,17,0,0,0
40.7505,-74.0031,19,1,0,0
40.7627,-73.9694,11,0,0,0
40.7529,-73.9868,17,0,0,0
40.7707,-73.9488,4,0,0,0
40.763,-73.9713,20,0,0,0
40.7341,-74.0041,5,0,0,0
40.7564,-73.9749,17,0,0,0
40.827,-73.952,16,0,0,0
40.7879,-73.9776,7,0,0,0
40.642,-73.7886,11,0,0,0
40.7393,-73.9914,21,0,0,0
40.7946,-73.9509,11,1,0,0
40.7602,-73.9873,11,0,0,0
40.754,-73.986,21,0,0,0
40.7235,-73.9811,13,0,0,0
40.7395,-73.9877,15,0,0,0
40.7906,-73.974,23,1,0,0
40.76,-73.9742,12,1,0,0
40.7212,-74.0099,17,0,0,0
40.7614,-73.9676,14,0,0,0
40.774,-73.8725,21,1,0,0
40.7428,-73.9925,18,0,0,0
40.7901,-73.9745,5,0,0,0
40.7877,-73.8357,20,0,0,0
40.7029,-73.9813,20,0,0,0
40.7567,-73.9821,22,0,0,0
40.7254,-73.9841,18,1,0,0
40.75,-73.9812,17,0,0,0
40.7415,-74.0048,23,0,0,0
40.7573,-73.9668,22,0,0,0
40.7397,-74.0065,0,1,0,0
40.7709,-73.8661,16,0,0,0
40.7549,-73.9777,12,0,0,0
40.6226,-74.0279,20,0,0,0
40.7619,-73.9782,17,0,0,0
40.7634,-73.9748,21,0,0,0
40.9817,-73.6957,20,0,3,2
40.7781,-73.9631,11,0,0,0
40.7295,-73.9874,23,0,0,0
40.6889,-73.9838,6,0,0,0
40.6926,-73.959,19,0,0,0
40.7708,-73.9827,15,0,0,0
40.7489,-73.991,22,0,0,0
40.7773,-73.9827,21,0,0,0
40.7488,-73.9762,14,0,0,0
40.687,-73.991,21,0,0,0
40.7205,-73.9966,17,0,0,0
40.7545,-73.9692,12,0,0,0
40.7277,-73.9545,6,0,0,0
40.8143,-73.9345,9,1,0,0
40.7101,-74.0074,17,0,0,0
40.7449,-73.9871,23,0,0,0
40.7414,-73.9931,23,0,0,0
40.7426,-73.9844,16,0,0,0
40.7415,-74.0066,12,0,0,0
40.7366,-74.0066,9,0,0,0
40.6444,-73.7816,21,1,0,0
40.7651,-73.9793,20,0,0,0
40.7415,-74.0066,23,1,0,0
40.7296,-73.9863,6,0,0,0
40.7155,-73.9914,7,0,0,0
40.7824,-73.9765,13,1,0,0
40.7288,-74.0053,1,1,0,0
40.7052,-73.9304,5,0,0,0
40.7476,-73.8935,14,1,0,0
40.7732,-73.9588,11,0,0,0
40.707,-73.9449,12,1,0,0
40.7371,-73.997,11,0,0,0
40.7077,-74.0137,18,0,0,0
40.7199,-73.9596,7,0,0,0
40.7742,-73.9648,7,0,0,0
40.7087,-74.0146,17,0,0,0
40.779,-73.9825,11,0,0,0
40.767,-73.954,7,0,0,0
40.6459,-73.7767,22,0,0,0
40.7406,-73.9982,16,0,0,0
40.7556,-73.979,17,0,0,0
40.7196,-74.0059,22,0,0,0
40.7642,-73.9921,17,0,0,0
40.7108,-74.0061,17,0,0,0
40.7633,-73.9715,16,0,0,0
40.7277,-74.0012,0,1,0,0
40.7511,-73.9805,16,1,0,0
40.6817,-73.9579,20,0,0,0
40.7516,-73.9932,19,0,0,0
40.7527,-73.9738,16,0,0,0
40.7282,-74.0073,20,0,0,0
40.6893,-73.9926,6,1,0,0
40.7465,-73.9741,13,1,0,0
40.716,-73.9621,17,0,0,0
40.7714,-73.9831,21,0,0,0
40.7323,-73.9964,22,0,0,0
40.7554,-73.9865,21,0,0,0
40.645,-73.7818,14,0,0,0
40.6389,-73.9272,8,1,0,0
40.7339,-73.9806,11,0,0,0
40.7344,-73.9832,18,0,0,0
40.7213,-73.9559,12,1,0,0
40.7605,-73.9875,7,0,0,0
40.7909,-73.9535,9,0,0,0
40.7178,-74.0127,23,0,0,0
40.6634,-73.9913,0,1,0,0
40.7658,-73.9523,20,0,0,0
40.7597,-73.9862,19,0,0,0
40.7081,-74.0033,23,0,0,0
40.7192,-74.0068,0,1,0,0
40.7247,-73.9933,8,0,0,0
40.7516,-74.0019,19,0,0,0
40.7206,-74.0043,7,0,0,0
40.7647,-73.9663,19,0,0,0
40.775,-73.9631,14,0,0,0
40.7653,-73.9766,13,0,0,0
40.7505,-73.9867,16,0,0,0
40.724,-73.988,14,1,0,0
40.7806,-73.9727,13,1,0,0
40.7382,-73.9929,16,1,0,0
40.7524,-73.9797,16,0,0,0
40.7445,-73.999,10,0,0,0
40.7176,-73.9624,15,1,0,0
40.5799,-73.9506,21,1,0,0
40.7405,-73.9726,20,0,0,0
40.7186,-74.0049,18,0,0,0
40.7212,-73.9946,14,1,0,0
40.7393,-74.0028,3,1,0,0
40.7643,-73.9543,13,0,0,0
40.7507,-73.9745,16,0,0,0
40.7058,-74.0099,2,1,0,0
40.7307,-74.0323,17,1,0,0
40.7045,-74.0083,21,0,0,0
40.7348,-74.0448,12,1,0,0
40.7552,-73.9927,22,0,0,0
40.6486,-73.7829,22,0,0,0
40.7605,-73.9731,1,0,0,0
40.8764,-73.8274,13,0,0,0
40.7493,-73.989,23,0,0,0
40.7743,-73.9615,6,0,0,0
40.7749,-73.9508,8,0,0,0
40.74,-74.0071,0,1,0,0
40.7677,-73.9621,18,0,0,0
40.7428,-73.9969,22,0,0,0
40.7633,-73.9795,21,0,0,0
40.8152,-73.9094,19,0,0,0
40.741,-74.0056,3,0,0,0
40.7581,-73.9891,8,0,0,0
40.7123,-73.9639,11,1,0,0
40.7049,-74.0071,8,0,0,0
40.7195,-74.0018,17,0,0,0
40.0162,-74.057,0,1,-1,-1
40.7356,-73.9829,19,0,0,0
40.7734,-73.9496,15,0,0,0
40.7616,-73.9903,11,0,0,0
40.737,-73.9953,13,1,0,0
40.7266,-74.009,19,0,0,0
40.7202,-74.012,17,0,0,0
40.75,-73.9784,5,0,0,0
40.782,-73.9171,7,0,0,0
40.7436,-73.9752,18,0,0,0
40.7751,-73.9879,8,0,0,0
40.7378,-73.9923,15,1,0,0
40.7773,-73.9806,22,0,0,0
40.7653,-73.9724,16,0,0,0
40.7522,-73.9819,16,0,0,0
40.7274,-73.9939,20,0,0,0
40.7241,-74.0094,10,1,0,0
40.7367,-73.995,12,0,0,0
40.7025,-73.9907,17,0,0,0
40.7322,-74.0054,21,0,0,0
40.7368,-73.989,19,0,0,0
40.7491,-73.9765,7,0,0,0
40.8163,-73.9284,19,1,0,0
40.7632,-73.9821,12,0,0,0
40.7482,-73.9887,12,0,0,0
40.722,-73.9875,9,0,0,0
40.7271,-73.9956,16,0,0,0
40.7407,-74.0056,15,0,0,0
40.743,-74.0077,22,0,0,0
40.7083,-74.0146,1,1,0,0
40.8581,-73.9327,18,0,0,0
40.752,-73.9862,6,0,0,0
40.7056,-73.948,23,0,0,0
40.7248,-74.0101,7,0,0,0
40.7427,-73.9846,15,0,0,0
40.7421,-73.9971,18,0,0,0
40.7413,-74.0061,19,0,0,0
40.7031,-73.9896,22,0,0,0
40.7725,-73.967,15,1,0,0
40.7002,-73.9525,6,0,0,0
40.757,-73.9718,21,0,0,0
40.7309,-74.0014,22,1,0,0
40.6857,-73.9814,21,0,0,0
40.7686,-73.8627,17,0,0,0
40.7504,-73.9949,17,0,0,0
40.7371,-73.9928,18,1,0,0
40.718,-73.9938,18,1,0,0
40.7236,-74.0027,15,1,0,0
40.7271,-74.0311,12,1,0,0
40.767,-73.9845,15,0,0,0
40.7199,-74.0051,17,0,0,0
40.7828,-73.951,16,0,0,0
40.7456,-74.002,17,0,0,0
40.7385,-73.9802,12,1,0,0
40.7063,-74.0096,18,1,0,0
40.7398,-73.9854,18,0,0,0
40.7673,-73.9665,8,0,0,0
40.8082,-73.9452,1,1,0,0
40.7566,-74.0016,19,0,0,0
40.6949,-73.9833,6,0,0,0
40.8684,-73.9065,18,0,0,0
40.7454,-73.9769,10,0,0,0
40.747,-73.9839,21,0,0,0
40.7394,-73.9912,17,0,0,0
40.6816,-73.9453,19,0,0,0
40.7802,-73.9502,4,1,0,0
40.7536,-73.9677,19,1,0,0
40.7388,-73.9852,9,0,0,0
40.7104,-74.0092,20,0,0,0
40.6712,-73.9595,11,1,0,0
40.7449,-73.9888,14,0,0,0
40.7365,-74.0064,14,0,0,0
40.778,-73.961,19,0,0,0
40.7066,-74.0093,20,0,0,0
40.7701,-73.8648,12,0,0,0
40.7497,-73.9837,18,0,0,0
40.6762,-73.9499,1,0,0,0
40.7601,-73.9954,7,0,0,0
40.7525,-73.9859,21,0,0,0
40.7187,-74.0103,20,0,0,0
40.7264,-73.996,14,0,0,0
40.7741,-73.8726,5,0,0,0
40.7621,-73.9583,8,0,0,0
40.6881,-73.907,16,1,0,0
40.8911,-73.9073,14,0,0,0
40.7222,-73.9587,2,0,0,0
40.6744,-74.0129,11,0,0,0
40.7336,-73.7,17,1,0,0
40.7312,-73.9951,20,0,0,0
40.7394,-74.0422,11,1,0,0
40.6878,-74.1816,15,0,1,1
40.7628,-73.9832,18,0,0,0
40.8016,-73.9609,22,1,0,0
40.7413,-73.9986,4,0,0,0
40.7717,-73.9494,16,1,0,0
40.7458,-74.0037,7,0,0,0
40.7561,-73.9832,19,0,0,0
40.722,-74.0041,18,0,0,0
40.7565,-73.9899,8,0,0,0
40.7067,-73.923,0,0,0,0
40.749,-74.0029,12,0,0,0
40.7689,-73.9675,15,1,0,0
40.7407,-74.0049,13,0,0,0
40.7681,-73.9136,13,0,0,0
40.7749,-73.9627,11,0,0,0
40.8069,-73.9648,21,0,0,0
40.7369,-73.9744,8,0,0,0
40.7647,-73.9805,11,0,0,0
40.7527,-73.9925,17,0,0,0
40.734,-74.0025,21,0,0,0
40.7245,-73.8887,18,0,0,0
40.7055,-74.0069,6,0,0,0
40.7249,-73.9782,1,1,0,0
40.7745,-73.9631,17,0,0,0
40.7224,-73.9917,20,0,0,0
40.7205,-73.9882,9,0,0,0
40.7244,-73.9982,11,1,0,0
40.7966,-73.9684,10,0,0,0
40.726,-73.9928,17,0,0,0
40.7506,-73.9699,17,0,0,0
40.71,-74.0073,11,1,0,0
40.7403,-73.9882,22,0,0,0
40.6525,-73.9731,6,0,0,0
40.715,-74.0078,1,1,0,0
40.7563,-73.9717,12,0,0,0
40.7893,-73.9464,15,1,0,0
40.7515,-73.992,15,1,0,0
40.7643,-73.9692,21,0,0,0
40.7582,-73.9643,6,0,0,0
40.7845,-73.9497,7,0,0,0
40.7652,-73.9614,8,0,0,0
40.7286,-74.0027,19,1,0,0
40.7708,-73.963,21,0,0,0
40.764,-73.981,19,0,0,0
40.7586,-73.9671,7,0,0,0
40.6749,-73.8076,11,0,0,0
40.7707,-73.9478,13,0,0,0
40.7397,-73.9928,20,0,0,0
40.7511,-73.985,13,1,0,0
40.7266,-73.9956,23,0,0,0
40.7215,-73.9946,11,0,0,0
40.7319,-74.0037,21,0,0,0
40.7359,-73.9789,10,0,0,0
40.76,-73.9966,12,1,0,0
40.7236,-74.0109,23,0,0,0
40.7558,-73.9726,8,0,0,0
40.6933,-73.9885,14,0,0,0
40.7184,-73.9419,3,0,0,0
40.7574,-73.9718,19,0,0,0
40.6438,-73.7903,11,0,0,0
40.7578,-73.9814,13,0,0,0
40.7238,-74.0108,6,0,0,0
40.7704,-73.8652,6,0,0,0
40.7804,-73.9468,8,0,0,0
40.7547,-73.9954,14,0,0,0
40.7326,-74.0084,21,0,0,0
40.7301,-74.0041,20,0,0,0
40.739,-74.0008,14,1,0,0
40.7502,-73.9804,2,0,0,0
40.7699,-73.9843,22,0,0,0
40.6874,-73.957,2,1,0,0
40.7436,-73.9729,13,0,0,0
40.7235,-74.0107,16,0,0,0
40.731,-74.0014,7,0,0,0
40.7243,-73.9961,16,0,0,0
40.7301,-74.0055,21,0,0,0
40.7181,-74.0085,10,0,0,0
40.7054,-74.0171,17,0,0,0
40.7082,-73.9423,20,0,0,0
40.7477,-73.9736,22,1,0,0
40.7617,-73.9799,19,0,0,0
40.7402,-73.9984,16,0,0,0
40.7144,-74.01,10,0,0,0
40.6789,-73.9867,15,1,0,0
40.7311,-74.0028,20,0,0,0
40.8313,-73.9264,20,0,0,0
40.7196,-74.0107,21,0,0,0
40.6818,-73.9645,18,1,0,0
40.7576,-73.9821,23,1,0,0
40.773,-73.9801,18,0,0,0
40.7347,-73.9882,17,0,0,0
40.6906,-73.958,22,0,0,0
40.7393,-73.9862,19,0,0,0
40.7361,-73.9981,7,0,0,0
40.7921,-73.9719,12,0,0,0
40.7384,-74.0082,17,0,0,0
40.7684,-73.9586,9,1,0,0
40.739,-73.9956,21,0,0,0
40.7617,-73.9651,20,0,0,0
40.734,-73.9899,20,0,0,0
40.7593,-73.9757,22,0,0,0
40.7218,-73.9997,13,0,0,0
40.7376,-74.0075,15,0,0,0
40.7499,-73.9781,15,1,0,0
40.7271,-73.9786,20,1,0,0
40.7943,-73.9198,13,1,0,0
40.7223,-73.9821,22,0,0,0
40.7565,-73.988,14,1,0,0
40.7742,-73.8733,15,0,0,0
40.7494,-73.9854,16,0,0,0
40.7711,-73.9567,6,0,0,0
40.6813,-73.9772,19,1,0,0
40.7017,-73.9234,15,1,0,0
40.7405,-74.0065,19,0,0,0
40.7217,-73.9873,18,0,0,0
40.7462,-74.0015,20,0,0,0
40.73,-73.9776,20,1,0,0
40.7404,-74.0076,17,1,0,0
40.6792,-73.9834,21,0,0,0
40.7734,-73.9544,7,0,0,0
40.6649,-73.9773,18,0,0,0
40.7401,-73.9949,21,0,0,0
40.7683,-73.957,8,0,0,0
40.774,-73.8718,21,0,0,0
40.752,-73.9688,20,0,0,0
40.6447,-73.7819,21,0,0,0
40.718,-74.0101,21,0,0,0
40.7644,-73.9774,8,1,0,0
40.6443,-73.7818,22,1,0,0
40.7516,-73.9865,15,0,0,0
40.7165,-73.9658,10,0,0,0
40.7322,-74.0077,8,0,0,0
40.7029,-74.013,16,0,0,0
40.7222,-73.9933,10,0,0,0
40.6448,-73.7819,23,0,0,0
40.7521,-74.0034,11,1,0,0
40.7505,-73.9915,19,1,0,0
40.7385,-73.9855,10,0,0,0
40.7285,-74.0027,6,0,0,0
40.73,-73.992,22,0,0,0
40.7546,-73.9775,13,0,0,0
40.7234,-74.0038,20,0,0,0
40.6434,-73.991,16,0,0,0
40.7435,-74.0068,20,0,0,0
40.7274,-73.9922,17,1,0,0
40.7377,-73.9881,19,0,0,0
40.7625,-73.977,8,0,0,0
40.7561,-73.9752,20,0,0,0
40.7524,-73.9821,9,1,0,0
40.7828,-73.9573,13,1,0,0
40.759,-73.992,13,1,0,0
40.7912,-73.9533,13,1,0,0
40.753,-73.9965,16,0,0,0
40.7566,-73.9742,22,0,0,0
40.7286,-74.0017,13,0,0,0
40.7695,-73.965,17,0,0,0
40.7707,-73.868,15,0,0,0
40.756,-73.973,14,1,0,0
40.8675,-73.9059,9,0,0,0
40.7552,-73.9733,7,0,0,0
40.751,-73.9866,15,0,0,0
40.7731,-73.9545,18,1,0,0
40.7337,-73.9899,15,0,0,0
40.761,-73.987,21,1,0,0
40.7044,-73.987,15,0,0,0
40.7346,-73.9907,13,0,0,0
40.7456,-73.991,18,0,0,0
40.7219,-74.0098,10,1,0,0
40.695,-73.9523,9,0,0,0
40.7822,-73.9753,8,0,0,0
40.755,-73.9727,20,1,0,0
40.6773,-73.9983,13,0,0,0
40.7401,-74.0053,2,0,0,0
40.737,-73.9963,22,0,0,0
40.7487,-73.9378,3,0,0,0
40.7664,-73.9566,12,0,0,0
40.7192,-73.9854,1,0,0,0
40.7304,-74.0057,16,0,0,0
40.7636,-73.9764,11,0,0,0
40.7411,-73.9979,9,0,0,0
40.7118,-73.8472,14,0,0,0
40.7657,-74.0294,17,0,0,0
40.8047,-73.9389,18,0,0,0
40.686,-73.9527,10,1,0,0
40.7388,-74.0091,2,1,0,0
40.7454,-73.9939,5,0,0,0
40.7701,-73.8647,17,1,0,0
40.7581,-73.9754,12,0,0,0
40.7638,-73.9731,17,0,0,0
40.7192,-74.0036,1,0,0,0
40.7147,-74.0159,0,1,0,0
40.7699,-73.9842,17,0,0,0
40.7755,-73.9622,9,1,0,0
40.7558,-73.9722,20,0,0,0
40.6447,-73.7825,6,0,0,0
40.7345,-73.9976,9,0,0,0
40.7313,-73.9923,14,0,0,0
40.7515,-74.005,16,0,0,0
40.7983,-73.9711,6,0,0,0
40.7144,-74.0144,16,0,0,0
40.746,-73.9832,19,0,0,0
40.7482,-73.9477,15,0,0,0
40.7521,-73.9739,12,0,0,0
40.6808,-73.9262,13,1,0,0
40.7654,-73.9621,13,0,0,0
40.7203,-73.9918,5,0,0,0
40.7312,-73.9994,22,0,0,0
40.7421,-74.0045,17,0,0,0
40.7396,-73.9926,3,1,0,0
40.774,-73.9608,13,0,0,0
40.727,-73.9803,23,0,0,0
40.733,-74.0031,19,1,0,0
40.7175,-73.9581,21,1,0,0
40.7641,-73.9667,8,0,0,0
40.7944,-73.9663,6,1,0,0
40.6804,-73.9567,21,1,0,0
40.7149,-73.9472,17,1,0,0
40.8155,-73.9597,8,0,0,0
40.7713,-73.9896,20,1,0,0
40.7029,-73.9949,8,0,0,0
40.7021,-73.7905,14,1,0,0
40.7775,-73.9795,16,0,0,0
40.7794,-73.9877,6,0,0,0
40.7247,-73.9923,23,0,0,0
40.7113,-74.0095,18,0,0,0
40.6701,-73.9854,20,1,0,0
40.7284,-73.9997,23,0,0,0
40.7183,-73.914,14,0,0,0
40.7578,-73.9615,16,0,0,0
40.7203,-73.9559,0,1,0,0
40.8678,-73.9003,7,1,0,0
40.7706,-73.9642,14,0,0,0
40.7676,-73.9686,14,0,0,0
40.7516,-73.9938,17,0,0,0
40.7743,-73.9811,18,0,0,0
40.645,-73.7814,18,1,0,0
40.8177,-73.8568,15,1,0,0
40.72,-73.988,21,0,0,0
40.7723,-73.9899,5,0,0,0
40.73,-73.9915,20,0,0,0
40.7597,-73.9897,8,0,0,0
40.721,-74.0043,7,0,0,0
40.757,-73.9185,3,1,0,0
40.755,-74.0002,19,0,0,0
40.7416,-74.0049,15,0,0,0
40.7312,-74.0095,7,0,0,0
40.6459,-73.7767,17,1,0,0
40.6858,-73.9694,19,0,0,0
40.75,-73.9941,8,0,0,0
40.7633,-73.9806,11,0,0,0
40.7193,-74.0052,7,0,0,0
40.7514,-73.9785,15,0,0,0
40.7607,-73.9737,16,0,0,0
40.7467,-73.9848,22,0,0,0
40.6915,-73.9845,16,0,0,0
40.7429,-73.9965,20,0,0,0
40.7587,-73.9819,19,0,0,0
40.7386,-73.9978,10,0,0,0
40.7553,-73.993,8,0,0,0
40.7585,-73.983,10,1,0,0
40.6898,-73.9662,17,1,0,0
40.7361,-73.9959,7,0,0,0
40.6673,-73.9878,8,0,0,0
40.7374,-74.0083,8,1,0,0
40.7334,-73.9997,14,0,0,0
40.7716,-73.9649,12,0,0,0
40.7331,-73.9901,22,0,0,0
40.7087,-73.9239,14,0,0,0
40.8106,-73.9525,19,0,0,0
40.748,-73.9776,15,0,0,0
40.6886,-73.968,20,1,0,0
40.7601,-73.9697,19,0,0,0
40.719,-73.9966,22,0,0,0
40.7207,-73.9547,17,0,0,0
40.7676,-73.9829,20,0,0,0
40.7417,-73.9875,22,0,0,0
40.7123,-73.9642,19,0,0,0
40.7466,-73.9939,12,0,0,0
40.722,-74.002,13,1,0,0
40.7225,-73.9826,8,0,0,0
40.7546,-73.9774,18,0,0,0
40.6838,-73.8057,0,0,0,0
40.7299,-73.9812,23,0,0,0
40.7042,-73.9866,12,0,0,0
40.7851,-73.9811,15,0,0,0
40.7074,-74.0044,16,0,0,0
40.72,-74.0086,19,1,0,0
40.7353,-73.9942,20,0,0,0
40.746,-74.0321,9,1,0,0
40.7503,-73.9769,16,0,0,0
40.7783,-73.9787,14,1,0,0
40.688,-73.9786,5,0,0,0
40.7831,-73.9528,2,0,0,0
40.6446,-73.7821,16,1,0,0
40.7214,-73.9937,3,1,0,0
40.7235,-74.008,12,0,0,0
40.7152,-74.0157,18,0,0,0
40.669,-73.9864,18,1,0,0
40.7466,-74.0098,21,0,0,0
40.7676,-73.9824,16,1,0,0
40.7276,-73.9853,16,0,0,0
40.7597,-73.9734,19,0,0,0
40.6944,-73.9067,3,0,0,0
40.7343,-74.0031,22,0,0,0
40.7347,-73.9963,11,0,0,0
40.7385,-73.9842,14,0,0,0
40.768,-73.9314,10,0,0,0
40.7665,-73.9941,21,0,0,0
40.689,-73.9888,9,0,0,0
40.6912,-74.1773,16,0,1,1
40.7587,-73.9891,12,1,0,0
40.7208,-73.9977,12,0,0,0
40.7792,-73.9149,3,0,0,0
40.7174,-73.8619,9,0,0,0
40.7427,-73.992,3,0,0,0
40.7571,-73.9765,11,0,0,0
40.7745,-73.9637,20,0,0,0
40.7189,-74.0066,20,0,0,0
40.749,-73.9914,10,0,0,0
40.718,-73.9901,22,1,0,0
40.7489,-73.9925,21,0,0,0
40.7588,-73.9762,6,0,0,0
40.7325,-73.9951,14,0,0,0
40.7559,-73.977,21,0,0,0
40.7552,-73.9732,8,0,0,0
40.7531,-73.9834,21,0,0,0
40.7617,-73.977,20,0,0,0
40.645,-73.7814,11,1,0,0
40.7068,-73.9249,11,0,0,0
40.7338,-73.9862,3,1,0,0
40.6905,-73.9918,7,0,0,0
40.7791,-73.9589,14,0,0,0
40.8076,-73.9457,0,1,0,0
40.7635,-73.9778,11,0,0,0
40.7556,-73.9758,1,0,0,0
40.7249,-73.9923,17,0,0,0
40.7244,-74.0014,18,0,0,0
40.7555,-73.9861,9,1,0,0
40.7832,-73.9548,8,1,0,0
40.7341,-73.9778,19,0,0,0
40.7922,-73.9262,15,0,0,0
40.7453,-74.0084,10,0,0,0
40.7741,-73.9611,12,0,0,0
40.729,-73.9844,19,0,0,0
40.7554,-74.0032,19,0,0,0
40.6708,-73.9509,14,1,0,0
40.7545,-73.976,9,0,0,0
40.6871,-73.9559,10,0,0,0
40.6777,-73.9508,5,0,0,0
40.7523,-73.9875,17,0,0,0
40.7229,-74.0044,15,0,0,0
40.6854,-73.978,19,1,0,0
40.7842,-73.9834,8,0,0,0
40.7482,-73.9918,14,0,0,0
40.7137,-74.0101,21,0,0,0
40.749,-73.9761,14,0,0,0
40.7399,-74.0061,13,1,0,0
40.7521,-73.9937,20,1,0,0
40.7594,-73.8329,12,1,0,0
40.7615,-73.97,14,0,0,0
40.7416,-73.982,21,1,0,0
40.7514,-74.0314,14,0,0,0
40.7805,-73.9753,19,0,0,0
40.7369,-73.9867,18,0,0,0
40.7715,-73.9891,13,0,0,0
40.7937,-73.9218,21,0,0,0
40.7247,-73.9823,21,0,0,0
40.7196,-73.9606,22,1,0,0
40.7521,-73.9945,10,0,0,0
40.6719,-73.9872,16,1,0,0
40.7525,-73.9795,21,0,0,0
40.7415,-73.9812,23,0,0,0
40.743,-73.9892,9,0,0,0
40.7259,-73.9866,0,1,0,0
40.7521,-73.9929,12,0,0,0
40.7627,-73.9861,17,0,0,0
40.7615,-73.968,14,0,0,0
40.7038,-74.0101,15,0,0,0
40.7546,-73.9841,15,0,0,0
40.6785,-73.973,6,0,0,0
40.7018,-73.9516,17,0,0,0
40.7294,-73.9839,16,1,0,0
40.7588,-73.9739,16,0,0,0
40.7216,-73.9994,16,1,0,0
40.7599,-73.9962,13,0,0,0
40.7533,-73.9721,20,1,0,0
40.7421,-73.995,4,0,0,0
40.7257,-73.9519,6,0,0,0
40.7751,-73.9908,9,0,0,0
40.7443,-73.9917,17,0,0,0
40.7309,-73.9879,11,1,0,0
40.7259,-73.992,22,0,0,0
40.7623,-73.9783,5,0,0,0
40.7586,-73.9929,15,0,0,0
40.6828,-73.9783,5,0,0,0
40.7188,-74.0107,12,0,0,0
40.7582,-73.973,20,0,0,0
40.7082,-74.0176,17,0,0,0
40.6666,-73.9879,18,0,0,0
40.7073,-74.0043,12,0,0,0
40.707,-74.0164,19,1,0,0
40.6614,-73.9972,16,0,0,0
40.7823,-73.9465,18,0,0,0
40.7418,-73.9901,18,1,0,0
40.7643,-73.9808,13,0,0,0
40.7234,-74.003,17,0,0,0
40.7471,-73.9965,23,1,0,0
40.7644,-73.9983,15,1,0,0
40.7449,-73.9762,21,1,0,0
40.751,-74.006,14,0,0,0
40.7642,-73.9828,11,1,0,0
40.7602,-73.9807,17,0,0,0
40.8513,-73.8533,20,1,0,0
40.7706,-73.9856,4,0,0,0
40.7239,-73.9509,22,0,0,0
40.6447,-73.7821,22,1,0,0
40.7766,-73.9893,23,0,0,0
40.7516,-73.9941,19,1,0,0
40.7334,-73.9991,5,0,0,0
40.7412,-73.9187,8,0,0,0
40.7566,-73.9823,19,0,0,0
40.7442,-73.9856,13,0,0,0
40.7271,-73.9839,11,1,0,0
40.7139,-73.9653,22,0,0,0
40.7413,-73.9897,18,0,0,0
40.7794,-73.9593,8,0,0,0
40.7584,-73.9654,14,0,0,0
40.764,-73.9736,0,1,0,0
40.7054,-74.0077,16,0,0,0
40.774,-73.8726,18,1,0,0
40.7483,-73.9847,18,0,0,0
40.7084,-73.9212,6,0,0,0
40.7705,-73.9803,14,0,0,0
40.7603,-73.9618,19,0,0,0
40.7667,-73.9598,17,0,0,0
40.673,-73.9923,14,0,0,0
40.7069,-73.9476,0,0,0,0
40.7742,-73.8722,14,0,0,0
40.7115,-74.0068,4,0,0,0
40.7285,-73.9995,20,1,0,0
40.7497,-73.9922,10,1,0,0
40.7595,-73.9892,23,0,0,0
40.7807,-73.9569,21,0,0,0
40.7242,-73.9936,14,0,0,0
40.774,-73.8738,23,0,0,0
40.7338,-73.9431,10,0,0,0
40.7746,-73.9634,15,0,0,0
40.7378,-73.9981,23,1,0,0
40.7201,-74.0104,16,0,0,0
40.7073,-74.0027,23,0,0,0
40.7309,-74.0049,18,1,0,0
40.7493,-73.9922,19,1,0,0
40.7308,-73.9889,22,1,0,0
40.7308,-74.0052,4,0,0,0
40.7448,-73.997,18,0,0,0
40.7562,-73.9614,19,0,0,0
40.6945,-73.9961,22,0,0,0
40.7505,-74.0238,4,0,0,0
40.7307,-73.9862,21,0,0,0
40.7146,-73.9939,9,0,0,0
40.807,-73.9536,17,1,0,0
40.7503,-73.9913,14,0,0,0
40.7279,-73.9911,0,0,0,0
40.7305,-73.9833,11,0,0,0
40.714,-74.0146,20,0,0,0
40.7059,-74.0101,17,0,0,0
40.7201,-74.0108,18,0,0,0
40.7238,-73.5872,20,1,0,-1
40.6892,-73.9935,21,0,0,0
40.6448,-73.7825,19,1,0,0
40.72,-74.0086,11,1,0,0
40.7738,-73.9814,21,0,0,0
40.7732,-73.8855,9,0,0,0
40.7583,-73.9854,16,0,0,0
40.7043,-74.0118,20,0,0,0
40.7516,-73.9762,8,0,0,0
40.7092,-74.0138,13,0,0,0
40.7062,-74.0092,22,0,0,0
40.7196,-74.0107,2,0,0,0
40.7237,-73.9509,20,0,0,0
40.6856,-73.9835,9,0,0,0
40.7854,-73.9493,22,1,0,0
40.7719,-73.947,13,1,0,0
40.7739,-73.8726,11,1,0,0
40.7175,-74.0134,23,1,0,0
40.7644,-73.9826,6,0,0,0
40.7229,-74.0079,12,0,0,0
40.7612,-73.9678,15,0,0,0
40.7643,-73.9583,10,1,0,0
40.6675,-73.9914,9,1,0,0
40.6878,-74.1819,7,0,1,1
40.7351,-73.9956,17,0,0,0
40.6912,-73.9665,7,0,0,0
40.7272,-73.9787,15,0,0,0
40.7195,-73.997,22,0,0,0
40.7641,-73.9813,10,0,0,0
40.7258,-73.9987,21,0,0,0
40.7739,-73.8718,12,0,0,0
40.7227,-73.9981,18,1,0,0
40.7363,-74.0019,20,0,0,0
40.7202,-73.9844,5,1,0,0
40.7114,-73.964,21,0,0,0
40.7416,-73.9933,20,0,0,0
40.7156,-74.0091,19,1,0,0
40.7877,-73.9554,15,1,0,0
40.6997,-73.9451,18,0,0,0
40.7513,-73.9803,8,0,0,0
40.7765,-73.9215,7,0,0,0
40.7066,-74.0084,14,0,0,0
40.7568,-73.9984,3,0,0,0
40.7149,-73.9559,10,1,0,0
40.7104,-74.006,12,0,0,0
40.7452,-73.9922,23,1,0,0
40.7613,-73.9754,14,0,0,0
40.7188,-73.9994,13,1,0,0
40.6813,-73.9771,10,0,0,0
40.7666,-73.9539,4,0,0,0
40.6727,-73.9572,19,0,0,0
40.7355,-73.9947,14,1,0,0
40.7401,-73.9971,6,0,0,0
40.7402,-74.0056,12,0,0,0
40.7441,-73.9956,18,1,0,0
40.6932,-73.9905,11,0,0,0
40.7396,-74.0019,1,1,0,0
40.7458,-73.994,20,0,0,0
40.673,-73.9712,17,0,0,0
40.6976,-73.9359,20,1,0,0
40.7603,-73.9601,6,0,0,0
40.739,-73.9812,9,0,0,0
40.7236,-74.0046,11,0,0,0
40.6457,-73.7768,12,1,0,0
40.7676,-73.9807,19,1,0,0
40.7592,-73.9789,19,0,0,0
40.7279,-73.9807,19,0,0,0
40.7229,-74.005,13,0,0,0
40.7265,-73.9937,15,0,0,0
40.7675,-73.9848,6,0,0,0
40.7365,-73.9889,15,0,0,0
40.7607,-73.9986,12,0,0,0
40.732,-74.0052,7,0,0,0
40.6677,-73.9313,13,0,0,0
40.7894,-73.9799,16,1,0,0
40.6744,-73.9688,15,0,0,0
40.7551,-73.9756,18,0,0,0
40.768,-73.8619,21,1,0,0
40.7567,-73.9665,21,0,0,0
40.7311,-73.9939,18,0,0,0
40.7838,-73.9462,9,0,0,0
40.7485,-73.9926,19,0,0,0
40.7477,-73.9403,18,0,0,0
40.7425,-74.0012,11,0,0,0
40.7731,-73.8855,10,0,0,0
40.7555,-73.9757,11,0,0,0
40.738,-74.004,21,0,0,0
40.6147,-73.9476,6,0,0,0
40.7482,-73.9875,14,0,0,0
40.7423,-73.9931,22,0,0,0
40.7249,-73.9987,7,0,0,0
40.7438,-73.9882,18,1,0,0
40.722,-73.9578,0,1,0,0
40.646,-73.7766,8,0,0,0
40.6078,-73.9817,5,0,0,0
40.7677,-73.9916,17,0,0,0
40.7142,-74.0149,17,0,0,0
40.7405,-73.985,0,0,0,0
40.7564,-73.9742,9,1,0,0
40.7471,-73.9855,21,0,0,0
40.7393,-73.9936,6,0,0,0
40.7344,-73.9862,22,1,0,0
40.7293,-73.987,14,0,0,0
40.742,-73.9893,13,0,0,0
40.7744,-73.9635,13,0,0,0
40.7723,-73.9671,13,1,0,0
40.7041,-73.9868,19,0,0,0
40.752,-73.9851,7,0,0,0
40.718,-74.0147,0,1,0,0
40.7342,-73.9937,20,0,0,0
40.7267,-74.0029,21,0,0,0
40.7645,-73.9704,16,0,0,0
40.734,-73.9928,17,0,0,0
40.7396,-73.985,21,0,0,0
40.759,-73.9814,17,0,0,0
40.6735,-73.9512,0,1,0,0
40.7267,-73.9997,0,1,0,0
40.7157,-73.9402,18,1,0,0
40.8002,-73.9408,16,0,0,0
40.7418,-74.0036,19,0,0,0
40.7359,-74.0057,21,0,0,0
40.7231,-73.9891,8,0,0,0
40.7019,-73.9925,16,1,0,0
40.7401,-73.9948,12,0,0,0
40.6775,-73.9746,5,0,0,0
40.7283,-73.9849,3,0,0,0
40.7743,-73.9635,20,0,0,0
40.8297,-73.928,21,0,0,0
40.7347,-74.1652,22,1,1,1
40.7553,-73.9839,8,0,0,0
40.7506,-73.9741,19,0,0,0
40.7537,-73.9886,17,0,0,0
40.7702,-73.9875,14,0,0,0
40.7694,-73.9635,8,0,0,0
40.7758,-73.9836,22,1,0,0
40.7222,-73.9973,7,0,0,0
40.7108,-73.936,19,0,0,0
40.759,-73.9741,18,0,0,0
40.6878,-74.1817,5,0,1,1
40.7615,-73.9713,13,0,0,0
40.7319,-73.9739,19,0,0,0
40.6295,-74.0109,15,1,0,0
40.6448,-73.7819,6,0,0,0
40.7247,-73.9988,18,1,0,0
40.7618,-73.9825,20,1,0,0
40.7639,-73.9711,17,0,0,0
40.7369,-73.9999,21,0,0,0
40.7435,-73.9577,22,0,0,0
40.7634,-73.9751,23,0,0,0
40.7612,-73.9691,13,0,0,0
40.7771,-73.989,23,1,0,0
40.7499,-74.0026,13,0,0,0
40.7135,-73.962,17,1,0,0
40.7619,-73.9948,3,0,0,0
40.7223,-74.0035,17,0,0,0
40.7229,-73.9886,13,0,0,0
40.7466,-73.9938,22,0,0,0
40.7401,-74.0033,11,1,0,0
40.7571,-74.001,10,0,0,0
40.727,-73.9839,20,1,0,0
40.7767,-73.9792,3,1,0,0
40.7437,-73.9882,15,0,0,0
40.6605,-73.8306,15,1,0,0
40.7311,-73.9936,2,1,0,0
40.7355,-74.0081,17,1,0,0
40.7645,-73.9771,23,1,0,0
40.729,-73.985,9,0,0,0
40.7714,-73.9565,20,0,0,0
40.7422,-74.0046,0,1,0,0
40.7269,-73.9917,20,0,0,0
40.724,-73.9963,17,0,0,0
40.7683,-73.9824,17,0,0,0
40.7587,-73.9777,20,0,0,0
40.8002,-73.9656,22,0,0,0
40.7605,-73.9995,19,0,0,0
40.7338,-74.0099,21,0,0,0
40.7555,-73.9741,14,0,0,0
40.7616,-73.9866,19,0,0,0
40.6959,-73.9941,19,0,0,0
40.7269,-73.9457,19,0,0,0
40.718,-73.9597,9,0,0,0
40.7608,-73.9978,18,1,0,0
40.756,-73.9833,19,0,0,0
40.7619,-73.985,22,0,0,0
40.7614,-73.9998,19,1,0,0
40.7227,-73.9861,17,0,0,0
40.7744,-73.9635,12,0,0,0
40.7167,-74.0148,7,0,0,0
40.7706,-73.9858,10,0,0,0
40.7629,-73.9739,17,0,0,0
40.7239,-73.9992,17,0,0,0
40.7219,-74.0064,21,0,0,0
40.7275,-74.0033,20,1,0,0
40.7289,-73.9971,18,0,0,0
40.7741,-73.872,17,1,0,0
40.6921,-73.985,5,0,0,0
40.7208,-73.9984,17,0,0,0
40.7537,-73.9715,19,1,0,0
40.7063,-74.0087,21,0,0,0
40.7516,-73.9764,22,1,0,0
40.7135,-74.0122,17,0,0,0
40.706,-74.0069,16,0,0,0
40.7416,-74.0028,8,0,0,0
40.6869,-73.9584,11,0,0,0
40.7786,-73.9561,16,0,0,0
40.6468,-73.7895,15,1,0,0
40.7023,-73.9896,21,0,0,0
40.7702,-73.8649,20,0,0,0
40.7504,-73.8974,11,0,0,0
40.6542,-73.9743,6,0,0,0
40.7174,-74.0014,18,0,0,0
40.7631,-73.9806,17,0,0,0
40.7571,-73.985,17,1,0,0
40.7221,-73.9963,21,0,0,0
40.7767,-73.9792,8,0,0,0
40.7834,-73.957,8,0,0,0
40.7303,-73.9759,9,0,0,0
40.7384,-73.9895,23,0,0,0
40.6822,-73.8366,1,1,0,0
40.7868,-73.978,10,1,0,0
40.7635,-73.9818,13,1,0,0
40.7452,-74.0021,19,0,0,0
40.7891,-73.9784,9,0,0,0
40.6447,-73.7821,16,0,0,0
40.7384,-73.9954,15,0,0,0
40.7666,-73.9865,18,1,0,0
40.752,-73.982,16,1,0,0
40.7245,-73.9846,22,0,0,0
40.7255,-74.0044,16,0,0,0
40.7339,-73.9583,18,0,0,0
40.7181,-73.9574,11,0,0,0
40.732,-74.0038,16,1,0,0
40.7276,-73.9906,19,0,0,0
40.718,-74.0153,12,0,0,0
40.7517,-73.993,14,0,0,0
40.7233,-74.0031,11,0,0,0
40.7149,-73.9967,20,1,0,0
40.7644,-73.9833,12,1,0,0
40.7396,-74.0019,2,0,0,0
40.7542,-73.9746,20,0,0,0
40.759,-73.9683,22,0,0,0
40.7591,-73.9816,20,0,0,0
40.7461,-74.26,18,0,-1,-1
40.7216,-73.9888,23,0,0,0
40.7477,-73.8536,17,1,0,0
40.7451,-74.0024,10,0,0,0
40.7222,-73.9996,5,0,0,0
40.7581,-73.9929,14,1,0,0
40.7419,-74.0038,9,0,0,0
40.7344,-74.0025,22,0,0,0
40.7131,-73.9622,8,1,0,0
40.7222,-73.9889,23,0,0,0
40.6993,-73.9542,8,0,0,0
40.7232,-73.994,17,0,0,0
40.774,-73.8725,11,0,0,0
40.7536,-73.9882,16,0,0,0
40.7429,-73.9893,14,0,0,0
40.7076,-74.003,15,0,0,0
40.7831,-73.9592,13,1,0,0
40.7598,-73.9783,15,0,0,0
40.7331,-74.003,23,0,0,0
40.7271,-74.0072,13,0,0,0
40.7025,-73.9889,12,0,0,0
40.7311,-73.8941,15,1,0,0
40.7656,-73.9796,21,0,0,0
40.7112,-74.0159,17,0,0,0
40.729,-73.9886,20,0,0,0
40.7279,-73.944,20,0,0,0
40.7753,-73.9634,16,0,0,0
40.6939,-73.9926,5,0,0,0
40.7742,-73.8723,10,0,0,0
40.7197,-74.0053,19,0,0,0
40.688,-74.182,22,0,1,1
40.7032,-73.9895,12,0,0,0
40.7659,-73.9694,21,0,0,0
40.7572,-73.9837,16,0,0,0
40.7666,-73.9612,10,0,0,0
40.7343,-73.9901,13,0,0,0
40.7151,-74.016,17,1,0,0
40.7588,-73.973,22,0,0,0
40.783,-73.9812,6,0,0,0
40.7439,-73.8832,19,1,0,0
40.7646,-73.9783,0,1,0,0
40.7554,-73.9762,20,0,0,0
40.7498,-74.0051,15,0,0,0
40.7224,-74.0038,20,1,0,0
40.7423,-73.9871,18,0,0,0
40.7142,-74.0096,21,0,0,0
40.6951,-74.1784,17,1,1,1
40.7275,-73.9519,12,1,0,0
40.604,-73.9681,9,0,0,0
40.7738,-73.9049,19,1,0,0
40.7481,-74.0364,18,0,0,0
40.7479,-74.0046,15,0,0,0
40.7409,-74.0076,7,0,0,0
40.7249,-73.8475,7,0,0,0
40.7377,-74.0021,16,1,0,0
40.7205,-73.9998,21,0,0,0
40.7482,-73.9569,14,0,0,0
40.7301,-74.0008,22,0,0,0
40.7589,-73.9781,17,0,0,0
40.7562,-73.9932,11,0,0,0
40.746,-73.9881,15,0,0,0
40.7415,-73.9859,14,0,0,0
40.6981,-73.9336,21,0,0,0
40.7671,-73.5279,9,0,-1,-1
40.7592,-73.9923,21,0,0,0
40.7759,-73.9511,14,1,0,0
40.7598,-73.9761,18,0,0,0
40.7412,-73.9791,3,1,0,0
40.6619,-73.9825,9,0,0,0
40.6767,-74.0178,21,0,0,0
40.7643,-73.9597,12,1,0,0
40.7599,-73.9663,18,0,0,0
40.7801,-73.7753,15,0,0,0
40.7222,-74.0016,18,0,0,0
40.748,-74.0046,7,0,0,0
40.7375,-73.995,18,0,0,0
40.7757,-73.9562,10,0,0,0
40.7608,-73.978,11,0,0,0
40.7361,-74.0036,23,1,0,0
40.7302,-73.9817,21,0,0,0
40.7288,-73.9807,18,0,0,0
40.6719,-73.9774,13,0,0,0
40.7511,-74.0352,15,0,0,0
40.774,-73.8728,9,0,0,0
40.8423,-73.9789,15,0,0,0
40.7936,-73.9733,8,0,0,0
40.69,-73.9922,16,1,0,0
40.7593,-73.9713,21,1,0,0
40.7556,-73.968,20,0,0,0
40.7151,-74.002,0,0,0,0
40.7103,-73.9846,18,1,0,0
40.7322,-73.9803,16,1,0,0
40.7287,-74.0053,18,0,0,0
40.6869,-73.9827,21,1,0,0
40.7613,-74.0002,8,0,0,0
41.013,-73.701,14,0,3,3
40.6881,-73.9896,14,0,0,0
40.7333,-73.9935,9,0,0,0
40.7592,-73.9623,16,0,0,0
40.7616,-73.983,4,0,0,0
40.7697,-73.9941,21,0,0,0
40.7417,-73.882,18,1,0,0
40.7667,-73.9926,5,0,0,0
40.7306,-74.0016,14,1,0,0
40.6953,-74.1802,15,0,1,1
40.7479,-74.0068,18,1,0,0
40.7141,-73.9546,21,0,0,0
40.9088,-73.8989,4,0,0,0
40.7168,-73.9892,21,0,0,0
40.7389,-74.0081,12,0,0,0
40.7251,-74.0077,16,0,0,0
40.7436,-73.9754,18,0,0,0
40.7456,-73.9909,0,0,0,0
40.742,-73.9964,16,0,0,0
40.6773,-73.9671,6,0,0,0
40.7558,-73.9882,21,1,0,0
40.7214,-73.9878,2,1,0,0
40.8506,-73.9371,3,1,0,0
40.7861,-73.9508,8,0,0,0
40.7602,-73.9712,12,0,0,0
40.7559,-73.9703,14,0,0,0
40.7446,-73.9952,13,0,0,0
40.7791,-73.9581,11,1,0,0
40.7579,-73.9806,15,0,0,0
40.8285,-73.9179,16,0,0,0
40.7642,-73.9737,11,0,0,0
40.6878,-74.1818,15,1,1,1
40.6956,-74.1784,17,0,1,1
40.7232,-74.0061,21,0,0,0
40.717,-73.9654,16,0,0,0
40.7481,-74.0075,23,1,0,0
40.7248,-74.0087,14,1,0,0
40.7316,-74.0065,19,0,0,0
40.7555,-73.991,23,1,0,0
40.7555,-73.9709,18,0,0,0
40.7633,-73.9737,14,0,0,0
40.7643,-73.9708,14,0,0,0
40.7647,-73.9643,7,0,0,0
40.7239,-74.0048,18,0,0,0
40.774,-73.8715,19,1,0,0
40.7742,-73.8722,21,0,0,0
40.7546,-73.98,15,0,0,0
40.7572,-73.9765,20,0,0,0
40.7365,-74.0035,5,0,0,0
40.7452,-73.9882,14,0,0,0
40.7213,-73.9982,14,1,0,0
40.7197,-74.0031,17,0,0,0
40.6751,-73.8664,19,0,0,0
40.7913,-73.9697,14,0,0,0
40.7387,-74.0092,5,0,0,0
40.7621,-73.9658,23,1,0,0
40.747,-73.9912,7,1,0,0
40.7381,-73.99,14,1,0,0
40.6933,-73.9872,23,0,0,0
40.7872,-73.9541,0,0,0,0
40.7621,-73.9726,17,0,0,0
40.7338,-73.9899,16,1,0,0
40.6448,-73.7823,21,0,0,0
40.6487,-73.7826,8,1,0,0
40.7767,-73.9487,7,0,0,0
40.7594,-73.9762,19,0,0,0
40.7494,-73.989,20,0,0,0
40.7263,-73.9833,19,0,0,0
40.7244,-73.9501,6,0,0,0
40.7548,-73.9713,19,0,0,0
40.7345,-73.9833,23,1,0,0
40.8235,-73.9471,21,1,0,0
40.7706,-73.967,15,0,0,0
40.74,-73.9919,15,0,0,0
40.7643,-73.9832,15,0,0,0
40.7638,-73.973,18,0,0,0
40.7488,-73.9736,6,0,0,0
40.7744,-73.9456,13,1,0,0
40.7679,-73.9682,17,1,0,0
40.6609,-74.0002,20,0,0,0
40.7884,-73.9527,21,0,0,0
40.6941,-73.9731,15,1,0,0
40.7187,-74.0025,9,0,0,0
40.737,-73.9901,10,0,0,0
40.7179,-73.9902,13,0,0,0
40.7218,-73.979,20,0,0,0
40.7763,-73.9802,16,0,0,0
40.7183,-73.9984,4,0,0,0
40.7409,-74.0075,6,0,0,0
40.7203,-73.9552,9,0,0,0
40.7452,-73.9848,12,0,0,0
40.7445,-73.983,16,0,0,0
40.6898,-73.916,7,1,0,0
40.7405,-74.0057,0,0,0,0
40.7316,-74.0012,20,1,0,0
40.7087,-73.9445,1,1,0,0
40.723,-73.945,22,1,0,0
40.7502,-73.9966,3,1,0,0
40.7315,-73.9951,20,1,0,0
40.7473,-73.9897,17,0,0,0
40.7541,-73.9787,17,0,0,0
40.7478,-73.9836,12,0,0,0
40.7076,-74.0077,19,0,0,0
40.7144,-74.0084,19,0,0,0
40.7551,-73.988,20,0,0,0
40.7483,-73.975,13,1,0,0
40.7552,-73.984,18,0,0,0
40.7547,-73.9975,9,0,0,0
40.7362,-74.0035,6,0,0,0
40.768,-73.9583,9,0,0,0
40.6459,-73.7767,8,0,0,0
40.7422,-73.985,0,1,0,0
40.7199,-73.9942,9,0,0,0
40.7345,-73.9922,0,0,0,0
40.7274,-73.9496,21,1,0,0
40.6608,-73.9613,22,1,0,0
40.7441,-73.9953,8,0,0,0
40.7136,-73.9515,20,0,0,0
40.7259,-73.9985,13,0,0,0
40.7388,-74.0088,6,0,0,0
40.7425,-73.9923,20,0,0,0
40.7737,-73.9837,16,0,0,0
40.7235,-73.9997,15,0,0,0
40.7639,-73.9741,16,1,0,0
40.7446,-73.9889,11,0,0,0
40.8786,-73.9159,21,0,0,0
40.6461,-73.7769,20,0,0,0
40.7715,-73.9804,23,0,0,0
40.782,-73.9592,8,0,0,0
40.7581,-73.9601,18,1,0,0
40.7742,-73.8726,22,0,0,0
40.7543,-73.9868,10,0,0,0
40.7036,-74.0098,14,0,0,0
40.7562,-73.9927,20,0,0,0
40.732,-73.9981,12,0,0,0
40.7555,-73.9843,23,0,0,0
40.7215,-73.9955,21,0,0,0
40.7374,-73.9929,16,0,0,0
40.7186,-74.0103,7,0,0,0
40.7277,-74.0561,8,0,0,0
40.7556,-73.9912,13,1,0,0
40.7191,-73.9925,9,1,0,0
40.7355,-74.0085,19,0,0,0
40.6614,-73.9419,9,1,0,0
40.7673,-73.9548,22,0,0,0
40.7008,-73.9421,3,0,0,0
40.7549,-73.9764,16,0,0,0
40.734,-73.9908,16,0,0,0
40.7396,-74.0,18,1,0,0
40.675,-73.9389,19,0,0,0
40.7212,-73.6502,12,0,0,-1
40.751,-73.9716,20,0,0,0
40.7422,-73.9747,15,0,0,0
40.714,-73.9616,17,1,0,0
40.6436,-73.7902,20,1,0,0
40.7416,-73.9858,14,0,0,0
40.7564,-73.9785,12,0,0,0
40.743,-73.987,15,0,0,0
40.7192,-74.0077,17,1,0,0
40.7536,-73.9712,23,0,0,0
40.7665,-73.9864,6,0,0,0
40.7432,-73.9935,19,0,0,0
40.6727,-73.9781,14,0,0,0
40.725,-73.9813,23,1,0,0
40.7407,-73.9789,18,1,0,0
40.7439,-74.0065,16,0,0,0
40.7552,-73.9764,23,0,0,0
40.743,-73.9866,15,0,0,0
40.7775,-73.9613,17,0,0,0
40.7577,-73.9611,6,0,0,0
40.7578,-74.0006,16,0,0,0
40.689,-73.9528,23,0,0,0
40.7452,-73.9848,8,1,0,0
40.7774,-73.9634,12,1,0,0
40.7421,-73.9749,19,0,0,0
40.7692,-73.9812,9,0,0,0
40.6816,-73.9962,10,1,0,0
40.7603,-73.9583,0,1,0,0
40.7343,-73.9924,8,0,0,0
40.7261,-73.9835,18,0,0,0
40.7699,-73.9926,16,1,0,0
40.7777,-73.9551,12,0,0,0
40.7178,-74.0122,20,1,0,0
40.7161,-73.958,19,0,0,0
40.8553,-73.8648,16,0,0,0
40.76,-73.9761,16,0,0,0
40.7236,-74.0002,11,0,0,0
40.7655,-73.9757,17,0,0,0
40.7645,-73.9701,22,0,0,0
40.7532,-73.972,22,0,0,0
40.7427,-73.9923,9,0,0,0
40.7608,-73.9748,17,0,0,0
40.7603,-73.9741,18,0,0,0
40.7065,-74.0098,8,1,0,0
40.6913,-73.9845,4,0,0,0
40.753,-73.9892,9,0,0,0
40.7246,-74.0009,18,0,0,0
40.7439,-73.9836,16,0,0,0
40.7161,-73.9895,19,0,0,0
40.7419,-73.9937,18,0,0,0
40.6679,-73.9808,13,1,0,0
40.7179,-73.9971,20,0,0,0
40.7607,-73.9974,9,1,0,0
40.7566,-73.9787,18,0,0,0
40.7587,-73.9609,22,0,0,0
40.7474,-73.9725,8,0,0,0
40.7557,-73.9793,17,0,0,0
40.7221,-74.0093,20,0,0,0
40.7641,-73.9786,9,1,0,0
40.7825,-73.9804,9,0,0,0
40.7709,-73.9637,11,1,0,0
40.722,-74.0042,17,0,0,0
40.6754,-74.0152,8,0,0,0
40.6983,-73.9926,15,1,0,0
40.7217,-74.0044,22,0,0,0
40.743,-73.995,17,0,0,0
40.7764,-73.9771,22,1,0,0
40.7279,-73.9947,23,0,0,0
40.7261,-74.0005,16,0,0,0
40.7572,-74.0012,16,0,0,0
40.7864,-73.9716,7,0,0,0
40.7217,-73.958,22,0,0,0
40.721,-73.9409,20,1,0,0
40.7531,-73.9683,8,0,0,0
40.7455,-73.9889,13,1,0,0
40.6484,-73.7829,5,0,0,0
40.6921,-73.8353,0,1,0,0
40.7857,-73.9802,9,0,0,0
40.7565,-73.9924,8,0,0,0
40.7357,-74.0007,0,0,0,0
40.7483,-73.9848,14,0,0,0
40.7795,-73.9778,9,0,0,0
40.7674,-73.8623,8,0,0,0
40.7335,-74.0043,17,0,0,0
40.7079,-74.0059,17,0,0,0
40.7441,-73.9875,21,0,0,0
40.6878,-74.182,16,0,1,1
40.7586,-73.9777,16,0,0,0
40.7622,-73.9956,23,1,0,0
40.7336,-74.0082,6,0,0,0
40.6915,-74.1772,16,0,1,1
40.7989,-73.9631,6,0,0,0
40.7356,-73.9756,20,0,0,0
40.7625,-73.968,14,0,0,0
40.7284,-73.9997,0,1,0,0
40.8363,-73.9047,16,0,0,0
40.7073,-74.0118,18,0,0,0
40.7606,-73.9715,21,0,0,0
40.7462,-73.9829,19,0,0,0
40.7371,-74.0014,23,0,0,0
40.7168,-73.9908,8,1,0,0
40.7349,-74.0001,17,0,0,0
40.7274,-74.0006,22,0,0,0
40.6443,-73.782,15,1,0,0
40.7667,-73.886,15,1,0,0
40.6836,-73.9843,2,1,0,0
40.6324,-74.0314,15,0,0,0
40.7044,-74.0123,19,0,0,0
40.7085,-74.0066,20,0,0,0
40.6756,-73.9978,7,0,0,0
40.724,-74.0002,15,0,0,0
40.7798,-73.9542,10,0,0,0
40.7547,-73.9823,18,0,0,0
40.8049,-73.9344,16,0,0,0
40.7556,-73.9665,15,0,0,0
40.6977,-73.9939,10,1,0,0
40.7306,-74.0017,13,0,0,0
40.7477,-73.9828,13,0,0,0
40.6917,-73.9843,23,1,0,0
40.7272,-73.9571,11,0,0,0
40.7043,-74.0065,14,0,0,0
40.7588,-73.9849,0,0,0,0
40.7167,-74.0084,10,0,0,0
40.7208,-74.0019,23,0,0,0
40.8858,-73.9066,19,0,0,0
40.7482,-73.9568,21,0,0,0
40.7354,-73.9748,19,0,0,0
40.7218,-73.9874,19,0,0,0
40.772,-73.9531,16,0,0,0
40.7562,-73.9716,18,0,0,0
40.7323,-73.9924,23,0,0,0
40.732,-74.0094,9,0,0,0
40.6416,-73.7885,14,1,0,0
40.7492,-73.9919,11,0,0,0
40.7624,-73.9972,13,0,0,0
40.7446,-73.9884,8,0,0,0
40.7396,-74.0022,22,0,0,0
40.7605,-73.9751,19,0,0,0
40.7492,-74.0031,14,0,0,0
40.7363,-74.0025,16,0,0,0
40.7331,-73.9871,16,1,0,0
40.7377,-73.9936,18,0,0,0
40.7559,-73.9807,15,0,0,0
40.7713,-73.9565,22,0,0,0
40.7296,-74.0044,21,0,0,0
40.7237,-73.9993,18,0,0,0
40.7814,-73.9797,10,1,0,0
40.7899,-73.9744,4,0,0,0
40.7541,-73.9799,15,0,0,0
40.6948,-74.178,16,1,1,1
40.8077,-73.9641,14,0,0,0
40.7843,-73.981,15,1,0,0
40.7569,-73.9924,6,0,0,0
40.7181,-74.0148,21,0,0,0
40.7691,-73.9811,10,1,0,0
40.7284,-73.9995,19,0,0,0
40.7406,-74.0047,21,0,0,0
40.7513,-73.994,17,0,0,0
40.743,-73.9891,22,0,0,0
40.7108,-74.0064,14,1,0,0
40.7629,-73.9753,11,1,0,0
40.7198,-74.0053,15,0,0,0
40.7741,-73.8729,11,0,0,0
40.729,-74.0009,1,0,0,0
40.7319,-73.9965,14,0,0,0
40.7552,-73.9714,20,0,0,0
40.7883,-73.9767,7,0,0,0
40.7748,-73.9653,8,0,0,0
40.7412,-74.0082,1,0,0,0
40.7867,-73.9806,17,0,0,0
40.7705,-73.9543,10,1,0,0
40.7408,-74.0049,22,0,0,0
40.7304,-73.9531,15,0,0,0
40.7625,-74.0013,19,0,0,0
40.6788,-73.9698,14,0,0,0
40.7536,-73.9868,16,0,0,0
40.7046,-74.0092,8,0,0,0
40.7419,-73.9935,0,1,0,0
40.7637,-73.9658,10,0,0,0
40.714,-74.0144,17,0,0,0
40.7261,-73.9919,2,1,0,0
40.7388,-73.993,21,0,0,0
40.7586,-73.991,9,0,0,0
40.7605,-73.98,14,0,0,0
40.7446,-73.9892,12,0,0,0
40.7208,-74.005,22,0,0,0
40.7238,-74.0103,6,0,0,0
40.7773,-73.9829,18,0,0,0
40.7043,-74.0062,20,0,0,0
40.7069,-74.007,12,0,0,0
40.6457,-73.7768,14,1,0,0
40.7594,-73.9153,21,0,0,0
40.7629,-73.9741,18,0,0,0
40.678,-73.9738,9,0,0,0
40.7579,-74.0007,15,0,0,0
40.7837,-73.9793,17,0,0,0
40.7074,-73.9213,23,1,0,0
40.779,-73.979,6,0,0,0
40.8551,-73.9318,8,0,0,0
40.7314,-73.9913,15,0,0,0
40.6734,-73.9629,22,1,0,0
40.7289,-74.0025,21,0,0,0
40.6921,-73.9219,3,0,0,0
40.7749,-73.9547,6,0,0,0
40.721,-74.004,11,0,0,0
40.7319,-73.9956,5,0,0,0
40.7683,-73.8622,10,0,0,0
41.0509,-73.9196,18,1,-1,-1
40.6433,-73.7896,22,1,0,0
40.7589,-73.9898,12,0,0,0
40.748,-73.9914,5,1,0,0
40.7756,-73.91,10,1,0,0
40.7364,-74.0025,11,0,0,0
40.6909,-73.9573,18,1,0,0
40.7178,-73.9852,7,1,0,0
40.6608,-73.9615,18,1,0,0
40.7652,-73.9753,17,0,0,0
40.6962,-73.9968,6,0,0,0
40.7739,-73.8715,12,1,0,0
40.7575,-73.9738,19,0,0,0
40.7328,-74.0078,21,0,0,0
40.7214,-73.9949,21,0,0,0
40.7247,-73.9956,8,0,0,0
40.7089,-73.9426,6,0,0,0
40.7568,-73.9829,19,0,0,0
40.6371,-73.96,19,1,0,0
40.7454,-73.9838,3,0,0,0
40.7679,-73.9839,1,0,0,0
40.8404,-73.943,18,0,0,0
40.7328,-74.0013,7,0,0,0
40.784,-73.9803,8,0,0,0
40.7307,-73.9893,0,0,0,0
40.7694,-73.9822,18,0,0,0
40.7569,-73.9927,7,0,0,0
40.7305,-73.9846,7,0,0,0
40.7228,-74.005,16,1,0,0
40.7642,-73.9542,15,0,0,0
40.7628,-73.9814,9,0,0,0
40.7199,-73.9831,5,0,0,0
40.7746,-73.9543,8,0,0,0
40.7276,-74.0056,14,0,0,0
40.7021,-73.9896,18,1,0,0
40.7252,-74.0078,15,0,0,0
40.7936,-73.9672,16,1,0,0
40.6919,-73.9824,20,0,0,0
40.7531,-73.9819,16,0,0,0
40.7887,-73.9753,14,1,0,0
40.7509,-73.9802,15,0,0,0
40.7237,-73.9964,15,0,0,0
40.7837,-73.9797,13,0,0,0
40.782,-73.9756,9,1,0,0
40.7076,-74.0168,9,0,0,0
40.7499,-73.982,21,0,0,0
40.782,-73.9557,14,0,0,0
40.7234,-73.9974,10,0,0,0
40.7606,-73.9986,11,0,0,0
40.7644,-73.9319,10,1,0,0
40.6464,-73.9287,2,1,0,0
40.7775,-73.9789,16,1,0,0
40.7412,-74.0004,9,1,0,0
40.7223,-73.9969,15,1,0,0
40.7363,-73.979,7,0,0,0
40.735,-73.9892,20,1,0,0
40.6809,-73.9451,21,0,0,0
40.7702,-73.957,18,0,0,0
40.7653,-73.9657,16,0,0,0
40.6857,-73.9613,22,1,0,0
40.779,-73.9622,14,0,0,0
40.7524,-73.9682,23,0,0,0
40.6937,-73.9843,21,0,0,0
40.7698,-73.9588,15,0,0,0
40.7421,-73.9791,16,0,0,0
40.7631,-73.9772,20,0,0,0
40.7447,-73.9851,15,0,0,0
40.7371,-74.0083,14,1,0,0
40.7617,-73.9785,17,1,0,0
40.7639,-73.9977,1,1,0,0
40.7426,-73.989,16,0,0,0
40.727,-73.9887,21,0,0,0
40.75,-73.9843,14,0,0,0
40.7374,-74.004,20,0,0,0
40.8236,-73.9439,16,0,0,0
40.7382,-74.0097,2,1,0,0
40.7604,-73.9815,15,0,0,0
40.7609,-73.9796,9,0,0,0
40.7928,-73.9232,17,1,0,0
40.6184,-73.9691,21,1,0,0
40.7426,-73.9822,21,1,0,0
40.7685,-73.8625,22,0,0,0
40.7146,-73.942,7,1,0,0
40.753,-73.9679,11,0,0,0
40.7958,-73.9705,16,0,0,0
40.7141,-73.9987,3,1,0,0
40.7207,-73.9917,19,0,0,0
40.7831,-73.9586,14,0,0,0
40.7211,-73.9878,6,0,0,0
40.722,-73.9936,20,0,0,0
40.7131,-73.9677,21,1,0,0
40.7519,-73.982,17,0,0,0
40.7471,-73.9914,15,0,0,0
40.7517,-73.993,23,1,0,0
40.7653,-73.9838,18,0,0,0
40.6643,-73.9831,21,0,0,0
40.7551,-73.9928,9,1,0,0
40.6881,-73.9673,14,0,0,0
40.786,-73.9726,9,1,0,0
40.6417,-73.7868,13,1,0,0
40.7776,-73.9462,11,0,0,0
40.6899,-73.9381,16,1,0,0
40.6786,-73.9774,7,0,0,0
40.7554,-74.0031,18,1,0,0
40.6691,-73.981,16,0,0,0
40.7616,-73.959,13,0,0,0
40.7514,-73.9943,16,0,0,0
40.6785,-73.9551,17,1,0,0
40.7363,-73.9909,19,0,0,0
40.7488,-73.9754,20,0,0,0
40.7364,-73.9097,20,1,0,0
40.6186,-74.0264,12,0,0,0
40.7266,-73.9916,1,1,0,0
40.7137,-74.0149,21,0,0,0
40.7613,-73.974,13,0,0,0
40.5888,-73.9604,22,1,0,0
40.7645,-73.9665,16,0,0,0
40.7412,-73.9938,8,0,0,0
40.7208,-73.9949,16,0,0,0
40.7717,-73.9509,6,0,0,0
40.7542,-73.9803,16,0,0,0
40.7685,-73.8624,16,0,0,0
40.7684,-73.8624,18,0,0,0
40.7715,-73.9647,15,0,0,0
40.7158,-73.9621,23,0,0,0
40.7394,-74.007,11,0,0,0
40.7291,-73.9923,16,0,0,0
40.728,-73.9909,20,0,0,0
40.7458,-74.0018,17,0,0,0
40.7602,-73.9914,23,1,0,0
40.6618,-73.9859,12,0,0,0
40.7136,-74.0358,10,0,0,0
40.7589,-73.9817,16,0,0,0
40.7554,-73.9737,15,1,0,0
40.7245,-73.9936,6,0,0,0
40.7143,-73.987,16,0,0,0
40.7409,-74.0075,2,1,0,0
40.6873,-73.9125,21,0,0,0
40.7231,-73.9989,20,0,0,0
40.7271,-73.8536,5,0,0,0
40.7613,-73.9678,21,0,0,0
40.7404,-74.0057,21,0,0,0
40.7391,-73.9867,5,0,0,0
40.7047,-74.0118,20,1,0,0
40.7495,-73.9919,22,0,0,0
40.7564,-73.9787,15,0,0,0
40.7546,-73.9687,17,0,0,0
40.7274,-73.9938,21,0,0,0
40.7531,-73.9843,14,0,0,0
40.5787,-73.9619,18,1,0,0
40.749,-73.972,14,1,0,0
40.7449,-73.9773,9,1,0,0
40.7547,-73.9896,14,0,0,0
40.6593,-73.9839,13,1,0,0
40.7434,-73.9861,17,0,0,0
40.7684,-73.8622,12,0,0,0
40.7292,-73.9842,14,0,0,0
40.7516,-73.9735,18,0,0,0
40.7642,-73.9545,11,0,0,0
40.744,-73.9835,22,0,0,0
40.7441,-73.9915,9,1,0,0
40.8554,-73.9274,10,0,0,0
40.7711,-73.868,19,0,0,0
40.6948,-74.1778,13,0,1,1
40.7862,-73.976,7,0,0,0
40.6847,-73.7495,11,0,0,0
40.7909,-73.9706,8,0,0,0
40.7238,-74.0109,18,0,0,0
40.7588,-73.9707,22,0,0,0
40.7628,-73.9889,21,0,0,0
40.7071,-73.9223,0,1,0,0
40.8936,-73.7755,22,0,-1,-1
40.7678,-73.9825,13,0,0,0
40.6786,-74.0105,15,0,0,0
40.7487,-73.9923,22,1,0,0
40.6854,-73.9913,8,0,0,0
40.7204,-74.0109,7,0,0,0
40.7113,-74.0101,22,1,0,0
40.7692,-73.996,16,0,0,0
40.7422,-73.9778,7,0,0,0
40.7542,-73.9883,15,0,0,0
40.7645,-73.9706,17,0,0,0
40.7718,-73.9555,18,0,0,0
40.7559,-73.9922,17,0,0,0
40.7746,-73.9635,19,0,0,0
40.7541,-73.9805,8,0,0,0
40.7473,-73.9878,11,1,0,0
40.7179,-73.9939,17,1,0,0
40.7575,-73.9735,11,0,0,0
40.7169,-73.9957,0,0,0,0
40.7799,-73.9525,10,1,0,0
40.7546,-73.9845,14,0,0,0
40.6765,-73.9804,22,1,0,0
40.7302,-73.9819,9,0,0,0
40.7912,-73.9741,13,1,0,0
40.764,-73.9759,18,0,0,0
40.7152,-74.013,20,1,0,0
40.6462,-73.7906,7,1,0,0
40.777,-73.9637,15,0,0,0
40.7739,-73.8715,23,0,0,0
40.7526,-73.9751,21,1,0,0
40.7178,-74.0045,11,1,0,0
40.7609,-73.9694,16,0,0,0
40.7554,-73.976,15,0,0,0
40.7208,-73.995,15,0,0,0
40.6998,-73.9295,10,1,0,0
40.7667,-73.967,18,1,0,0
40.712,-73.8971,8,0,0,0
40.7466,-73.9905,18,1,0,0
40.7537,-73.9722,17,0,0,0
40.7153,-73.9626,10,0,0,0
40.726,-74.0057,8,0,0,0
40.7779,-73.954,8,0,0,0
40.7537,-73.9952,13,1,0,0
40.7721,-73.9543,3,0,0,0
40.7202,-73.9883,2,1,0,0
40.6767,-74.0185,22,1,0,0
40.7369,-73.9912,22,0,0,0
40.7579,-73.9851,5,0,0,0
40.6447,-73.7818,19,0,0,0
40.7453,-73.9805,9,0,0,0
40.6953,-73.9494,1,1,0,0
40.7614,-73.9841,20,0,0,0
40.7519,-73.9935,7,0,0,0
40.7089,-74.0107,15,0,0,0
40.7846,-73.981,7,0,0,0
40.7648,-73.974,18,0,0,0
40.7562,-73.9933,9,0,0,0
40.814,-73.9465,13,1,0,0
40.7341,-73.9949,15,1,0,0
40.8067,-73.9549,18,1,0,0
40.753,-73.975,14,0,0,0
40.7617,-73.9729,19,0,0,0
40.758,-73.9818,10,0,0,0
40.7264,-73.9919,21,0,0,0
40.7756,-73.9607,10,0,0,0
40.7583,-73.9823,14,0,0,0
40.7487,-73.9874,18,0,0,0
40.7685,-73.8623,9,0,0,0
40.7246,-73.9934,22,1,0,0
40.7381,-74.0025,7,0,0,0
40.7402,-74.0077,15,0,0,0
40.7006,-73.9437,12,0,0,0
40.7441,-73.9841,7,0,0,0
40.7738,-73.9487,10,0,0,0
40.7218,-74.004,16,0,0,0
40.726,-73.9959,12,0,0,0
40.7768,-73.9552,6,0,0,0
40.7549,-73.9724,8,1,0,0
40.7513,-73.9803,12,0,0,0
40.7553,-73.9798,10,1,0,0
40.7274,-74.0006,16,1,0,0
40.7561,-73.9675,22,0,0,0
40.7502,-73.9948,21,0,0,0
40.7948,-73.9626,16,1,0,0
40.7736,-73.9598,5,0,0,0
40.7372,-74.0006,23,1,0,0
40.7656,-73.9678,20,0,0,0
40.7772,-73.9782,6,0,0,0
40.7634,-73.9626,13,0,0,0
40.7494,-73.9919,16,0,0,0
40.7685,-73.8626,18,0,0,0
40.7205,-74.0101,9,0,0,0
40.7673,-73.9842,11,0,0,0
40.7017,-73.9828,17,0,0,0
40.7724,-73.9883,7,0,0,0
40.7549,-73.9914,14,0,0,0
40.7557,-73.982,11,0,0,0
40.7793,-73.9507,4,1,0,0
40.7287,-73.9862,10,0,0,0
40.7614,-74.0001,9,0,0,0
40.7496,-73.9931,18,0,0,0
40.7232,-73.9986,20,0,0,0
40.7423,-73.9917,20,0,0,0
40.7545,-73.9653,15,0,0,0
40.7036,-73.9906,17,0,0,0
40.7752,-73.9492,20,0,0,0
40.733,-73.8797,13,0,0,0
40.7732,-73.9506,14,1,0,0
40.7784,-73.9543,15,0,0,0
40.7568,-73.9851,10,0,0,0
40.7551,-73.9725,3,0,0,0
40.6468,-73.7895,17,0,0,0
40.7602,-73.9301,0,0,0,0
40.7616,-73.9787,16,0,0,0
40.7526,-73.9847,1,1,0,0
40.7373,-73.9991,14,0,0,0
40.7321,-73.9866,21,0,0,0
40.7112,-73.9439,10,0,0,0
40.7181,-74.015,7,0,0,0
40.7576,-73.9788,20,0,0,0
40.7186,-74.0004,15,0,0,0
41.0255,-73.7181,11,0,3,3
40.7409,-73.9919,11,0,0,0
40.7625,-73.9786,11,0,0,0
40.7607,-73.9785,20,0,0,0
40.7748,-73.9644,18,0,0,0
40.7743,-73.9636,18,0,0,0
40.7046,-73.9445,21,1,0,0
40.7503,-73.987,8,0,0,0
40.7416,-73.9898,17,0,0,0
40.7078,-73.9463,15,0,0,0
40.767,-73.9669,12,0,0,0
40.7588,-73.9853,20,0,0,0
40.7366,-74.0011,3,0,0,0
40.7584,-73.9721,19,0,0,0
40.7164,-73.9615,20,1,0,0
40.7187,-73.9635,6,1,0,0
40.7433,-73.9957,11,0,0,0
40.8211,-73.9068,7,0,0,0
40.7276,-74.0073,15,0,0,0
40.7413,-73.9909,16,1,0,0
40.7553,-73.9842,15,0,0,0
40.8197,-73.9122,0,1,0,0
40.7455,-74.0029,13,0,0,0
40.7415,-74.0305,7,1,0,0
40.6848,-73.9815,17,1,0,0
40.7189,-73.9975,20,0,0,0
40.7576,-73.9692,15,0,0,0
40.7256,-74.0053,17,1,0,0
40.7778,-73.9886,6,0,0,0
40.7852,-73.9825,18,0,0,0
40.7519,-73.9698,10,0,0,0
40.6719,-74.0105,16,1,0,0
40.7034,-74.0143,12,1,0,0
40.7421,-73.9907,16,0,0,0
40.7529,-73.9933,17,0,0,0
40.7179,-73.9592,8,0,0,0
40.7326,-74.0029,21,0,0,0
40.7525,-73.9704,17,0,0,0
40.7621,-73.9746,19,0,0,0
40.6645,-73.9551,22,1,0,0
40.7817,-73.9519,1,1,0,0
40.7031,-73.9275,2,0,0,0
40.7499,-73.9814,6,0,0,0
40.7631,-73.9764,20,1,0,0
40.778,-73.9608,20,0,0,0
40.753,-73.9928,15,1,0,0
40.7673,-73.9825,17,1,0,0
40.7281,-74.0029,22,0,0,0
40.7583,-73.9601,13,0,0,0
40.8188,-73.9382,20,0,0,0
40.7583,-73.9925,20,0,0,0
40.827,-73.9414,5,1,0,0
40.7702,-73.8648,11,0,0,0
40.7543,-73.9776,22,0,0,0
40.7496,-74.0048,23,0,0,0
40.7749,-73.9888,8,0,0,0
40.6911,-74.178,9,1,1,1
40.6449,-73.7821,14,1,0,0
40.7225,-73.9804,22,0,0,0
40.7326,-73.9877,6,0,0,0
40.7574,-73.9841,21,0,0,0
40.779,-73.9625,8,0,0,0
40.7408,-74.0009,15,0,0,0
40.7554,-73.9765,22,0,0,0
40.7328,-74.004,17,0,0,0
40.7714,-73.8662,14,0,0,0
40.7564,-73.9843,23,0,0,0
40.7236,-74.0034,23,1,0,0
40.7211,-74.0015,11,0,0,0
40.7464,-73.993,12,0,0,0
40.8175,-73.9411,6,1,0,0
40.7606,-73.9802,15,0,0,0
40.7195,-73.9954,19,0,0,0
40.6603,-73.9917,18,0,0,0
40.7479,-74.0046,15,1,0,0
40.7571,-73.9741,0,1,0,0
40.7717,-73.9489,17,1,0,0
40.7214,-74.0017,17,0,0,0
40.8317,-73.9231,21,0,0,0
40.7483,-73.9901,19,0,0,0
40.7662,-73.9774,8,0,0,0
40.7136,-73.9466,18,0,0,0
40.757,-73.9989,15,0,0,0
40.7559,-73.9646,15,0,0,0
40.7665,-73.9863,22,0,0,0
40.7201,-73.9628,15,1,0,0
40.7398,-74.0053,15,0,0,0
40.7352,-74.0014,9,0,0,0
40.7426,-73.9847,17,0,0,0
40.7634,-73.9746,19,0,0,0
40.7617,-73.9749,18,0,0,0
40.7555,-73.9726,7,0,0,0
40.6449,-73.7821,19,0,0,0
40.7457,-73.9908,15,0,0,0
40.7396,-73.9796,6,0,0,0
40.809,-73.9576,18,0,0,0
40.7203,-73.9962,11,0,0,0
40.7438,-73.9855,15,0,0,0
40.7448,-73.9912,10,0,0,0
40.6838,-73.976,17,0,0,0
40.7217,-73.947,17,1,0,0
40.7354,-73.9747,11,0,0,0
40.7269,-73.9855,8,0,0,0
40.7572,-73.9836,13,1,0,0
40.7458,-73.9906,22,0,0,0
40.7887,-73.9773,11,0,0,0
40.7202,-73.9792,6,0,0,0
40.6673,-73.9599,0,0,0,0
40.7542,-73.9984,14,0,0,0
40.7382,-74.0087,18,0,0,0
40.7543,-73.9773,17,1,0,0
40.7213,-73.8561,12,0,0,0
40.7543,-73.9926,8,1,0,0
40.7573,-73.9735,16,0,0,0
40.8222,-73.9559,22,0,0,0
40.7247,-73.9925,15,0,0,0
40.7077,-74.0087,22,0,0,0
40.7401,-73.992,7,0,0,0
40.7527,-73.9653,19,0,0,0
40.7392,-73.9935,19,0,0,0
40.7377,-73.9825,10,0,0,0
40.7609,-73.9713,20,1,0,0
40.7591,-73.9788,21,0,0,0
40.7594,-73.9714,23,0,0,0
40.7253,-73.9923,17,0,0,0
40.7219,-73.9968,8,1,0,0
40.7707,-73.9568,22,0,0,0
40.6649,-73.9019,12,0,0,0
40.7438,-73.9876,8,0,0,0
40.7682,-73.9688,6,0,0,0
40.7691,-73.9833,20,0,0,0
40.7612,-73.9943,8,0,0,0
40.7028,-73.8018,23,1,0,0
40.7395,-73.9943,15,0,0,0
40.7643,-73.9614,15,0,0,0
40.6451,-73.7813,6,1,0,0
40.7649,-73.9612,7,0,0,0
40.7311,-74.0083,18,0,0,0
40.7221,-73.9965,6,1,0,0
40.645,-73.7818,23,0,0,0
40.6837,-73.9764,21,1,0,0
40.645,-73.7821,4,0,0,0
40.7327,-73.9982,13,0,0,0
40.7587,-73.9887,7,0,0,0
40.7584,-73.973,17,0,0,0
40.7466,-73.9901,17,0,0,0
40.7408,-74.0075,18,1,0,0
40.7526,-73.9786,20,0,0,0
40.722,-73.9584,1,1,0,0
40.7617,-73.9741,18,0,0,0
40.7641,-73.9706,19,0,0,0
40.7619,-73.9852,21,0,0,0
40.7028,-73.9906,13,0,0,0
40.7202,-73.9942,21,1,0,0
40.7272,-73.9917,23,0,0,0
40.7505,-73.9945,18,0,0,0
40.8041,-73.9328,8,0,0,0
40.773,-73.9662,18,0,0,0
40.7536,-73.9809,16,0,0,0
40.7204,-74.0113,13,0,0,0
40.7709,-73.9674,15,0,0,0
40.7334,-74.0074,19,0,0,0
40.7741,-73.8727,11,1,0,0
40.7642,-73.9546,18,0,0,0
40.753,-74.0042,16,0,0,0
40.7253,-73.9835,20,0,0,0
40.6563,-74.0001,6,1,0,0
40.8174,-73.9477,17,0,0,0
40.7672,-73.99,19,0,0,0
40.7452,-73.9519,19,1,0,0
40.6945,-73.9982,10,0,0,0
40.7295,-73.987,20,0,0,0
40.732,-73.9997,20,1,0,0
40.7058,-74.0053,11,0,0,0
40.7138,-74.0106,9,0,0,0
40.7275,-73.9934,21,0,0,0
40.7471,-73.9854,6,0,0,0
40.7803,-73.9592,10,0,0,0
40.7268,-74.0074,16,0,0,0
40.7699,-73.8644,12,0,0,0
40.976,-73.6593,0,1,3,-1
40.7438,-73.9924,18,1,0,0
40.7411,-73.9956,16,0,0,0
40.7247,-73.9821,19,0,0,0
40.7252,-73.9477,0,1,0,0
40.7186,-73.992,16,1,0,0
40.694,-74.1774,19,0,1,1
40.6935,-73.9799,5,0,0,0
40.7593,-73.9694,17,0,0,0
40.6728,-73.99,22,1,0,0
40.7227,-73.9932,15,0,0,0
40.7227,-74.0047,18,0,0,0
40.793,-73.9674,7,1,0,0
40.5994,-73.9722,6,0,0,0
40.7574,-73.99,22,1,0,0
40.7745,-73.9495,6,0,0,0
40.7372,-73.9885,16,0,0,0
40.7711,-73.9889,19,0,0,0
40.714,-73.9915,20,0,0,0
40.7186,-73.9892,20,0,0,0
40.7598,-73.9805,16,0,0,0
40.754,-73.9726,22,0,0,0
40.7759,-73.9898,6,0,0,0
40.7726,-73.9813,15,0,0,0
40.7408,-74.0076,5,0,0,0
40.7628,-73.9716,22,0,0,0
40.7349,-73.9974,22,0,0,0
40.7408,-73.7175,15,0,0,0
40.7311,-73.9757,23,1,0,0
40.7257,-74.0005,15,0,0,0
40.745,-73.9828,20,0,0,0
40.7596,-73.97,16,0,0,0
40.7471,-73.9935,12,0,0,0
40.7371,-73.9983,17,1,0,0
40.7859,-73.9437,14,1,0,0
40.7332,-73.9957,19,1,0,0
40.7559,-73.975,13,0,0,0
40.7208,-74.0019,18,0,0,0
40.7244,-73.9849,15,1,0,0
40.7668,-73.9668,17,1,0,0
40.7344,-73.9977,6,0,0,0
40.7387,-74.0049,20,1,0,0
40.7987,-73.9707,20,0,0,0
40.7168,-73.951,18,0,0,0
40.7433,-73.9799,15,0,0,0
40.7525,-74.0006,19,0,0,0
40.737,-73.9847,6,0,0,0
40.7168,-73.9957,14,0,0,0
40.7663,-73.9918,20,0,0,0
40.7377,-74.0329,22,0,0,0
40.6627,-73.9884,21,0,0,0
40.7596,-73.9918,22,0,0,0
40.7542,-73.9868,20,0,0,0
40.731,-73.9897,20,0,0,0
40.7453,-73.9824,17,0,0,0
40.7198,-73.9923,0,1,0,0
40.7739,-73.9639,18,0,0,0
40.77,-73.9884,10,0,0,0
40.7172,-74.0047,14,0,0,0
40.7179,-73.9595,19,0,0,0
40.7224,-73.9931,12,0,0,0
40.6882,-73.988,15,0,0,0
40.7451,-73.995,19,1,0,0
40.7746,-73.9822,19,1,0,0
40.7658,-73.9839,16,0,0,0
40.777,-73.9519,0,0,0,0
40.7799,-73.9767,3,0,0,0
40.76,-73.9729,17,0,0,0
40.7331,-73.9929,18,1,0,0
40.7266,-74.0012,17,0,0,0
40.7281,-73.8194,20,0,0,0
40.759,-73.9942,6,0,0,0
40.7699,-73.9806,17,1,0,0
40.7547,-73.9975,22,1,0,0
40.7177,-73.9493,23,1,0,0
40.7167,-74.0138,19,1,0,0
40.7613,-73.9794,20,0,0,0
40.7709,-73.8658,16,0,0,0
40.6599,-73.9605,13,1,0,0
40.7373,-73.9986,21,0,0,0
40.7199,-73.9952,19,0,0,0
40.7523,-73.9854,19,0,0,0
40.7381,-74.0082,20,0,0,0
40.7264,-73.9879,10,1,0,0
40.7534,-74.0264,22,0,0,0
40.7464,-74.0051,0,0,0,0
40.6451,-73.7818,23,0,0,0
40.7477,-74.0374,1,0,0,0
40.6448,-73.7818,12,0,0,0
40.726,-73.956,11,0,0,0
40.732,-73.9981,14,0,0,0
40.7738,-73.9501,6,0,0,0
40.7077,-74.0068,19,1,0,0
40.7614,-73.9754,15,0,0,0
40.7561,-73.9725,5,0,0,0
40.7457,-73.9954,0,0,0,0
40.7499,-73.9799,18,0,0,0
40.7063,-74.0097,18,0,0,0
40.7258,-73.9987,17,0,0,0
40.7359,-73.9957,4,0,0,0
40.6438,-73.79,14,1,0,0
40.7385,-73.9864,12,0,0,0
40.7144,-73.9459,13,1,0,0
40.7275,-74.0072,17,0,0,0
40.7805,-73.9498,15,1,0,0
40.6857,-73.9804,20,0,0,0
40.7162,-74.0137,15,0,0,0
40.7214,-74.0111,18,0,0,0
40.6572,-73.6493,12,1,5,-1
40.7749,-73.9009,22,0,0,0
40.731,-73.9996,19,0,0,0
40.7361,-73.9919,23,0,0,0
40.7269,-73.9917,21,1,0,0
40.7735,-73.9542,18,0,0,0
40.6778,-73.9858,0,0,0,0
40.7195,-73.9633,1,0,0,0
40.7437,-73.9817,22,0,0,0
40.7824,-73.9801,11,1,0,0
40.7323,-73.987,4,0,0,0
40.6487,-73.7829,19,0,0,0
40.7146,-74.01,22,0,0,0
40.7391,-73.9849,20,0,0,0
40.7272,-73.992,1,1,0,0
40.714,-73.9418,6,1,0,0
40.7514,-74.0069,16,0,0,0
40.6885,-73.9679,19,1,0,0
40.722,-74.003,9,0,0,0
40.7356,-73.9948,15,1,0,0
40.7472,-73.9915,21,0,0,0
40.7149,-74.0164,13,0,0,0
40.8011,-73.9423,23,0,0,0
40.7629,-73.9848,11,0,0,0
40.7583,-73.9752,13,0,0,0
40.7617,-73.9709,18,0,0,0
40.7599,-73.9843,7,0,0,0
40.7568,-73.9208,18,0,0,0
40.7542,-73.9861,22,0,0,0
40.7624,-73.9824,1,0,0,0
40.723,-73.8497,19,0,0,0
40.6758,-74.0108,15,0,0,0
40.6774,-73.9631,1,0,0,0
40.6307,-74.023,15,1,0,0
40.7501,-73.9865,18,1,0,0
40.7052,-73.9176,20,1,0,0
40.7786,-73.9775,5,0,0,0
40.7307,-73.9906,13,0,0,0
40.7508,-73.9907,15,0,0,0
40.7224,-73.9933,22,0,0,0
40.7211,-73.9936,21,1,0,0
40.7365,-73.9019,6,0,0,0
40.7633,-73.9779,13,0,0,0
40.7662,-73.7886,1,1,0,-1
40.7438,-73.9949,21,0,0,0
40.7345,-73.9988,6,0,0,0
40.7548,-73.9752,19,0,0,0
40.779,-73.9465,20,0,0,0
40.7543,-73.9823,19,0,0,0
40.6448,-73.7818,8,0,0,0
40.7508,-73.9787,16,0,0,0
40.7221,-73.9967,21,0,0,0
40.6468,-73.7895,21,0,0,0
40.7182,-74.0028,19,0,0,0
40.8336,-73.9388,15,0,0,0
40.7587,-73.9625,19,0,0,0
40.7803,-73.9819,13,0,0,0
40.6465,-73.7899,18,0,0,0
40.6843,-73.9218,23,0,0,0
40.6447,-73.7824,10,0,0,0
40.7741,-73.8726,21,0,0,0
40.6879,-73.9784,17,1,0,0
40.7414,-74.0013,6,0,0,0
40.7363,-73.9985,18,1,0,0
40.7578,-73.9661,19,1,0,0
40.662,-73.9439,0,1,0,0
40.7123,-74.0078,20,0,0,0
40.7946,-73.9661,10,0,0,0
40.7682,-73.9669,15,0,0,0
40.7244,-74.002,15,0,0,0
40.7353,-73.9981,23,1,0,0
40.7381,-74.0276,0,1,0,0
40.7434,-73.9893,9,0,0,0
40.7721,-73.9541,6,0,0,0
40.778,-73.9562,21,0,0,0
40.6992,-73.9557,8,0,0,0
40.6761,-73.7415,21,1,0,0
40.7145,-74.0103,16,0,0,0
40.7439,-74.0084,10,0,0,0
40.7222,-73.9995,19,1,0,0
40.7389,-74.0004,17,0,0,0
40.7351,-73.9984,9,0,0,0
40.7586,-74.0,16,1,0,0
40.7751,-73.9632,15,0,0,0
40.7087,-73.9593,15,0,0,0
40.7527,-73.9696,22,1,0,0
40.7809,-73.9496,19,1,0,0
40.7537,-73.9732,19,0,0,0
40.8337,-73.9262,13,0,0,0
40.7297,-73.9869,17,1,0,0
40.7887,-73.9706,15,1,0,0
40.7039,-73.9903,18,0,0,0
40.7506,-73.9945,14,0,0,0
40.7544,-73.9772,18,0,0,0
40.8227,-73.9479,23,0,0,0
40.729,-73.9755,0,1,0,0
40.7396,-73.9962,16,0,0,0
40.7119,-73.9994,16,0,0,0
40.7447,-73.9837,15,1,0,0
40.7617,-73.9803,13,0,0,0
40.7081,-74.0128,12,1,0,0
40.7839,-73.972,4,0,0,0
40.7082,-74.007,17,0,0,0
40.7418,-74.0033,15,0,0,0
40.7443,-73.9786,8,0,0,0
40.7349,-73.989,16,1,0,0
40.7907,-73.9653,14,0,0,0
40.7224,-73.9589,4,1,0,0
40.7297,-73.9779,6,0,0,0
40.7693,-73.9672,13,0,0,0
40.7048,-73.9288,20,1,0,0
40.7614,-73.9676,13,0,0,0
40.7516,-74.0034,0,0,0,0
40.7348,-73.9909,14,0,0,0
40.7453,-73.9922,11,1,0,0
40.6895,-73.9947,8,0,0,0
40.7462,-74.0082,11,0,0,0
40.6358,-73.9086,10,1,0,0
40.7072,-74.0121,17,0,0,0
40.7328,-73.9962,20,0,0,0
40.7635,-73.9706,16,0,0,0
40.7275,-74.0055,3,1,0,0
40.7436,-73.9924,11,0,0,0
40.6447,-73.7826,17,0,0,0
40.7881,-73.9759,17,0,0,0
40.7131,-73.9513,13,0,0,0
40.7196,-74.0021,13,0,0,0
40.7219,-73.9996,23,0,0,0
40.789,-73.9527,15,0,0,0
40.7517,-73.985,22,1,0,0
40.6658,-73.807,4,0,0,0
40.7774,-73.9634,16,0,0,0
40.7242,-74.01,13,0,0,0
40.7745,-73.9914,8,0,0,0
40.7659,-73.9696,0,0,0,0
40.7311,-73.952,9,0,0,0
40.7024,-73.9424,7,1,0,0
40.7677,-73.9916,9,1,0,0
40.7653,-73.9541,11,0,0,0
40.6751,-73.9994,7,0,0,0
40.721,-73.9981,0,1,0,0
40.7691,-73.9811,8,0,0,0
40.7483,-73.9784,18,1,0,0
40.7049,-74.0071,19,0,0,0
40.7649,-73.9649,15,0,0,0
40.7115,-74.0156,17,0,0,0
40.7049,-74.0163,0,0,0,0
40.7152,-74.016,18,1,0,0
40.7567,-73.9983,0,1,0,0
40.7654,-73.97,9,0,0,0
40.7613,-73.9832,18,0,0,0
40.7559,-73.9886,10,0,0,0
40.7332,-74.0074,19,0,0,0
40.7475,-74.0076,15,0,0,0
40.7396,-73.9926,19,0,0,0
40.73,-74.0005,21,0,0,0
40.7622,-73.9757,4,0,0,0
40.7194,-73.9615,22,0,0,0
40.7663,-73.9795,17,0,0,0
40.7841,-73.9585,14,0,0,0
40.7305,-73.9986,14,0,0,0
40.7213,-74.0044,17,0,0,0
40.7279,-74.0021,21,1,0,0
40.7769,-73.9526,10,1,0,0
40.7757,-73.9545,12,0,0,0
40.7732,-73.9505,16,0,0,0
40.7168,-73.9968,10,1,0,0
40.744,-73.9814,17,0,0,0
40.6448,-73.7823,17,0,0,0
40.7118,-74.0065,17,0,0,0
40.7238,-73.9898,8,1,0,0
40.7228,-73.9988,20,1,0,0
40.8254,-74.0581,11,0,0,0
40.7057,-74.0076,1,0,0,0
40.6446,-73.7825,12,0,0,0
40.7748,-73.984,11,0,0,0
40.6937,-73.9447,5,0,0,0
40.7526,-74.0075,13,0,0,0
40.6575,-73.9557,12,1,0,0
40.7642,-73.9828,21,0,0,0
40.7489,-73.9878,0,0,0,0
40.7348,-74.0,21,0,0,0
40.7599,-73.9901,20,0,0,0
40.74,-73.9935,16,0,0,0
40.7533,-73.9799,15,0,0,0
40.735,-73.9987,22,0,0,0
40.7274,-73.9903,17,1,0,0
40.7213,-73.9458,21,0,0,0
40.7079,-73.9446,22,0,0,0
40.7426,-73.9853,17,0,0,0
40.6792,-73.9353,17,0,0,0
40.7283,-73.9905,14,0,0,0
40.7095,-74.0093,19,0,0,0
40.7572,-73.9782,18,0,0,0
40.7442,-73.9916,20,0,0,0
40.7663,-73.9673,8,0,0,0
40.7408,-74.0076,12,0,0,0
40.73,-74.002,22,0,0,0
40.7262,-73.9919,2,1,0,0
40.756,-73.9712,7,0,0,0
40.7442,-73.9922,23,0,0,0
40.7577,-74.0007,15,0,0,0
40.7574,-73.9855,16,1,0,0
40.7714,-73.9635,19,0,0,0
40.7768,-74.0112,22,0,0,0
40.6982,-73.9936,3,0,0,0
40.6723,-73.9903,12,0,0,0
40.7206,-73.9842,7,0,0,0
40.7407,-73.9869,18,0,0,0
40.7227,-74.0049,22,0,0,0
40.7552,-73.9929,19,0,0,0
40.7832,-73.9723,6,0,0,0
40.7216,-74.0,16,0,0,0
40.7236,-74.0109,22,0,0,0
40.8481,-73.9393,14,1,0,0
40.7672,-73.528,10,0,-1,-1
40.7256,-74.0058,17,1,0,0
40.7797,-73.9525,7,0,0,0
40.7827,-73.9773,19,1,0,0
40.7645,-73.9729,21,0,0,0
40.7337,-74.007,15,0,0,0
40.7192,-74.0087,14,0,0,0
40.7156,-74.0113,15,0,0,0
40.7677,-73.9931,11,1,0,0
40.739,-73.9854,20,0,0,0
40.7247,-73.9766,12,0,0,0
40.7499,-73.9112,12,0,0,0
40.7708,-73.8661,21,1,0,0
40.7776,-73.977,7,0,0,0
40.7875,-73.9807,22,0,0,0
40.7227,-73.998,6,0,0,0
40.7201,-73.9633,6,0,0,0
40.6872,-73.9746,20,0,0,0
40.78,-73.9527,8,0,0,0
40.7485,-74.002,7,0,0,0
40.7647,-73.9829,7,0,0,0
40.7169,-73.9649,21,0,0,0
40.7521,-73.9775,13,0,0,0
40.7575,-73.963,7,0,0,0
40.7205,-74.0,13,0,0,0
40.7076,-73.9511,7,1,0,0
40.7263,-73.9785,17,0,0,0
40.7915,-73.9387,13,1,0,0
40.8249,-73.8811,2,0,0,0
40.7196,-74.0052,9,0,0,0
40.7794,-73.9879,6,0,0,0
40.7421,-73.9946,19,0,0,0
40.7682,-73.9828,12,0,0,0
40.6778,-73.9513,11,1,0,0
40.7741,-73.8726,18,0,0,0
40.7437,-73.9889,21,1,0,0
40.7741,-73.8727,14,0,0,0
40.7541,-73.9872,17,0,0,0
40.7233,-74.008,22,1,0,0
40.7339,-74.0006,21,0,0,0
40.774,-73.8725,21,0,0,0
40.7412,-74.0001,7,0,0,0
40.724,-74.0008,17,0,0,0
40.7654,-73.9616,9,1,0,0
40.6878,-73.9657,16,0,0,0
40.7363,-73.9789,6,0,0,0
40.7607,-73.9986,21,1,0,0
40.7583,-73.977,14,0,0,0
40.7547,-73.9842,12,0,0,0
40.8538,-73.935,17,1,0,0
40.7576,-73.961,14,0,0,0
40.7684,-73.9535,18,0,0,0
40.7333,-74.0031,16,0,0,0
40.7425,-73.9745,16,0,0,0
40.7346,-73.9963,9,0,0,0
40.7615,-74.0018,12,0,0,0
40.7314,-74.0025,20,0,0,0
40.7328,-73.9906,23,0,0,0
40.7313,-73.9748,20,0,0,0
40.7551,-73.9844,15,0,0,0
40.7659,-73.9545,10,0,0,0
40.6472,-74.0002,14,1,0,0
40.7233,-74.005,17,0,0,0
40.7324,-74.0099,18,1,0,0
40.7199,-74.0048,18,0,0,0
40.7512,-73.9752,18,0,0,0
40.7519,-73.9936,11,0,0,0
40.7686,-73.9695,7,0,0,0
40.7024,-73.9868,7,0,0,0
40.7586,-73.9724,23,0,0,0
40.7277,-73.9801,17,0,0,0
40.7445,-73.999,1,1,0,0
40.7788,-73.956,16,0,0,0
40.7365,-74.0013,22,0,0,0
40.7535,-73.9786,15,0,0,0
40.7658,-73.9575,22,0,0,0
40.7873,-73.9792,18,1,0,0
40.7206,-74.0,15,0,0,0
40.7247,-73.9989,13,0,0,0
40.7473,-73.9721,21,0,0,0
40.7529,-73.9681,6,0,0,0
40.7627,-73.9302,6,0,0,0
40.7059,-74.0081,23,0,0,0
40.7414,-74.0062,1,1,0,0
40.7741,-73.8727,16,0,0,0
40.7688,-73.8624,20,1,0,0
40.7279,-73.9991,0,1,0,0
40.7499,-74.0051,17,0,0,0
40.7381,-73.992,22,1,0,0
40.74,-73.9863,18,0,0,0
40.7567,-73.9629,14,0,0,0
40.7686,-73.9929,14,0,0,0
40.7247,-74.0063,1,1,0,0
40.7076,-74.01,17,0,0,0
40.74,-73.9742,13,1,0,0
40.7642,-73.9709,12,0,0,0
40.7097,-74.0083,16,0,0,0
40.7324,-74.0065,18,0,0,0
40.6808,-73.9325,21,1,0,0
40.7067,-74.0067,21,0,0,0
40.7544,-73.9993,17,0,0,0
40.7597,-73.9806,15,0,0,0
40.7213,-74.0049,12,0,0,0
40.7902,-73.9791,7,0,0,0
40.7603,-73.9805,23,1,0,0
40.7238,-73.9894,13,1,0,0
40.7149,-74.0063,8,0,0,0
40.7022,-73.9189,19,0,0,0
40.6756,-73.9823,20,0,0,0
40.7987,-73.969,12,1,0,0
40.7273,-73.9934,22,0,0,0
40.738,-73.9808,7,1,0,0
40.7198,-73.9641,23,0,0,0
40.7713,-73.8661,7,0,0,0
40.7674,-73.9824,20,0,0,0
40.6975,-73.9687,23,1,0,0
40.7028,-73.9907,14,0,0,0
40.7601,-73.972,18,0,0,0
40.7457,-74.0035,16,0,0,0
40.7519,-73.9918,20,1,0,0
40.7651,-73.975,9,0,0,0
40.7329,-74.0058,19,0,0,0
40.7349,-73.9881,17,0,0,0
40.7268,-74.0,22,0,0,0
40.7278,-73.9895,3,1,0,0
40.7116,-74.0105,16,0,0,0
40.7495,-73.9835,16,0,0,0
40.7629,-73.9858,17,0,0,0
40.7024,-73.985,8,1,0,0
40.7322,-73.9885,10,0,0,0
40.7295,-73.9749,14,0,0,0
40.7685,-73.986,21,0,0,0
40.7515,-73.9922,15,0,0,0
40.7201,-73.9873,10,1,0,0
40.7242,-73.9979,8,0,0,0
40.7802,-73.9816,22,0,0,0
40.7252,-74.0016,8,0,0,0
40.7489,-74.0068,12,0,0,0
40.6536,-73.6774,11,0,5,-1
40.7382,-73.9843,18,0,0,0
40.7573,-73.9677,19,1,0,0
40.6922,-73.9717,6,0,0,0
40.6416,-73.7885,19,1,0,0
40.7265,-74.0023,17,0,0,0
40.7179,-73.9921,0,1,0,0
40.7586,-73.9727,19,0,0,0
40.7231,-74.0041,21,1,0,0
40.7559,-73.9778,19,0,0,0
40.6862,-74.0011,13,0,0,0
40.7503,-73.9786,16,0,0,0
40.774,-73.9627,12,0,0,0
40.7243,-74.0001,9,0,0,0
40.6731,-73.9868,10,0,0,0
40.7684,-73.9822,17,1,0,0
40.6957,-73.9626,10,1,0,0
40.7425,-73.9968,21,0,0,0
40.7636,-73.9657,17,0,0,0
40.7473,-73.9899,21,0,0,0
40.7495,-73.9795,14,1,0,0
40.7654,-73.9722,17,0,0,0
40.7585,-73.972,17,0,0,0
40.7412,-73.987,11,0,0,0
40.717,-74.0143,17,1,0,0
40.7675,-73.9937,8,0,0,0
40.7591,-73.9705,15,0,0,0
40.6819,-73.9994,6,0,0,0
40.774,-73.9624,8,0,0,0
40.709,-74.0105,7,0,0,0
40.7503,-73.9833,15,0,0,0
40.7517,-73.9821,18,0,0,0
40.7259,-73.992,19,0,0,0
40.7727,-73.9576,0,0,0,0
40.7442,-73.9876,16,0,0,0
40.7277,-73.9993,13,0,0,0
40.7332,-73.981,7,0,0,0
40.6568,-73.5791,16,0,-1,-1
40.6386,-73.9746,14,0,0,0
40.7607,-73.9982,16,0,0,0
40.6819,-73.9422,20,0,0,0
40.6718,-74.0104,13,1,0,0
40.7551,-73.9757,17,0,0,0
40.9504,-73.8984,22,0,-1,-1
40.7293,-73.9797,7,0,0,0
40.7591,-73.9738,20,0,0,0
40.7482,-74.0074,22,1,0,0
40.9543,-73.7353,21,1,8,-1
40.7218,-73.958,13,0,0,0
40.7636,-73.9777,20,1,0,0
40.7098,-74.0114,18,0,0,0
40.7472,-74.0107,6,0,0,0
40.7545,-73.9716,15,0,0,0
40.7395,-74.028,23,1,0,0
40.6866,-73.9878,21,0,0,0
40.7432,-74.0031,14,0,0,0
40.7629,-73.9719,17,0,0,0
40.7499,-73.9938,15,0,0,0
40.7236,-74.0108,20,1,0,0
40.7645,-73.9642,17,1,0,0
40.7054,-74.0171,23,0,0,0
40.7417,-73.9974,15,1,0,0
40.7696,-73.9603,6,0,0,0
40.7361,-73.9959,23,1,0,0
40.6848,-73.9442,0,0,0,0
40.8011,-73.9379,19,0,0,0
40.7396,-73.989,21,0,0,0
40.7817,-73.9488,8,0,0,0
40.739,-73.9964,7,0,0,0
40.6747,-74.016,20,1,0,0
40.7654,-73.9936,20,0,0,0
40.7707,-73.9837,20,0,0,0
40.7694,-73.981,17,0,0,0
40.7193,-74.007,21,0,0,0
40.774,-73.8721,18,0,0,0
40.7387,-74.002,18,0,0,0
40.7181,-74.0098,11,0,0,0
40.6917,-73.973,8,0,0,0
40.7316,-73.9968,22,0,0,0
40.7494,-73.9848,14,0,0,0
40.7216,-74.011,17,0,0,0
40.7728,-73.8767,16,0,0,0
40.6099,-73.9437,13,0,0,0
40.7604,-73.9949,7,0,0,0
40.7436,-73.9728,10,0,0,0
40.7675,-73.9573,15,0,0,0
40.7429,-73.9919,9,0,0,0
40.7503,-73.9948,15,1,0,0
40.739,-73.9831,8,0,0,0
40.716,-74.01,10,1,0,0
40.8175,-73.942,19,0,0,0
40.7168,-74.0087,20,0,0,0
40.7451,-74.0074,19,0,0,0
40.7333,-74.0024,21,0,0,0
40.753,-73.9874,17,0,0,0
40.7705,-73.9521,6,0,0,0
40.7255,-73.9456,8,1,0,0
40.7206,-73.994,18,0,0,0
40.7346,-74.0097,20,1,0,0
40.7342,-73.9891,22,0,0,0
40.7229,-73.9945,22,0,0,0
40.7628,-73.9656,12,0,0,0
40.7222,-73.9944,19,0,0,0
40.7384,-73.9896,20,0,0,0
40.7466,-73.9959,15,0,0,0
40.72,-73.9612,14,1,0,0
40.7509,-73.9808,14,1,0,0
40.7563,-73.9928,4,0,0,0
40.7277,-73.9933,1,1,0,0
40.7078,-74.0098,17,0,0,0
40.7003,-73.81,2,1,0,0
40.7354,-74.0094,5,0,0,0
40.8042,-73.966,13,0,0,0
40.7755,-73.9509,8,0,0,0
40.72,-74.0003,11,0,0,0
40.7732,-73.8856,19,0,0,0
40.7285,-73.9897,12,0,0,0
40.7679,-73.968,15,0,0,0
40.7608,-73.9907,16,1,0,0
40.7524,-73.9699,13,0,0,0
40.7217,-73.9806,10,1,0,0
40.7735,-73.9833,13,0,0,0
40.7164,-74.0092,0,0,0,0
40.737,-73.9739,9,0,0,0
40.7759,-73.9795,4,0,0,0
40.6733,-73.9914,17,0,0,0
40.7045,-74.0089,8,1,0,0
40.7342,-73.9975,17,0,0,0
40.7346,-73.9833,15,1,0,0
40.7618,-74.0008,1,1,0,0
40.7247,-73.9985,0,0,0,0
40.7123,-73.9638,3,0,0,0
40.7742,-73.8728,21,0,0,0
40.6739,-73.9837,7,0,0,0
40.7251,-73.9971,19,0,0,0
40.6199,-74.0404,0,1,0,0
40.6471,-73.7891,8,0,0,0
40.7268,-73.9995,1,1,0,0
40.681,-73.9504,11,1,0,0
40.7062,-74.0179,18,0,0,0
40.7222,-73.9869,8,0,0,0
40.7462,-73.982,15,0,0,0
40.8197,-73.9555,19,1,0,0
40.7218,-73.9998,21,0,0,0
40.772,-73.9581,12,0,0,0
40.7594,-73.9704,19,0,0,0
40.7587,-73.9719,14,0,0,0
40.7556,-73.9799,18,0,0,0
40.7645,-73.9689,16,1,0,0
40.7529,-73.9783,16,0,0,0
40.7424,-74.0043,1,1,0,0
40.7236,-74.0045,11,0,0,0
40.756,-73.9749,9,0,0,0
40.7777,-73.9887,7,0,0,0
40.7698,-73.9819,15,0,0,0
40.7249,-73.7132,13,1,0,0
40.7977,-73.9342,15,0,0,0
40.7292,-73.8551,19,0,0,0
40.75,-73.9904,16,0,0,0
40.7647,-73.9783,22,0,0,0
40.7632,-73.9791,21,0,0,0
40.7483,-74.0036,13,0,0,0
40.7636,-73.975,20,0,0,0
40.7254,-74.0001,15,0,0,0
40.725,-73.9573,19,1,0,0
40.703,-73.9872,11,1,0,0
40.6874,-73.9234,21,0,0,0
40.7061,-74.0061,15,0,0,0
40.7839,-73.9524,14,0,0,0
40.769,-73.9649,16,0,0,0
40.7439,-74.0065,20,0,0,0
40.7014,-73.9231,19,0,0,0
40.7602,-73.9743,18,0,0,0
40.7409,-74.0076,17,1,0,0
40.759,-73.9922,7,0,0,0
40.7608,-73.9684,18,0,0,0
40.7448,-74.0289,23,1,0,0
40.7593,-73.9751,11,1,0,0
40.7208,-73.9867,13,0,0,0
40.7227,-74.0115,19,0,0,0
40.7242,-74.0002,15,0,0,0
40.7401,-73.9952,21,0,0,0
40.6872,-73.9618,6,0,0,0
40.761,-73.9843,12,0,0,0
40.7565,-73.9744,20,0,0,0
40.7707,-73.8657,10,0,0,0
40.7211,-73.9924,23,0,0,0
40.6686,-73.9736,10,1,0,0
40.7521,-73.9858,1,0,0,0
40.7943,-73.9628,22,0,0,0
40.7211,-74.0099,21,0,0,0
40.7406,-74.0067,22,0,0,0
40.7487,-73.976,22,0,0,0
40.7631,-73.9785,22,0,0,0
40.7595,-73.9732,21,0,0,0
40.7401,-73.9897,2,1,0,0
40.6877,-73.9576,7,0,0,0
40.7117,-73.9855,7,0,0,0
40.6717,-73.9723,8,0,0,0
40.7114,-73.9368,19,1,0,0
40.7651,-73.9869,7,1,0,0
40.7079,-74.0085,18,0,0,0
40.7295,-73.9871,20,0,0,0
40.7802,-73.9858,7,0,0,0
40.7419,-73.981,14,0,0,0
40.7378,-73.9899,16,0,0,0
40.7616,-73.9729,19,0,0,0
40.736,-74.0094,23,0,0,0
40.742,-73.9829,6,0,0,0
40.6885,-73.9888,5,0,0,0
40.716,-73.9999,14,0,0,0
40.7145,-74.0146,17,0,0,0
40.752,-73.8545,3,1,0,0
40.7735,-73.9622,18,0,0,0
40.7589,-73.9812,21,0,0,0
40.6859,-73.9883,1,0,0,0
40.7648,-73.9619,7,0,0,0
40.7407,-73.9859,17,0,0,0
40.7443,-73.9943,1,1,0,0
40.7284,-73.9941,12,0,0,0
40.6784,-74.0102,23,0,0,0
40.7415,-73.9874,23,1,0,0
40.7611,-73.9988,18,0,0,0
40.6836,-73.9537,0,1,0,0
40.7486,-73.9959,11,0,0,0
40.7282,-73.9903,0,0,0,0
40.7321,-73.958,18,1,0,0
40.7077,-73.8031,21,0,0,0
40.7887,-73.981,18,0,0,0
40.7438,-73.9716,14,0,0,0
40.7719,-73.9558,11,1,0,0
40.7223,-74.0081,6,0,0,0
40.7561,-73.9765,19,1,0,0
40.7409,-73.9927,16,0,0,0
40.781,-73.9589,11,0,0,0
40.678,-74.0152,18,1,0,0
40.7767,-73.981,16,0,0,0
40.7201,-74.0086,23,0,0,0
40.7765,-73.9072,18,1,0,0
40.7422,-73.9905,18,1,0,0
40.7224,-74.0045,17,1,0,0
40.7262,-74.0057,13,0,0,0
40.7742,-73.8726,18,0,0,0
40.7239,-73.9928,18,1,0,0
40.7617,-73.965,22,0,0,0
40.7462,-73.981,17,1,0,0
40.7083,-73.9404,18,1,0,0
40.774,-73.872,20,0,0,0
40.7614,-73.9748,14,0,0,0
40.7616,-73.9683,12,0,0,0
40.7107,-73.9672,17,0,0,0
40.7276,-73.9912,20,1,0,0
40.6515,-73.9704,12,1,0,0
40.7514,-73.9938,21,0,0,0
40.7518,-73.9909,11,0,0,0
40.6465,-73.7898,16,1,0,0
40.645,-73.7819,11,0,0,0
40.8016,-73.9332,20,0,0,0
40.6892,-73.9925,18,1,0,0
40.7753,-73.9634,13,0,0,0
40.7756,-73.9503,9,1,0,0
40.7572,-73.9937,13,0,0,0
40.7189,-74.0106,22,0,0,0
40.7306,-74.009,8,0,0,0
40.7237,-74.0,13,1,0,0
40.7745,-73.9635,6,0,0,0
40.682,-73.9635,5,0,0,0
40.7542,-73.9744,16,0,0,0
40.6057,-73.9852,6,1,0,0
40.7615,-73.9765,9,0,0,0
40.7391,-74.0029,3,1,0,0
40.75,-73.9773,12,0,0,0
40.7458,-73.9881,6,0,0,0
40.7461,-74.0023,18,0,0,0
40.7547,-73.9798,15,0,0,0
40.8001,-73.9682,15,1,0,0
40.7576,-73.9846,19,0,0,0
40.7665,-73.9714,5,0,0,0
40.7157,-74.0045,10,0,0,0
40.7742,-73.9491,21,0,0,0
40.7605,-73.9703,9,0,0,0
40.7353,-74.0098,23,0,0,0
40.8136,-73.9437,16,0,0,0
40.772,-73.9632,10,0,0,0
40.7749,-73.9631,17,0,0,0
40.7179,-73.9856,10,0,0,0
40.741,-74.0076,21,0,0,0
40.7603,-73.9838,20,0,0,0
40.7514,-74.0063,15,0,0,0
40.7162,-74.0027,18,1,0,0
40.7253,-74.0072,20,0,0,0
40.7637,-73.9737,16,1,0,0
40.7577,-73.9723,20,0,0,0
40.6417,-73.789,12,0,0,0
40.7557,-73.9918,16,0,0,0
40.7528,-73.9829,8,0,0,0
40.7595,-73.9954,6,1,0,0
40.7387,-73.9832,18,0,0,0
40.7654,-73.9548,15,0,0,0
40.7508,-73.9824,19,0,0,0
40.7165,-74.0662,7,0,0,0
40.776,-73.9203,13,1,0,0
40.7158,-74.0111,14,0,0,0
40.769,-73.8697,9,1,0,0
40.7142,-74.0082,14,0,0,0
40.7577,-73.9932,14,0,0,0
40.7377,-74.0082,21,0,0,0
40.7205,-73.8412,21,0,0,0
40.7565,-73.9781,20,0,0,0
40.7473,-73.9868,19,1,0,0
40.723,-73.9834,17,0,0,0
40.7748,-73.9564,17,0,0,0
40.7594,-73.9687,15,0,0,0
40.7595,-73.9737,13,1,0,0
40.7005,-73.923,23,0,0,0
40.8296,-73.9211,20,0,0,0
40.7153,-74.0171,16,0,0,0
40.8081,-73.9236,4,0,0,0
40.7861,-73.9709,9,0,0,0
40.7398,-73.9904,17,0,0,0
40.7593,-73.9683,20,0,0,0
40.7195,-73.999,8,0,0,0
40.7253,-73.7839,20,0,0,0
40.7486,-74.0061,11,1,0,0
40.7649,-73.9787,14,0,0,0
40.7123,-73.9633,10,0,0,0
40.7308,-74.0042,22,0,0,0
40.6506,-73.9742,10,1,0,0
40.7718,-73.9595,22,0,0,0
40.8103,-73.9435,7,0,0,0
40.7503,-73.9741,22,0,0,0
40.8789,-73.8342,22,1,0,0
40.7489,-73.992,16,0,0,0
40.7368,-73.9906,19,0,0,0
40.7471,-73.9853,22,0,0,0
40.7588,-73.9817,17,0,0,0
40.7237,-73.9926,10,0,0,0
40.7256,-74.0056,15,1,0,0
40.7156,-74.0051,21,1,0,0
40.6456,-73.7767,19,0,0,0
40.7779,-73.9477,20,0,0,0
40.7177,-74.0004,16,0,0,0
40.7324,-74.0035,20,1,0,0
40.7439,-74.0069,23,0,0,0
40.8034,-73.9333,10,0,0,0
40.7751,-73.9792,9,0,0,0
40.6997,-73.772,4,0,0,0
40.742,-73.9852,16,0,0,0
40.7375,-73.9925,6,0,0,0
40.7575,-73.9752,17,0,0,0
40.73,-74.002,18,0,0,0
40.7446,-73.9838,20,0,0,0
40.7641,-73.9708,16,0,0,0
40.7453,-73.9771,15,0,0,0
40.6919,-74.0002,17,1,0,0
40.688,-74.183,22,1,1,1
40.7349,-73.9795,22,1,0,0
40.7598,-73.977,22,0,0,0
40.6956,-73.9947,8,0,0,0
40.7401,-73.9821,16,0,0,0
40.7378,-73.9811,20,0,0,0
40.763,-73.9788,17,0,0,0
40.7542,-73.9893,18,0,0,0
40.7204,-73.9634,6,0,0,0
40.6707,-73.985,2,1,0,0
40.7424,-73.9781,15,0,0,0
40.7435,-73.9737,13,0,0,0
40.7138,-74.009,11,1,0,0
40.7752,-73.9635,11,1,0,0
40.7517,-73.9936,7,0,0,0
40.7178,-73.9928,18,1,0,0
40.7534,-73.9965,15,0,0,0
40.7372,-74.0052,10,1,0,0
40.7164,-73.9615,20,1,0,0
40.7231,-74.0475,20,0,0,0
40.7329,-73.9862,3,0,0,0
40.7598,-73.9719,18,0,0,0
40.7077,-74.0059,6,0,0,0
40.7485,-73.9802,17,0,0,0
40.7161,-74.0046,7,0,0,0
40.6462,-73.7769,12,0,0,0
40.7618,-73.9249,4,0,0,0
40.7797,-73.954,16,1,0,0
40.7737,-73.95,9,0,0,0
40.8144,-73.9607,13,0,0,0
40.7442,-73.9994,6,0,0,0
40.7513,-73.9935,14,0,0,0
40.7403,-73.982,7,0,0,0
40.7521,-73.9854,14,0,0,0
40.7355,-73.9748,22,0,0,0
40.7634,-73.9264,19,1,0,0
40.7842,-73.9815,8,1,0,0
40.7429,-73.9868,23,1,0,0
40.7026,-73.9901,18,0,0,0
40.7995,-73.9711,9,1,0,0
40.787,-73.9564,19,0,0,0
40.7383,-73.9998,6,0,0,0
40.714,-73.9542,22,1,0,0
40.7561,-73.9833,22,0,0,0
40.7555,-73.9771,7,0,0,0
40.7197,-73.9872,7,1,0,0
40.7405,-73.9989,15,0,0,0
40.7516,-73.9754,22,0,0,0
40.7214,-74.0101,20,0,0,0
40.7682,-73.862,11,0,0,0
40.7575,-73.9857,14,0,0,0
40.7569,-73.9693,7,0,0,0
40.7291,-73.9921,23,0,0,0
40.7238,-73.9569,15,0,0,0
40.7376,-73.9881,15,0,0,0
40.7613,-73.9996,11,0,0,0
40.754,-73.9996,15,0,0,0
40.7785,-73.9834,9,0,0,0
40.7577,-74.0008,18,1,0,0
40.7707,-73.9854,16,0,0,0
40.8078,-73.9492,9,1,0,0
40.7392,-73.9913,11,0,0,0
40.7323,-73.9551,7,0,0,0
40.7195,-74.0005,19,0,0,0
40.7091,-74.0115,20,0,0,0
40.7705,-73.9484,5,0,0,0
40.7087,-74.0091,21,0,0,0
40.764,-73.9825,15,0,0,0
40.7589,-73.9612,16,0,0,0
40.7651,-73.973,14,1,0,0
40.7679,-73.9917,18,1,0,0
40.7366,-73.9889,20,0,0,0
40.7669,-73.9617,18,0,0,0
40.7697,-73.9603,17,0,0,0
40.7455,-73.9886,7,0,0,0
40.7633,-73.9943,20,0,0,0
40.7516,-74.0038,15,1,0,0
40.7417,-74.0037,20,0,0,0
40.6802,-73.9901,12,1,0,0
40.7165,-74.0132,20,0,0,0
40.7583,-73.9903,12,0,0,0
40.7014,-73.9421,13,0,0,0
40.759,-73.9626,4,0,0,0
40.6232,-74.0331,6,0,0,0
40.7445,-73.9873,11,0,0,0
40.7367,-73.9801,4,0,0,0
40.7266,-73.9957,4,0,0,0
40.7299,-73.9917,23,1,0,0
40.7257,-73.9999,17,1,0,0
40.7093,-74.0163,14,0,0,0
40.6772,-74.0131,17,1,0,0
40.6733,-73.9569,22,0,0,0
40.6486,-73.783,23,0,0,0
40.7302,-73.9547,23,0,0,0
40.7094,-74.0106,17,1,0,0
40.7299,-74.0005,21,0,0,0
40.7229,-73.9978,22,1,0,0
40.7505,-73.9947,21,1,0,0
40.7406,-74.0057,22,1,0,0
40.7024,-73.9868,11,0,0,0
40.6778,-73.9979,16,1,0,0
40.6682,-73.9938,0,1,0,0
40.724,-73.9965,16,0,0,0
40.7656,-73.9824,16,0,0,0
40.7454,-73.9947,8,0,0,0
40.7802,-73.9816,5,0,0,0
40.693,-73.9069,7,0,0,0
40.7432,-74.0075,14,0,0,0
40.8573,-73.9362,7,0,0,0
40.7476,-73.977,12,0,0,0
40.7506,-73.9763,8,0,0,0
40.7395,-74.0055,1,1,0,0
40.7088,-74.0133,18,1,0,0
40.6997,-73.9225,14,0,0,0
40.7706,-73.8655,10,0,0,0
40.7635,-73.9963,17,0,0,0
40.735,-73.9928,20,0,0,0
40.7213,-73.9891,0,1,0,0
40.7472,-73.9914,18,0,0,0
40.7512,-73.94,17,1,0,0
40.7509,-73.9766,0,1,0,0
40.7891,-73.9486,20,1,0,0
40.7226,-73.9798,22,1,0,0
40.7679,-73.9916,20,1,0,0
40.7029,-73.9947,10,1,0,0
40.7273,-74.0069,12,0,0,0
40.7493,-73.9839,18,0,0,0
40.6459,-73.7828,21,1,0,0
40.7627,-73.9755,19,0,0,0
40.7526,-73.9932,5,0,0,0
40.7247,-73.9839,7,0,0,0
40.704,-74.0132,17,0,0,0
40.7035,-73.9845,19,0,0,0
40.746,-73.991,18,1,0,0
40.7609,-73.975,12,0,0,0
40.6468,-73.7783,10,0,0,0
40.7684,-73.8623,9,0,0,0
40.7502,-73.9734,17,0,0,0
40.749,-73.9781,21,1,0,0
40.7513,-73.9712,18,0,0,0
40.8461,-73.8316,7,0,0,0
40.775,-73.954,18,1,0,0
40.9662,-73.7641,17,0,-1,-1
40.7666,-73.9783,8,0,0,0
40.7209,-73.9967,19,1,0,0
40.73,-73.9807,8,0,0,0
40.6217,-74.0266,13,0,0,0
40.6466,-73.7894,20,0,0,0
40.7874,-73.9764,5,0,0,0
40.7697,-73.9876,7,0,0,0
40.7191,-74.0051,9,0,0,0
40.6315,-74.0218,15,0,0,0
40.7548,-73.9801,21,0,0,0
40.7406,-74.008,20,1,0,0
40.7251,-74.0106,9,0,0,0
40.7602,-74.0027,11,0,0,0
40.7611,-73.999,7,0,0,0
40.7739,-73.8724,20,0,0,0
40.7483,-73.9745,17,0,0,0
40.7647,-73.9842,23,0,0,0
40.6693,-73.9795,21,1,0,0
40.7173,-73.9562,19,0,0,0
40.7719,-73.9598,13,0,0,0
40.7617,-73.9814,21,0,0,0
40.7735,-73.9663,15,0,0,0
40.6421,-73.7889,14,0,0,0
40.7525,-73.8423,22,0,0,0
40.6377,-73.9132,11,0,0,0
40.8177,-73.942,1,0,0,0
40.6897,-74.1844,23,0,1,1
40.7638,-73.9711,11,0,0,0
40.7603,-73.9597,6,0,0,0
40.7647,-73.9768,21,1,0,0
40.7262,-73.9986,20,0,0,0
40.7297,-73.992,18,0,0,0
40.7139,-73.9516,22,0,0,0
40.6448,-73.7818,5,1,0,0
40.7175,-74.0106,23,0,0,0
40.77,-73.9669,17,0,0,0
40.7148,-73.9988,19,1,0,0
40.7772,-73.9891,7,0,0,0
40.6612,-73.9806,7,1,0,0
40.7702,-73.9537,9,0,0,0
40.7139,-74.0117,11,0,0,0
40.6447,-73.7868,22,1,0,0
40.7265,-74.0074,23,0,0,0
40.6833,-73.8591,18,0,0,0
40.7679,-73.959,7,0,0,0
40.742,-74.001,22,0,0,0
40.7549,-73.9796,12,0,0,0
40.7482,-73.9479,23,0,0,0
40.7556,-73.973,12,0,0,0
40.7577,-73.9894,16,1,0,0
40.717,-73.9499,19,0,0,0
40.7405,-74.0066,20,0,0,0
40.8308,-73.9267,21,0,0,0
40.7289,-73.9763,7,0,0,0
40.749,-73.8911,1,1,0,0
40.7376,-73.9897,21,0,0,0
40.7391,-74.0008,9,0,0,0
40.672,-73.978,6,1,0,0
40.7529,-74.0047,16,0,0,0
40.7706,-73.8674,20,0,0,0
40.6719,-73.9375,14,0,0,0
40.6887,-73.9837,17,0,0,0
40.7351,-73.988,20,0,0,0
40.7664,-73.9828,16,0,0,0
40.7604,-73.9613,16,0,0,0
40.7424,-74.0048,17,0,0,0
40.692,-73.9597,19,1,0,0
40.7183,-74.0014,22,0,0,0
40.791,-73.9514,14,0,0,0
40.7619,-73.9851,18,0,0,0
40.7621,-73.9717,13,1,0,0
40.7893,-73.9547,11,0,0,0
40.6468,-73.7902,22,0,0,0
40.7627,-73.9721,20,0,0,0
40.7599,-73.9862,8,1,0,0
40.7535,-73.9962,16,0,0,0
40.7527,-73.9727,19,0,0,0
40.7642,-73.9791,11,0,0,0
40.5654,-73.8911,14,0,-1,-1
40.7258,-73.983,17,1,0,0
40.7237,-73.9487,16,0,0,0
40.7233,-73.9846,22,0,0,0
40.7731,-73.9546,7,0,0,0
40.7578,-73.989,8,0,0,0
40.6384,-74.036,9,0,0,0
40.796,-73.6701,14,1,6,-1
40.7508,-73.9766,13,0,0,0
40.7576,-73.9861,17,0,0,0
40.726,-73.9871,22,0,0,0
40.7512,-73.9695,10,0,0,0
40.7523,-73.9721,15,0,0,0
40.7687,-73.8672,6,0,0,0
40.7603,-73.9806,17,0,0,0
40.7679,-73.9682,14,1,0,0
40.7648,-73.9741,19,0,0,0
40.7325,-73.9993,20,0,0,0
40.6462,-73.8797,9,0,0,0
40.7146,-73.9975,23,0,0,0
40.7447,-73.9797,18,1,0,0
40.7099,-73.9674,17,0,0,0
40.6472,-73.9259,12,0,0,0
40.7537,-73.9723,17,0,0,0
40.7432,-74.0039,18,1,0,0
40.763,-73.9826,20,0,0,0
40.7279,-73.9945,0,1,0,0
40.7743,-73.9511,21,0,0,0
40.7187,-74.0,19,1,0,0
40.7615,-73.9985,17,0,0,0
40.7452,-74.006,21,0,0,0
40.6748,-74.0162,20,0,0,0
40.7031,-73.9847,11,0,0,0
40.7662,-73.9869,14,0,0,0
40.7516,-74.0038,18,0,0,0
40.7741,-73.8723,23,0,0,0
40.7142,-74.0151,17,0,0,0
40.7498,-73.9816,1,1,0,0
40.7588,-73.9998,15,0,0,0
40.7057,-74.01,23,1,0,0
40.7992,-73.9216,22,1,0,0
40.6446,-73.78,2,1,0,0
40.6862,-73.9502,23,0,0,0
40.7283,-73.9993,16,0,0,0
40.7477,-73.9168,13,0,0,0
40.7142,-73.9878,10,1,0,0
40.7443,-73.9833,13,1,0,0
40.7583,-73.9881,13,1,0,0
40.7574,-73.9858,22,0,0,0
40.7335,-73.9564,15,1,0,0
40.7444,-73.9535,20,0,0,0
40.7735,-73.949,5,0,0,0
40.7676,-73.9817,0,0,0,0
40.7205,-73.9872,20,0,0,0
40.7472,-74.007,17,0,0,0
40.7683,-73.8624,18,0,0,0
40.7653,-73.9542,10,0,0,0
40.7472,-73.9933,9,0,0,0
40.7295,-74.004,23,0,0,0
40.761,-73.977,17,0,0,0
40.7655,-73.9759,6,0,0,0
40.7519,-73.9739,22,0,0,0
40.7501,-73.978,14,0,0,0
40.7495,-73.9838,13,0,0,0
40.7558,-73.9665,14,0,0,0
40.7781,-73.9749,11,0,0,0
40.7276,-74.0003,20,0,0,0
40.7069,-74.0088,20,0,0,0
40.6951,-74.1807,10,1,1,1
40.7278,-74.0002,0,1,0,0
40.7473,-73.9852,11,0,0,0
40.7997,-73.9622,8,1,0,0
40.676,-74.0166,22,0,0,0
40.7497,-73.9774,12,0,0,0
40.7519,-73.982,16,0,0,0
40.7142,-73.9633,7,0,0,0
40.7567,-73.9927,10,0,0,0
40.7533,-73.9789,15,0,0,0
40.7334,-73.9957,20,0,0,0
40.7255,-73.995,18,1,0,0
40.7091,-74.0151,5,1,0,0
40.7213,-73.9879,23,0,0,0
40.7206,-74.0111,12,0,0,0
40.7514,-73.9802,19,0,0,0
40.7257,-74.002,12,1,0,0
40.7753,-73.9905,15,0,0,0
40.7483,-73.9887,19,1,0,0
40.774,-73.8726,8,0,0,0
40.7355,-73.9897,21,0,0,0
40.7183,-73.9978,4,1,0,0
40.7577,-73.9772,16,0,0,0
40.7605,-73.9154,1,1,0,0
40.7626,-73.9792,21,0,0,0
40.8189,-73.8614,0,0,0,0
40.7179,-73.9894,1,1,0,0
40.7248,-73.9989,21,0,0,0
40.7374,-73.9972,22,0,0,0
40.7197,-73.999,19,0,0,0
40.7158,-74.0083,8,0,0,0
40.7836,-73.9835,7,0,0,0
40.7518,-73.9849,18,0,0,0
40.7453,-73.9887,7,0,0,0
40.7375,-73.9966,22,0,0,0
40.7255,-73.9821,11,0,0,0
40.7583,-73.9859,14,0,0,0
40.7408,-74.0046,13,0,0,0
40.7073,-74.0069,18,0,0,0
40.78,-73.9574,8,0,0,0
40.6843,-73.9681,23,0,0,0
40.75,-73.9861,13,1,0,0
40.7409,-73.9748,17,0,0,0
40.7219,-73.958,22,0,0,0
40.7938,-73.9669,14,0,0,0
40.7402,-73.9863,20,0,0,0
40.7516,-73.9901,18,0,0,0
40.7417,-73.9936,16,1,0,0
40.7555,-73.8901,23,1,0,0
40.7706,-73.8653,16,0,0,0
40.7429,-73.8992,19,0,0,0
40.6755,-74.0173,0,1,0,0
40.7543,-73.9876,17,0,0,0
40.7403,-73.9904,14,0,0,0
40.7845,-73.9497,8,0,0,0
40.7309,-73.9993,14,0,0,0
40.7077,-74.0043,17,0,0,0
40.7478,-73.9767,3,1,0,0
40.7454,-73.9988,14,0,0,0
40.7645,-73.979,11,0,0,0
40.7289,-73.9847,8,0,0,0
40.7905,-73.9756,17,0,0,0
40.7279,-73.9991,20,0,0,0
40.7606,-73.9996,11,1,0,0
40.722,-73.992,1,1,0,0
40.7232,-73.9913,19,1,0,0
40.8619,-73.9242,17,0,0,0
40.773,-73.886,20,0,0,0
40.7419,-73.9935,12,0,0,0
40.7592,-73.9726,15,0,0,0
40.7235,-73.9998,12,1,0,0
40.809,-73.9518,22,0,0,0
40.7367,-74.0012,9,0,0,0
40.7145,-73.9927,0,0,0,0
40.6412,-73.7883,9,0,0,0
40.7607,-73.9833,15,0,0,0
40.6984,-73.9916,20,0,0,0
40.76,-73.9818,15,0,0,0
40.7686,-73.9578,6,0,0,0
40.6483,-73.7827,20,0,0,0
40.7706,-73.9917,17,0,0,0
40.7262,-74.0038,13,0,0,0
40.7735,-73.9837,21,0,0,0
40.7092,-74.0162,18,0,0,0
40.7305,-73.9947,14,0,0,0
40.722,-73.9812,4,0,0,0
40.7351,-74.01,18,0,0,0
40.7166,-73.9548,16,1,0,0
40.7318,-74.0064,7,0,0,0
40.7482,-73.989,20,1,0,0
40.7398,-74.007,21,0,0,0
40.6446,-73.7831,14,1,0,0
40.7475,-73.944,23,0,0,0
40.7431,-73.9771,8,0,0,0
40.7468,-73.9974,22,0,0,0
40.7205,-73.9824,13,0,0,0
40.7307,-74.0,21,1,0,0
40.736,-73.9858,18,1,0,0
40.7854,-73.9555,11,0,0,0
40.7678,-73.9915,20,0,0,0
40.7516,-73.9862,22,0,0,0
40.72,-74.0102,21,0,0,0
40.6864,-73.5533,0,1,-1,-1
40.6952,-74.1782,4,1,1,1
40.7632,-73.9738,12,1,0,0
40.7287,-73.9958,14,0,0,0
40.7628,-72.8388,11,1,-1,-1
40.7755,-73.9823,19,1,0,0
40.7793,-73.96,15,0,0,0
40.704,-74.0118,20,0,0,0
40.741,-74.0077,2,0,0,0
40.7406,-73.9852,20,0,0,0
40.7565,-73.9745,16,1,0,0
40.6269,-74.0287,14,0,0,0
40.6431,-73.7892,15,0,0,0
40.7542,-73.9867,22,0,0,0
40.7698,-73.9646,15,0,0,0
40.7025,-73.9267,1,0,0,0
40.7403,-74.0059,21,0,0,0
40.7603,-73.9871,20,1,0,0
40.7377,-73.9882,13,0,0,0
40.7639,-73.9737,11,0,0,0
40.7375,-74.0081,21,0,0,0
40.7321,-74.01,21,1,0,0
40.7782,-73.9553,8,0,0,0
40.7596,-73.9764,20,0,0,0
40.7588,-73.9672,15,0,0,0
40.7618,-73.9788,8,0,0,0
40.7092,-74.0153,19,0,0,0
40.7867,-73.795,9,0,0,4
40.7203,-73.9874,5,0,0,0
40.7464,-73.9904,18,1,0,0
40.7248,-73.9783,19,1,0,0
40.7113,-74.0155,13,0,0,0
40.7526,-74.006,10,0,0,0
40.7741,-73.8725,17,0,0,0
40.7461,-74.0053,6,0,0,0
40.717,-74.0019,20,0,0,0
40.7224,-73.9938,14,0,0,0
40.7893,-73.9703,17,0,0,0
40.7587,-73.9656,19,0,0,0
40.676,-73.9751,9,0,0,0
40.7525,-73.9784,12,0,0,0
40.7528,-73.9876,23,0,0,0
40.7301,-73.9819,1,0,0,0
40.7781,-73.9608,19,0,0,0
40.7055,-74.0171,12,0,0,0
40.7369,-73.9834,4,0,0,0
40.7602,-73.982,20,0,0,0
40.7537,-73.9783,23,0,0,0
40.7276,-73.9979,20,0,0,0
40.7295,-74.0022,15,1,0,0
40.6706,-73.946,7,0,0,0
40.7525,-73.9845,0,1,0,0
40.7803,-73.9552,18,0,0,0
40.752,-73.9774,11,0,0,0
40.7513,-73.9721,21,0,0,0
40.7842,-73.9569,16,0,0,0
40.7633,-73.9653,15,1,0,0
40.7583,-73.9888,18,0,0,0
40.7144,-73.9611,21,0,0,0
40.7026,-73.9896,18,0,0,0
40.752,-73.9875,17,0,0,0
40.7419,-73.983,10,0,0,0
40.7335,-73.9996,19,1,0,0
40.7207,-73.9624,7,0,0,0
40.6931,-73.9494,9,0,0,0
40.9314,-73.8253,21,0,0,-1
40.7577,-73.982,14,0,0,0
40.7462,-73.9778,8,0,0,0
40.766,-73.9713,17,0,0,0
40.7246,-73.9984,14,1,0,0
40.7492,-73.9819,19,0,0,0
40.7389,-73.9929,20,0,0,0
40.752,-73.9849,18,0,0,0
40.69,-73.9934,12,1,0,0
40.8021,-73.9613,15,1,0,0
40.7145,-74.0089,18,0,0,0
40.7519,-73.982,22,0,0,0
40.7645,-73.9659,7,0,0,0
40.7456,-73.9894,15,0,0,0
40.7273,-74.0004,16,1,0,0
40.6965,-73.9804,20,1,0,0
40.7218,-73.9579,9,0,0,0
40.7348,-74.0443,22,0,0,0
40.684,-73.9438,9,1,0,0
40.742,-74.0046,12,0,0,0
40.748,-73.9569,1,1,0,0
40.6948,-74.178,15,1,1,1
40.7482,-73.9847,18,1,0,0
40.7141,-73.9597,6,0,0,0
40.7178,-74.0031,16,0,0,0
40.7341,-73.9899,5,0,0,0
40.7326,-74.0089,5,0,0,0
40.8065,-73.9529,22,0,0,0
40.784,-73.974,16,1,0,0
40.7181,-73.9524,23,1,0,0
40.7247,-74.0007,18,0,0,0
40.7478,-73.9712,12,0,0,0
40.7561,-73.9729,23,0,0,0
40.7555,-73.9857,10,0,0,0
40.7148,-73.9649,9,0,0,0
40.7268,-73.9945,21,0,0,0
40.7607,-73.9991,9,0,0,0
40.7649,-73.9786,7,0,0,0
40.777,-73.9777,5,0,0,0
40.7261,-73.992,2,0,0,0
40.7356,-74.0029,18,1,0,0
40.7906,-73.968,16,0,0,0
40.7319,-73.9998,19,0,0,0
40.7608,-73.9991,22,0,0,0
40.7513,-73.9938,6,0,0,0
40.8074,-73.9523,3,0,0,0
40.7306,-73.9925,21,1,0,0
40.7644,-73.9958,2,0,0,0
40.7484,-73.9426,22,0,0,0
40.7234,-73.9851,10,1,0,0
40.7416,-73.9877,18,0,0,0
40.6837,-73.8067,13,0,0,0
40.7371,-73.9793,21,1,0,0
40.7346,-74.0071,21,0,0,0
40.6799,-73.9972,8,0,0,0
40.764,-73.9809,3,0,0,0
40.7052,-74.0074,16,0,0,0
40.714,-74.0094,18,1,0,0
40.7513,-74.0061,16,0,0,0
40.6943,-73.969,10,1,0,0
40.751,-74.0053,16,0,0,0
40.7095,-74.0084,20,0,0,0
40.7566,-73.9804,15,0,0,0
40.7256,-74.0055,9,0,0,0
40.6992,-73.9114,21,0,0,0
40.7504,-73.9947,21,0,0,0
40.74,-73.9909,8,0,0,0
40.7298,-74.0039,11,1,0,0
40.7256,-73.9468,9,0,0,0
40.7684,-73.8626,19,0,0,0
40.7236,-74.003,19,0,0,0
40.747,-73.9772,11,0,0,0
40.7758,-73.9763,18,0,0,0
40.764,-73.9612,13,0,0,0
40.7696,-73.9894,15,0,0,0
40.7531,-73.9649,12,0,0,0
40.722,-73.9834,19,0,0,0
40.7083,-74.0048,20,0,0,0
40.7923,-73.9262,20,0,0,0
40.6879,-73.8657,19,1,0,0
40.7279,-73.9802,14,0,0,0
40.6483,-73.7827,20,1,0,0
40.7041,-74.0129,16,0,0,0
40.7633,-73.9964,15,0,0,0
40.7554,-73.9837,22,0,0,0
40.6634,-73.9846,7,0,0,0
40.6457,-73.7768,19,0,0,0
40.7473,-73.8534,15,1,0,0
40.7385,-73.9939,13,0,0,0
40.7148,-74.0093,16,0,0,0
40.7821,-73.9829,16,0,0,0
40.6922,-73.9696,15,0,0,0
40.82,-73.9591,1,0,0,0
40.7632,-73.9855,18,0,0,0
40.7582,-73.9762,18,1,0,0
40.7197,-73.9943,7,0,0,0
40.7662,-73.964,7,0,0,0
40.7208,-74.0039,10,0,0,0
40.761,-73.9751,19,0,0,0
40.7458,-73.9899,17,0,0,0
40.7348,-74.0,22,1,0,0
40.7474,-73.9724,18,0,0,0
40.9344,-73.7534,12,0,8,-1
40.7698,-73.8643,9,1,0,0
40.7492,-74.031,23,0,0,0
40.6617,-73.8552,16,1,0,0
40.7246,-74.0024,19,0,0,0
40.7609,-73.9219,6,1,0,0
40.7238,-73.9569,16,0,0,0
40.7086,-73.9519,19,0,0,0
40.8665,-73.8663,9,0,0,0
40.7257,-74.0056,22,0,0,0
40.7271,-73.9841,14,1,0,0
40.7472,-73.9839,17,0,0,0
40.6079,-74.0132,2,1,0,0
40.7723,-73.9466,7,0,0,0
40.7266,-73.8221,21,0,0,0
40.774,-73.8714,21,0,0,0
40.7476,-73.9721,15,0,0,0
40.6447,-73.7825,7,0,0,0
40.7528,-74.0262,23,0,0,0
40.7674,-73.9594,17,1,0,0
40.7326,-73.9958,19,0,0,0
40.7369,-73.9889,10,1,0,0
40.7491,-73.9858,13,0,0,0
40.7601,-73.9699,18,0,0,0
40.7204,-74.0103,20,0,0,0
40.7929,-73.9738,6,0,0,0
40.78,-73.9567,16,0,0,0
40.7443,-73.9992,16,0,0,0
40.7613,-73.9793,23,0,0,0
40.7047,-74.0128,18,0,0,0
40.7421,-73.9946,6,0,0,0
40.7576,-73.9726,20,0,0,0
40.7574,-73.9828,10,0,0,0
40.7218,-74.0042,12,0,0,0
40.7459,-73.969,3,0,0,0
40.7764,-73.9521,15,0,0,0
40.7559,-73.9729,11,1,0,0
40.726,-73.9981,16,0,0,0
40.7446,-73.9812,16,0,0,0
40.7555,-73.9851,18,0,0,0
40.7422,-74.0046,15,1,0,0
40.7053,-74.01,20,0,0,0
40.6446,-73.7824,22,0,0,0
40.755,-73.9844,17,0,0,0
40.7649,-73.9879,14,1,0,0
40.754,-73.9902,12,0,0,0
40.7281,-73.8123,16,1,0,0
40.5767,-73.9537,17,1,0,0
40.6969,-73.9899,21,0,0,0
40.7571,-73.9725,14,0,0,0
40.7401,-73.9824,21,0,0,0
40.7385,-73.9932,2,1,0,0
40.7406,-74.0065,2,0,0,0
40.6457,-73.7767,3,0,0,0
40.7595,-73.9651,12,0,0,0
40.7452,-73.9862,9,1,0,0
40.8163,-73.9461,17,0,0,0
40.773,-73.9858,20,0,0,0
40.7626,-73.9965,6,0,0,0
40.719,-73.9543,4,1,0,0
40.805,-73.9388,22,0,0,0
40.7182,-73.9506,18,1,0,0
40.764,-73.9559,21,0,0,0
40.804,-73.9644,14,0,0,0
40.7255,-73.9575,20,1,0,0
40.7449,-74.0063,13,0,0,0
40.7615,-73.975,16,0,0,0
40.7194,-73.9643,9,1,0,0
40.7057,-74.0073,22,0,0,0
40.7155,-74.0144,16,0,0,0
40.6737,-73.9568,3,0,0,0
40.6898,-73.9712,23,1,0,0
40.7113,-74.0169,21,0,0,0
40.7029,-73.9944,15,1,0,0
40.7471,-74.0308,11,1,0,0
40.765,-73.9716,5,0,0,0
40.7092,-74.0137,0,0,0,0
40.7239,-74.0032,19,0,0,0
40.705,-74.016,17,1,0,0
40.7584,-73.973,16,0,0,0
40.7477,-73.988,16,0,0,0
40.7406,-73.9917,16,0,0,0
40.7047,-73.9347,17,0,0,0
40.7672,-73.9548,18,0,0,0
40.7393,-73.9992,5,0,0,0
40.6696,-73.9909,9,0,0,0
40.7635,-73.9716,3,0,0,0
40.7241,-73.9961,18,0,0,0
40.73,-74.0083,10,0,0,0
40.7099,-74.007,13,0,0,0
40.7354,-74.0033,23,0,0,0
40.7389,-73.9928,20,0,0,0
40.7641,-73.9959,6,0,0,0
40.7241,-73.998,9,0,0,0
40.7375,-73.9883,20,1,0,0
40.7115,-74.0157,20,0,0,0
40.742,-74.0047,19,0,0,0
40.746,-73.9888,15,0,0,0
40.7774,-73.9753,17,0,0,0
40.7434,-73.9886,1,0,0,0
40.7589,-73.9712,20,1,0,0
40.7555,-73.9753,10,0,0,0
40.739,-73.9876,23,1,0,0
40.7254,-73.984,0,1,0,0
40.7436,-74.0074,22,1,0,0
40.7263,-74.002,8,0,0,0
40.7103,-73.9959,7,0,0,0
40.786,-73.976,8,0,0,0
40.735,-73.9816,8,0,0,0
40.7655,-73.9608,19,1,0,0
40.7753,-73.9556,17,0,0,0
40.7554,-73.9865,11,0,0,0
40.7703,-73.9592,21,0,0,0
40.752,-74.003,12,0,0,0
40.7195,-74.002,18,1,0,0
40.7581,-73.9759,19,0,0,0
40.8349,-73.9475,14,1,0,0
40.7712,-73.866,17,0,0,0
40.7446,-73.9966,15,1,0,0
40.7552,-73.9753,17,0,0,0
40.6446,-73.7824,15,0,0,0
40.743,-74.0002,17,1,0,0
40.7294,-73.987,16,0,0,0
40.7066,-73.9488,15,1,0,0
40.6938,-73.971,18,1,0,0
40.7094,-74.0111,22,0,0,0
40.7475,-73.9822,17,0,0,0
40.7476,-73.9867,0,0,0,0
40.6598,-73.9302,23,0,0,0
40.7587,-73.9893,0,0,0,0
40.7709,-73.8656,8,0,0,0
40.8429,-73.9419,5,0,0,0
40.7269,-73.9947,23,0,0,0
40.7576,-73.9901,10,0,0,0
40.6977,-73.9854,6,0,0,0
40.7604,-73.8306,12,1,0,0
40.557,-74.3114,2,0,-1,-1
40.7585,-73.9732,17,0,0,0
40.7552,-73.9694,7,0,0,0
40.7741,-73.8726,12,0,0,0
40.7164,-74.0164,15,1,0,0
40.7426,-74.0042,21,0,0,0
40.7544,-73.9791,15,0,0,0
40.7755,-73.9504,7,0,0,0
40.6854,-73.9871,9,0,0,0
40.7187,-73.9915,0,0,0,0
40.7483,-73.9569,13,0,0,0
40.7348,-73.9588,22,1,0,0
40.646,-73.7767,21,0,0,0
40.7747,-73.9457,14,0,0,0
40.7304,-73.9936,20,0,0,0
40.7569,-73.9761,16,0,0,0
40.6821,-73.9278,7,0,0,0
40.7269,-74.003,8,0,0,0
40.7184,-73.9979,0,1,0,0
40.7419,-73.9923,5,0,0,0
40.7208,-73.9872,19,0,0,0
40.7168,-73.9958,18,0,0,0
40.778,-73.958,16,1,0,0
40.7228,-73.9894,16,0,0,0
40.8441,-73.8774,15,1,0,0
40.7557,-73.9823,22,0,0,0
40.7558,-73.9838,20,0,0,0
40.7339,-73.9945,10,0,0,0
40.6981,-73.9725,15,0,0,0
40.777,-73.9557,17,0,0,0
40.7328,-74.0032,23,0,0,0
40.7098,-74.0091,21,0,0,0
40.8655,-73.8544,16,0,0,0
40.7224,-74.0038,18,1,0,0
40.6928,-73.9981,18,0,0,0
40.724,-73.984,18,0,0,0
40.7206,-73.9843,22,1,0,0
40.7327,-73.9798,8,0,0,0
40.7572,-73.975,15,0,0,0
40.7487,-73.9948,4,0,0,0
40.7672,-73.9662,23,0,0,0
40.7189,-73.9833,7,0,0,0
40.752,-73.989,17,0,0,0
40.7299,-73.9807,0,0,0,0
40.7537,-73.999,17,0,0,0
40.755,-73.9844,21,0,0,0
40.6947,-73.9524,17,0,0,0
40.7165,-73.9636,23,1,0,0
40.7488,-73.9813,15,0,0,0
40.7338,-74.0018,23,0,0,0
40.609,-73.9149,23,0,0,0
40.7659,-73.9691,21,0,0,0
40.7906,-73.9742,9,0,0,0
40.7025,-73.9666,10,0,0,0
40.7418,-73.9805,13,1,0,0
40.7459,-73.8473,18,0,0,0
40.7627,-73.9741,17,0,0,0
40.7642,-73.9948,12,0,0,0
40.723,-74.0076,17,0,0,0
40.743,-73.9929,22,1,0,0
40.7405,-73.9904,17,0,0,0
40.7437,-73.9849,7,0,0,0
40.7365,-73.989,6,0,0,0
40.7627,-73.9655,11,0,0,0
40.7169,-74.0081,16,1,0,0
40.7333,-73.976,22,0,0,0
40.7279,-73.9842,10,0,0,0
40.7191,-73.9974,23,0,0,0
40.7411,-74.0517,18,0,0,0
40.7653,-73.9913,15,0,0,0
40.7515,-73.984,18,0,0,0
40.759,-73.9763,10,0,0,0
40.683,-74.0008,21,0,0,0
40.7388,-73.9325,10,0,0,0
40.7709,-73.8657,12,0,0,0
40.716,-74.0153,4,0,0,0
40.7072,-74.01,17,0,0,0
40.6731,-73.9572,12,0,0,0
40.729,-73.981,4,0,0,0
40.7515,-73.9903,14,0,0,0
40.647,-74.0214,17,0,0,0
40.7277,-73.9427,16,1,0,0
40.7984,-73.9693,15,0,0,0
40.6927,-73.856,12,0,0,0
40.7304,-74.0025,19,0,0,0
40.7549,-73.9814,21,0,0,0
40.7234,-73.9809,12,1,0,0
40.7933,-73.9729,18,1,0,0
40.7449,-73.9951,6,0,0,0
40.7368,-73.9912,13,0,0,0
40.7146,-74.0158,18,0,0,0
40.7582,-73.9727,14,0,0,0
40.7249,-73.9954,23,1,0,0
40.7559,-73.9629,15,1,0,0
40.7792,-73.9621,11,0,0,0
40.7678,-73.9532,20,0,0,0
40.6798,-73.9681,23,0,0,0
40.7685,-73.9845,18,1,0,0
40.7802,-73.985,7,0,0,0
40.7368,-73.9732,13,0,0,0
40.7483,-73.9889,14,0,0,0
40.7757,-73.9829,19,0,0,0
40.6952,-73.9033,17,0,0,0
40.6446,-73.7824,17,0,0,0
40.7802,-73.9752,13,0,0,0
40.7695,-73.9916,23,0,0,0
40.7309,-74.001,1,1,0,0
40.7432,-73.989,10,0,0,0
40.7614,-73.9756,22,0,0,0
40.7619,-73.9706,14,0,0,0
40.7405,-74.0057,13,1,0,0
40.7236,-74.0105,19,0,0,0
40.7916,-73.9742,8,0,0,0
40.7221,-73.9918,23,0,0,0
40.8057,-73.5178,19,0,-1,-1
40.6787,-74.0065,10,0,0,0
40.7186,-73.9472,20,0,0,0
40.7618,-73.9795,21,0,0,0
40.7439,-73.976,14,0,0,0
40.6322,-73.651,7,0,-1,-1
40.7634,-73.9964,12,0,0,0
40.7617,-74.0002,7,0,0,0
40.7538,-73.9999,20,0,0,0
40.645,-73.7819,18,0,0,0
40.7143,-74.0079,12,0,0,0
40.7704,-73.9912,20,1,0,0
40.8389,-73.9437,19,1,0,0
40.7256,-74.0042,22,0,0,0
40.7653,-73.9619,16,0,0,0
40.7168,-74.0147,14,1,0,0
40.7153,-74.0073,17,0,0,0
40.7055,-73.9327,22,0,0,0
40.7202,-74.0102,13,0,0,0
40.7036,-74.0094,8,0,0,0
40.762,-73.9726,18,0,0,0
40.7285,-73.9944,17,0,0,0
40.7545,-73.9315,18,1,0,0
40.8064,-73.9661,12,0,0,0
40.7196,-74.0052,16,0,0,0
40.7201,-73.9982,19,0,0,0
40.756,-73.975,15,0,0,0
40.7622,-73.982,18,0,0,0
40.7643,-73.9739,21,0,0,0
40.7507,-73.9909,19,1,0,0
40.741,-74.0013,0,1,0,0
40.7554,-73.9949,5,1,0,0
40.7459,-73.9868,21,0,0,0
40.7178,-73.9635,12,1,0,0
40.7598,-73.9589,14,0,0,0
40.6595,-73.9826,7,0,0,0
40.7848,-73.9484,9,1,0,0
40.7453,-74.0079,9,0,0,0
40.7318,-73.9854,23,1,0,0
40.7028,-73.9907,16,0,0,0
40.7175,-73.9509,10,0,0,0
40.756,-73.987,14,0,0,0
40.7668,-73.9712,15,0,0,0
40.7543,-73.9943,22,0,0,0
40.7691,-73.9812,12,0,0,0
40.7608,-73.9666,9,0,0,0
40.7181,-73.9901,8,1,0,0
40.7424,-74.0067,23,0,0,0
40.7707,-73.96,12,0,0,0
40.7434,-73.9748,20,0,0,0
40.7668,-73.9345,20,0,0,0
40.7154,-74.0135,0,1,0,0
40.7564,-73.9725,19,0,0,0
40.7622,-73.9787,15,0,0,0
40.7383,-73.995,10,0,0,0
40.72,-73.9557,13,0,0,0
40.7023,-73.9272,1,1,0,0
40.7441,-73.9841,12,0,0,0
40.782,-73.9477,13,1,0,0
40.7547,-73.9802,11,0,0,0
40.7625,-73.9881,10,0,0,0
40.7381,-73.9879,19,0,0,0
40.7511,-73.9945,12,0,0,0
40.771,-73.866,16,0,0,0
40.7389,-73.9812,22,0,0,0
40.6424,-73.7895,12,0,0,0
40.7826,-73.977,11,0,0,0
40.6484,-73.7831,5,0,0,0
40.7379,-73.985,9,0,0,0
40.6459,-73.7767,7,0,0,0
40.7412,-73.9926,17,1,0,0
40.7686,-73.8626,10,0,0,0
40.7238,-73.9969,19,0,0,0
40.7083,-74.0066,22,0,0,0
40.7494,-74.0031,16,0,0,0
40.7414,-73.9864,21,0,0,0
40.7649,-73.9868,7,0,0,0
40.7837,-73.9743,7,0,0,0
40.7459,-73.9922,17,0,0,0
40.7326,-73.9849,23,1,0,0
40.7599,-73.9762,20,0,0,0
40.7558,-73.9946,21,0,0,0
40.7188,-73.9948,12,0,0,0
40.8006,-73.9681,19,0,0,0
40.7239,-73.9821,1,0,0,0
40.7787,-73.9822,8,0,0,0
40.6843,-73.9323,21,0,0,0
40.7298,-74.0047,19,1,0,0
40.6706,-73.9624,15,0,0,0
40.7256,-74.0091,12,0,0,0
40.7862,-73.9769,15,1,0,0
40.7623,-73.966,20,0,0,0
40.7555,-73.9794,19,0,0,0
40.7445,-73.9834,16,0,0,0
40.6677,-73.7959,6,0,0,0
40.741,-73.9922,18,0,0,0
40.7072,-74.0045,14,0,0,0
40.7217,-73.9449,11,1,0,0
40.6775,-73.9874,6,0,0,0
40.724,-74.0041,23,0,0,0
40.7148,-74.0095,18,0,0,0
40.7493,-73.9866,10,0,0,0
40.7169,-74.002,21,0,0,0
40.6777,-73.96,12,1,0,0
40.7564,-73.9892,20,0,0,0
40.7142,-73.9561,21,0,0,0
40.6444,-73.7818,21,1,0,0
40.7734,-73.9465,11,1,0,0
40.7691,-73.9552,19,0,0,0
40.7761,-73.9778,20,0,0,0
40.7105,-74.0075,0,1,0,0
40.7558,-73.9862,8,0,0,0
40.7056,-74.0051,20,0,0,0
40.7672,-73.9643,17,0,0,0
40.6446,-73.7824,22,0,0,0
40.7425,-73.993,18,0,0,0
40.7415,-73.9539,5,0,0,0
40.6974,-73.9677,14,0,0,0
40.8517,-74.014,7,0,-1,-1
40.7248,-73.9784,0,1,0,0
40.7404,-73.9861,13,1,0,0
40.6875,-74.1907,17,0,1,1
40.7595,-73.9868,20,0,0,0
40.7307,-74.0067,18,0,0,0
40.7148,-73.9478,9,0,0,0
40.7449,-73.9781,10,0,0,0
40.7475,-73.9823,8,0,0,0
40.7712,-73.8661,6,0,0,0
40.7466,-73.8818,22,1,0,0
40.758,-73.9755,17,0,0,0
40.7592,-73.9715,0,1,0,0
40.7594,-73.9735,17,0,0,0
40.7574,-73.9663,11,0,0,0
40.7287,-74.0027,15,1,0,0
40.7746,-73.9654,15,0,0,0
40.7466,-73.9917,7,0,0,0
40.7563,-73.9941,19,0,0,0
40.7642,-73.9786,7,0,0,0
40.7447,-73.9932,18,0,0,0
40.7627,-73.9654,8,0,0,0
40.7295,-73.9839,8,0,0,0
40.7375,-74.0053,16,0,0,0
40.7734,-73.9447,7,0,0,0
40.7135,-73.9775,23,0,0,0
40.7284,-73.9908,17,0,0,0
40.761,-73.9717,11,1,0,0
40.7118,-73.8378,5,0,0,0
40.6473,-73.788,14,0,0,0
40.7703,-73.9622,15,0,0,0
40.7332,-73.9753,16,1,0,0
40.7526,-73.9944,15,0,0,0
40.722,-73.9836,11,0,0,0
40.7332,-74.0059,13,1,0,0
40.741,-73.9026,8,0,0,0
40.7189,-73.9977,18,0,0,0
40.7301,-73.9754,16,0,0,0
40.7408,-74.0048,20,0,0,0
40.7516,-73.9762,19,0,0,0
40.7529,-73.9678,15,0,0,0
40.7551,-74.0023,22,1,0,0
40.6911,-73.9972,0,0,0,0
40.7523,-73.9859,22,0,0,0
40.7386,-73.9902,18,0,0,0
40.7716,-73.9829,15,1,0,0
40.7547,-73.9858,20,0,0,0
40.7217,-73.998,22,0,0,0
40.7779,-73.9576,11,0,0,0
40.7631,-73.9683,17,0,0,0
40.7624,-73.983,21,0,0,0
40.7586,-73.9762,22,0,0,0
40.7307,-73.9889,18,0,0,0
40.7597,-73.9713,9,0,0,0
40.7683,-73.9865,18,0,0,0
40.7082,-74.0175,17,1,0,0
40.7263,-73.9841,8,1,0,0
40.7384,-74.0055,7,0,0,0
40.7584,-73.9749,18,0,0,0
40.7455,-73.9824,16,0,0,0
40.7408,-73.9201,10,0,0,0
40.7807,-73.9824,17,1,0,0
40.7352,-73.9915,19,1,0,0
40.7087,-74.011,14,1,0,0
40.692,-73.9468,22,1,0,0
40.6734,-73.9726,8,0,0,0
40.7562,-73.9789,12,0,0,0
40.7718,-73.9824,17,0,0,0
40.7595,-73.9889,17,0,0,0
40.7031,-73.986,18,1,0,0
40.7484,-73.989,18,1,0,0
40.6484,-73.783,15,0,0,0
40.7598,-73.9957,15,0,0,0
40.6876,-73.9864,13,0,0,0
40.7509,-74.0248,13,0,0,0
40.7726,-73.9472,13,0,0,0
40.7819,-73.9572,12,1,0,0
40.7678,-73.9965,16,0,0,0
40.7496,-73.9713,20,0,0,0
40.7575,-73.9715,19,0,0,0
40.7584,-73.9773,19,0,0,0
40.6775,-73.9554,18,1,0,0
40.7615,-73.9661,17,0,0,0
40.741,-74.0075,17,1,0,0
40.7684,-73.8623,16,0,0,0
40.7687,-73.8673,11,1,0,0
40.7686,-73.9603,13,1,0,0
40.7756,-73.9832,13,0,0,0
40.6782,-73.9622,6,0,0,0
40.7246,-73.9924,13,1,0,0
40.7376,-74.0057,13,0,0,0
40.7462,-73.9724,13,1,0,0
40.7042,-73.9338,16,0,0,0
40.7169,-74.0074,21,0,0,0
40.6756,-74.0118,20,0,0,0
40.7149,-73.9919,22,1,0,0
40.7438,-74.0064,16,0,0,0
40.6457,-73.7766,14,0,0,0
40.7426,-73.9803,20,1,0,0
40.7406,-73.9968,8,0,0,0
40.7592,-73.9796,23,0,0,0
40.7776,-73.9628,12,0,0,0
40.7667,-73.9788,5,0,0,0
40.7413,-73.9931,23,0,0,0
40.7894,-73.9691,9,0,0,0
40.6868,-73.9193,20,1,0,0
40.7779,-73.9628,11,0,0,0
40.7869,-73.973,22,1,0,0
40.6859,-73.9728,21,1,0,0
40.7512,-74.0062,11,0,0,0
40.7545,-73.9696,8,0,0,0
40.7573,-73.9823,21,0,0,0
40.6962,-73.9954,17,0,0,0
40.7509,-73.9689,19,0,0,0
40.7222,-73.9966,7,0,0,0
40.7653,-73.9874,7,0,0,0
40.7585,-73.983,13,0,0,0
40.842,-73.9419,10,0,0,0
40.7601,-73.9665,20,0,0,0
40.6991,-73.9951,9,0,0,0
40.7725,-73.9551,16,0,0,0
40.7552,-73.9794,11,0,0,0
40.7623,-73.9705,17,0,0,0
40.7561,-73.9819,7,0,0,0
40.7166,-74.0165,5,0,0,0
40.735,-74.006,13,1,0,0
40.7605,-73.9891,22,0,0,0
40.769,-73.982,20,0,0,0
40.7149,-74.0157,13,1,0,0
40.7248,-74.0025,15,0,0,0
40.7858,-73.9783,14,0,0,0
40.7803,-73.973,14,0,0,0
40.6882,-73.9792,18,1,0,0
40.6703,-73.9853,12,1,0,0
40.7642,-73.9633,17,0,0,0
40.7083,-73.94,0,0,0,0
40.7788,-73.9582,18,0,0,0
40.7418,-73.9955,19,1,0,0
40.7416,-73.9897,19,1,0,0
40.7438,-73.9838,11,0,0,0
40.7522,-74.0045,19,0,0,0
40.7453,-73.9941,20,0,0,0
40.7252,-73.9923,21,1,0,0
40.7535,-73.979,21,0,0,0
40.7448,-73.9851,18,0,0,0
40.7546,-73.9892,16,0,0,0
40.7432,-73.993,21,0,0,0
40.7055,-73.7949,14,0,0,0
40.7323,-73.9981,14,0,0,0
40.7674,-73.9665,21,0,0,0
40.6939,-73.9624,5,0,0,0
40.7453,-73.9951,16,1,0,0
40.7376,-74.0037,16,0,0,0
40.7621,-73.9663,11,1,0,0
40.7218,-74.0043,15,0,0,0
40.746,-73.9894,21,0,0,0
40.7275,-73.9952,18,0,0,0
40.7464,-73.9948,5,0,0,0
40.7418,-74.0011,12,0,0,0
40.7375,-73.9913,15,0,0,0
40.6469,-73.7888,15,1,0,0
40.7583,-73.9647,16,0,0,0
40.7501,-73.9729,21,0,0,0
40.7092,-74.0066,14,0,0,0
40.7296,-73.9983,17,0,0,0
40.7243,-73.993,21,0,0,0
40.7215,-74.0023,9,0,0,0
40.6752,-73.9575,20,1,0,0
40.7282,-73.9957,16,0,0,0
40.7619,-73.9693,12,0,0,0
40.7502,-73.9865,20,0,0,0
40.7508,-73.9742,18,0,0,0
40.6754,-73.9626,15,0,0,0
40.7088,-73.9211,9,1,0,0
40.7489,-74.0083,15,0,0,0
40.7739,-73.9546,23,0,0,0
40.7194,-73.9605,15,0,0,0
40.7062,-74.0088,18,0,0,0
40.7477,-73.9793,7,0,0,0
40.7763,-73.9461,5,0,0,0
40.7514,-73.982,18,0,0,0
40.7017,-73.9828,9,1,0,0
40.7453,-73.9767,8,0,0,0
40.763,-73.9717,18,0,0,0
40.762,-73.973,17,0,0,0
40.7111,-73.9675,16,0,0,0
40.7274,-74.0008,22,0,0,0
40.7203,-73.998,8,0,0,0
40.742,-73.9923,19,0,0,0
40.7268,-73.9911,19,1,0,0
40.7534,-73.9872,14,0,0,0
40.7509,-74.0039,12,0,0,0
40.7212,-73.9967,13,0,0,0
40.7297,-73.978,18,1,0,0
40.7327,-73.9775,8,0,0,0
40.7802,-73.9127,4,1,0,0
40.7589,-73.9643,13,0,0,0
40.7582,-73.9927,9,0,0,0
40.7579,-73.9931,8,0,0,0
40.7474,-74.0044,20,0,0,0
40.7086,-73.9384,21,1,0,0
40.7965,-73.9465,18,1,0,0
40.7205,-74.0076,10,0,0,0
40.6871,-73.956,14,1,0,0
40.855,-73.8925,14,0,0,0
40.7202,-73.9845,22,1,0,0
40.6557,-74.0055,20,1,0,0
40.7739,-73.8715,11,0,0,0
40.6327,-74.0302,17,0,0,0
40.726,-73.9919,9,0,0,0
40.7394,-73.9922,18,0,0,0
40.6874,-73.9738,12,0,0,0
40.7289,-73.9877,12,0,0,0
40.7742,-73.9631,7,0,0,0
40.7319,-74.0009,15,1,0,0
40.7486,-73.9736,14,0,0,0
40.7082,-74.0047,22,0,0,0
40.6982,-73.9097,19,0,0,0
40.6858,-73.915,7,0,0,0
40.7342,-74.0025,21,0,0,0
40.8078,-73.9604,15,0,0,0
40.7277,-73.9911,12,1,0,0
40.6955,-74.1789,22,0,1,1
40.7444,-73.9905,23,0,0,0
40.7217,-73.9875,7,0,0,0
40.7507,-74.025,8,0,0,0
40.7824,-73.9716,17,0,0,0
40.8489,-73.9341,22,0,0,0
40.6954,-73.9358,23,1,0,0
40.7685,-73.8625,13,0,0,0
40.7249,-73.9951,14,0,0,0
40.7158,-74.004,22,1,0,0
40.7622,-73.9585,19,0,0,0
40.7579,-73.9641,15,0,0,0
40.7953,-73.9314,15,0,0,0
40.7704,-73.9665,10,0,0,0
40.7166,-74.0154,18,0,0,0
40.7535,-73.9776,8,1,0,0
40.7325,-74.0033,22,1,0,0
40.7707,-73.96,17,0,0,0
40.7438,-73.9766,11,0,0,0
40.7575,-73.9903,14,1,0,0
40.74,-74.0073,22,0,0,0
40.7419,-74.0038,21,0,0,0
40.7563,-73.9625,12,0,0,0
40.7278,-74.0031,17,0,0,0
40.759,-73.9926,18,0,0,0
40.7595,-73.9767,20,0,0,0
40.6864,-73.9595,4,0,0,0
40.7674,-73.9614,11,0,0,0
40.7572,-73.9839,12,0,0,0
40.7459,-73.9818,9,0,0,0
40.7435,-73.9727,13,0,0,0
40.7473,-73.9969,19,1,0,0
40.7774,-73.9521,8,0,0,0
40.7567,-73.9747,11,0,0,0
40.766,-73.9714,21,0,0,0
40.7473,-74.0032,21,0,0,0
40.721,-73.9806,18,1,0,0
40.6767,-73.9801,15,1,0,0
40.7914,-73.9757,8,0,0,0
40.7644,-73.9958,16,0,0,0
40.7426,-73.9255,6,0,0,0
40.6953,-74.1776,19,0,1,1
40.7665,-73.9845,14,0,0,0
40.7446,-73.9914,7,0,0,0
40.7092,-73.9998,18,0,0,0
40.7446,-73.9909,9,0,0,0
40.7643,-73.9807,19,0,0,0
40.8242,-73.9531,20,1,0,0
40.7455,-73.9912,20,0,0,0
40.7395,-73.9999,19,0,0,0
40.74,-73.9935,17,0,0,0
40.7312,-74.0013,20,0,0,0
40.7323,-74.0056,8,0,0,0
40.7813,-73.7062,13,0,0,0
40.7191,-73.9861,16,0,0,0
40.7665,-73.8923,21,0,0,0
40.7891,-73.9546,22,0,0,0
40.7592,-73.9824,22,0,0,0
40.7426,-74.0071,16,0,0,0
40.8514,-73.9332,0,1,0,0
40.7438,-73.9512,14,0,0,0
40.7217,-73.9977,21,0,0,0
40.7234,-74.0063,5,0,0,0
40.7233,-74.0049,17,0,0,0
40.7875,-73.9745,7,0,0,0
40.7717,-73.9205,22,0,0,0
40.7635,-73.9808,8,0,0,0
40.7946,-73.9763,16,0,0,0
40.7517,-74.0036,10,0,0,0
40.7279,-73.9841,20,0,0,0
40.7639,-73.9795,11,0,0,0
40.7277,-74.0031,16,0,0,0
40.7771,-73.9779,7,0,0,0
40.7243,-73.9928,7,0,0,0
40.748,-74.007,16,1,0,0
40.6909,-73.9573,19,0,0,0
40.7237,-73.9998,16,0,0,0
40.7228,-73.9969,10,0,0,0
40.7243,-74.0021,12,1,0,0
40.7565,-73.9642,11,0,0,0
40.7352,-73.9798,16,1,0,0
40.7705,-73.9853,8,0,0,0
40.7676,-73.9643,18,0,0,0
40.725,-74.0002,14,0,0,0
40.7536,-73.9717,14,0,0,0
40.7682,-73.9824,19,0,0,0
40.722,-73.9985,14,0,0,0
40.7464,-73.982,14,0,0,0
40.6623,-73.9244,10,1,0,0
40.7665,-73.9681,8,0,0,0
40.7258,-73.9944,13,0,0,0
40.7324,-73.9536,7,0,0,0
40.745,-73.9923,14,0,0,0
40.7551,-73.9758,9,1,0,0
40.7204,-73.9632,13,0,0,0
40.7489,-73.9835,18,0,0,0
40.7544,-73.9634,7,0,0,0
40.7269,-74.0074,15,0,0,0
40.7425,-73.9803,22,0,0,0
40.7447,-74.0015,18,0,0,0
40.7059,-74.0134,17,1,0,0
40.7361,-73.996,14,0,0,0
40.7944,-73.9721,16,0,0,0
40.7741,-73.8716,17,1,0,0
40.7428,-74.0037,14,0,0,0
40.7725,-73.7129,8,0,0,0
40.7155,-73.9966,11,0,0,0
40.7439,-73.9913,18,0,0,0
40.7026,-73.9939,12,0,0,0
40.7663,-73.9663,7,0,0,0
40.757,-73.9742,21,0,0,0
40.6751,-73.9682,20,1,0,0
40.7412,-74.006,16,1,0,0
40.7178,-73.4631,4,0,-1,-1
40.7449,-73.9951,18,1,0,0
40.7059,-74.0065,11,0,0,0
40.7617,-73.9673,16,0,0,0
40.767,-73.9523,18,1,0,0
40.734,-73.9753,13,1,0,0
40.6443,-73.7835,7,1,0,0
40.7687,-73.9848,14,0,0,0
40.7362,-74.0027,8,0,0,0
40.7348,-73.9799,19,0,0,0
40.7628,-73.9783,15,0,0,0
40.7741,-73.8724,11,0,0,0
40.7475,-73.9768,7,0,0,0
40.7408,-74.0049,0,1,0,0
40.6448,-73.7818,15,0,0,0
40.7722,-73.8746,16,0,0,0
40.7417,-74.0071,9,0,0,0
40.7575,-73.9717,21,0,0,0
40.7651,-73.9791,20,0,0,0
40.7231,-74.0078,13,0,0,0
40.7755,-73.9461,7,0,0,0
40.7247,-73.9919,9,0,0,0
40.841,-73.9421,14,0,0,0
40.7647,-73.9822,22,1,0,0
40.6461,-73.7769,22,0,0,0
40.7149,-74.0134,16,0,0,0
40.7164,-73.8811,1,1,0,0
40.7592,-73.9721,20,0,0,0
40.7843,-73.9541,7,0,0,0
40.7399,-73.995,15,1,0,0
40.7581,-73.9777,17,1,0,0
40.7424,-74.0044,1,1,0,0
40.6801,-74.0059,11,1,0,0
40.7184,-74.003,19,1,0,0
40.7605,-73.9918,13,0,0,0
40.756,-73.9899,4,0,0,0
40.7276,-73.9448,13,0,0,0
40.7192,-73.9999,16,1,0,0
40.7553,-73.9772,17,0,0,0
40.7464,-73.9775,18,0,0,0
40.7216,-73.9784,15,1,0,0
40.7325,-74.0097,6,0,0,0
40.7601,-73.9677,15,0,0,0
40.7626,-73.9784,17,0,0,0
40.7648,-73.9704,12,0,0,0
40.7542,-73.9881,16,0,0,0
40.764,-73.9746,20,0,0,0
40.7697,-73.9584,15,0,0,0
40.7244,-74.0029,21,0,0,0
40.7327,-73.9938,13,0,0,0
40.7559,-73.9713,9,0,0,0
40.7308,-74.0008,17,1,0,0
40.7556,-73.9753,15,0,0,0
40.737,-74.0087,6,0,0,0
40.7093,-74.0068,16,0,0,0
40.7682,-73.9838,15,0,0,0
40.7252,-73.9797,17,0,0,0
40.8437,-73.8541,0,0,0,0
40.7461,-73.9886,22,1,0,0
40.7201,-73.999,7,0,0,0
40.7376,-74.0039,19,0,0,0
40.6888,-73.9852,9,0,0,0
40.7566,-73.9446,17,0,0,0
40.7595,-73.9808,17,0,0,0
40.7395,-74.0019,14,0,0,0
40.722,-74.0087,19,1,0,0
40.7253,-73.9921,19,1,0,0
40.7387,-73.99,16,0,0,0
40.7385,-73.9835,18,1,0,0
40.7689,-73.9552,7,0,0,0
40.7654,-73.9762,21,0,0,0
40.7182,-74.0124,15,1,0,0
40.7376,-73.9805,22,1,0,0
40.7615,-73.9666,12,1,0,0
40.6575,-73.9227,19,0,0,0
40.6748,-73.9741,17,0,0,0
40.7779,-73.9799,7,0,0,0
40.7484,-73.9805,6,0,0,0
40.7743,-73.8723,12,1,0,0
40.7373,-73.9793,14,0,0,0
40.7425,-74.0014,16,0,0,0
40.765,-73.9477,20,0,0,0
40.7725,-73.9553,21,1,0,0
40.7263,-73.9935,17,0,0,0
40.7743,-73.9797,17,0,0,0
40.7596,-73.9873,14,0,0,0
40.7309,-73.9875,21,0,0,0
40.7685,-73.9846,18,0,0,0
40.7307,-73.986,17,0,0,0
40.7152,-73.9517,0,1,0,0
40.7432,-73.9796,6,0,0,0
40.7627,-73.982,7,0,0,0
40.6708,-73.9893,8,1,0,0
40.7174,-74.0017,16,0,0,0
40.7471,-73.9897,12,0,0,0
40.8093,-73.952,7,0,0,0
40.7342,-74.0032,15,1,0,0
40.7633,-73.9812,17,0,0,0
40.7648,-73.9797,17,0,0,0
40.7473,-73.8355,15,0,0,0
40.6486,-73.7834,21,1,0,0
40.7489,-74.0034,16,0,0,0
40.7432,-73.9844,15,0,0,0
40.7566,-73.9745,21,0,0,0
40.7557,-73.9749,18,0,0,0
40.743,-73.9885,19,0,0,0
40.7461,-73.9791,21,0,0,0
40.7227,-73.998,11,1,0,0
40.7639,-73.9774,16,0,0,0
40.7321,-73.9863,3,1,0,0
40.7166,-74.0092,10,1,0,0
40.6725,-73.9736,22,1,0,0
40.7216,-74.0332,4,1,0,0
40.6621,-74.0949,19,0,-1,-1
40.7578,-73.9774,16,0,0,0
40.7427,-74.0072,20,0,0,0
40.7588,-73.9642,21,1,0,0
40.7643,-73.9809,0,0,0,0
40.7445,-73.981,21,0,0,0
40.6696,-73.9826,17,1,0,0
40.7168,-74.0147,19,1,0,0
40.743,-74.0076,19,0,0,0
40.7408,-74.005,21,1,0,0
40.7239,-74.0005,15,0,0,0
40.755,-73.9875,20,0,0,0
40.746,-73.9411,17,0,0,0
40.7645,-73.9703,18,0,0,0
40.7656,-73.9838,23,0,0,0
40.7964,-73.9685,20,0,0,0
40.6414,-73.7887,16,1,0,0
40.7748,-73.9465,19,1,0,0
40.7245,-73.9923,22,0,0,0
40.7756,-73.9563,8,0,0,0
40.6445,-73.7832,11,0,0,0
40.775,-73.9839,9,0,0,0
40.7244,-73.9815,11,0,0,0
40.7666,-73.9688,18,0,0,0
40.6612,-73.99,9,0,0,0
40.7659,-73.9806,15,0,0,0
40.7433,-73.9739,18,1,0,0
40.7079,-74.0057,17,0,0,0
40.7421,-73.9851,18,1,0,0
40.7042,-74.0101,17,0,0,0
40.8241,-73.9446,16,1,0,0
40.7094,-74.0112,22,0,0,0
40.7642,-73.9733,19,0,0,0
40.7699,-73.8643,15,1,0,0
40.7115,-74.0079,0,1,0,0
40.8308,-73.8511,19,0,0,0
40.8125,-73.951,22,0,0,0
40.7788,-73.9782,11,1,0,0
40.7141,-73.9579,22,0,0,0
40.79,-73.9763,23,0,0,0
40.772,-73.8766,22,0,0,0
40.7236,-74.0108,18,0,0,0
40.7513,-73.9804,17,0,0,0
40.7034,-74.0136,11,0,0,0
40.7688,-73.9563,7,0,0,0
40.7628,-73.9754,12,0,0,0
40.7596,-73.9763,16,0,0,0
40.7426,-73.9177,12,0,0,0
40.7328,-73.9958,22,0,0,0
40.6746,-73.9722,8,0,0,0
40.7405,-74.0066,2,1,0,0
40.706,-74.018,18,0,0,0
40.7477,-73.9944,8,0,0,0
40.7798,-73.9765,19,0,0,0
40.7484,-73.9925,14,1,0,0
40.7628,-73.9656,8,0,0,0
40.6356,-73.9729,9,0,0,0
40.7438,-73.9841,21,0,0,0
40.7322,-73.9961,4,0,0,0
40.7403,-74.008,22,1,0,0
40.7555,-73.9917,17,0,0,0
40.7275,-73.9935,14,0,0,0
40.7215,-74.0098,17,1,0,0
40.642,-73.7886,14,0,0,0
40.6582,-73.9457,6,0,0,0
40.7416,-73.9896,22,0,0,0
40.7434,-73.9819,12,0,0,0
40.7678,-73.9915,14,0,0,0
40.7887,-73.9552,14,1,0,0
40.7537,-73.968,19,0,0,0
40.7539,-73.972,20,1,0,0
40.7608,-73.9946,21,1,0,0
40.7201,-73.9555,15,1,0,0
40.7041,-73.9254,22,0,0,0
40.753,-73.9838,21,1,0,0
40.7584,-73.971,15,0,0,0
40.7321,-73.98,11,1,0,0
40.7209,-73.9582,18,0,0,0
40.6041,-73.9681,6,0,0,0
40.7326,-73.9833,9,0,0,0
40.6878,-74.1817,7,0,1,1
40.7749,-73.9891,18,0,0,0
40.7504,-73.9733,18,0,0,0
40.7171,-73.9627,6,0,0,0
40.7209,-73.9936,21,0,0,0
40.743,-73.9865,16,0,0,0
40.7412,-73.9888,20,1,0,0
40.7179,-74.0031,2,1,0,0
40.7342,-73.9756,7,0,0,0
40.7371,-73.9865,16,0,0,0
40.7458,-73.9804,16,0,0,0
40.7198,-73.9435,20,0,0,0
40.6788,-73.9975,2,1,0,0
40.7644,-73.9689,23,1,0,0
40.7605,-73.9718,18,0,0,0
40.7791,-73.9787,19,0,0,0
40.7026,-73.987,19,1,0,0
40.7619,-73.9735,17,0,0,0
40.7597,-73.9841,5,0,0,0
40.7628,-73.973,18,0,0,0
40.7077,-74.0118,16,0,0,0
40.7307,-73.9802,22,1,0,0
40.7578,-73.9737,19,0,0,0
40.7751,-73.9451,8,0,0,0
40.741,-74.0015,0,1,0,0
40.6842,-73.9548,19,0,0,0
40.7417,-73.9959,6,0,0,0
40.7396,-73.9926,9,0,0,0
40.7685,-73.8624,18,0,0,0
40.7773,-73.9522,23,0,0,0
40.7145,-74.0091,19,1,0,0
40.7868,-73.9725,7,0,0,0
40.755,-73.9796,17,0,0,0
40.7226,-73.998,16,1,0,0
40.7118,-74.0088,15,0,0,0
40.768,-73.9916,6,0,0,0
40.763,-73.9583,9,0,0,0
40.7889,-73.9787,17,0,0,0
40.6879,-74.1814,22,0,1,1
40.769,-73.8636,14,0,0,0
40.7712,-73.9876,13,0,0,0
40.725,-73.9955,15,0,0,0
40.7239,-73.9765,8,0,0,0
40.7179,-74.0066,6,0,0,0
40.783,-73.9573,17,0,0,0
40.7334,-73.9899,8,0,0,0
40.7242,-73.9962,18,0,0,0
40.7217,-74.0043,5,0,0,0
40.7215,-74.0109,7,0,0,0
40.7265,-73.9844,7,0,0,0
40.7475,-74.0022,18,0,0,0
40.7381,-73.99,11,0,0,0
40.7079,-74.0104,18,0,0,0
40.7398,-74.007,12,0,0,0
40.6691,-73.9537,14,0,0,0
40.7346,-74.0095,13,0,0,0
40.6445,-73.782,22,1,0,0
40.7406,-74.0001,18,0,0,0
40.7306,-73.9946,8,0,0,0
40.7451,-73.9869,8,0,0,0
40.7554,-73.9914,20,0,0,0
40.6875,-73.9589,17,0,0,0
40.6954,-74.1777,19,0,1,1
40.7226,-74.0081,9,0,0,0
40.7536,-73.9871,17,0,0,0
40.7298,-73.9989,22,0,0,0
40.7349,-74.0028,12,1,0,0
40.7636,-73.9751,17,0,0,0
40.789,-73.9539,8,0,0,0
40.7167,-74.0136,18,1,0,0
40.7556,-73.9732,11,0,0,0
40.6013,-73.9685,12,0,0,0
40.7143,-74.0082,18,1,0,0
40.7631,-73.9783,16,0,0,0
40.7587,-73.9833,7,0,0,0
40.7057,-73.9334,21,1,0,0
40.7625,-73.9943,13,1,0,0
40.7216,-73.9977,8,0,0,0
40.7684,-73.8624,21,0,0,0
40.7728,-73.953,8,0,0,0
40.6776,-73.7702,12,0,0,0
40.7486,-73.9728,10,0,0,0
40.7279,-73.9896,20,1,0,0
40.7263,-73.9563,6,1,0,0
40.7656,-73.9703,20,0,0,0
40.6952,-74.1787,14,0,1,1
40.7535,-73.9726,15,0,0,0
40.7285,-74.0041,17,0,0,0
40.7757,-73.9807,18,0,0,0
40.7603,-73.9599,7,0,0,0
40.7457,-73.9938,18,0,0,0
40.7458,-73.988,0,1,0,0
40.7388,-74.009,11,0,0,0
40.7994,-73.9712,15,1,0,0
40.7706,-73.9826,12,0,0,0
40.718,-74.0145,8,0,0,0
40.7532,-73.9742,20,0,0,0
40.7236,-73.9851,6,0,0,0
40.7533,-73.9794,17,0,0,0
40.7394,-74.0021,1,1,0,0
40.6691,-74.3282,14,0,-1,-1
40.7634,-73.979,15,0,0,0
40.7565,-73.9925,7,0,0,0
40.7461,-73.9781,1,0,0,0
40.7804,-73.9459,11,0,0,0
40.7092,-73.9685,13,0,0,0
40.7623,-73.9753,17,0,0,0
40.7694,-73.992,15,0,0,0
40.7627,-73.9833,21,0,0,0
40.7401,-73.9972,11,1,0,0
40.7216,-73.9975,13,0,0,0
40.7025,-73.9837,21,1,0,0
40.7306,-73.9807,5,0,0,0
40.756,-73.9965,19,0,0,0
40.738,-74.0039,17,0,0,0
40.7215,-74.0045,9,0,0,0
40.764,-73.994,18,0,0,0
40.765,-73.9705,16,0,0,0
40.7211,-73.981,8,1,0,0
40.6465,-73.7898,14,1,0,0
40.7185,-74.0004,17,0,0,0
40.7611,-73.995,12,1,0,0
40.7318,-73.9895,23,1,0,0
40.6478,-73.9158,13,1,0,0
40.7425,-73.992,5,0,0,0
40.6644,-73.9567,12,0,0,0
40.7176,-73.9973,13,0,0,0
40.7512,-74.0066,17,0,0,0
40.7998,-73.97,9,0,0,0
40.805,-73.9662,8,0,0,0
40.7274,-73.9935,21,1,0,0
40.7555,-73.971,14,0,0,0
40.7599,-73.9962,11,0,0,0
40.6837,-73.9211,3,0,0,0
40.7119,-73.9574,15,1,0,0
40.6691,-73.9537,5,0,0,0
40.7762,-73.9601,15,0,0,0
40.7098,-74.0077,20,1,0,0
40.7632,-73.9744,12,0,0,0
40.6766,-74.0186,23,1,0,0
40.7118,-73.9627,21,1,0,0
40.7514,-73.9937,19,1,0,0
40.7581,-73.9723,19,0,0,0
40.7491,-73.9868,2,1,0,0
40.7636,-73.9727,16,0,0,0
40.7708,-73.9661,9,0,0,0
40.7372,-73.9985,17,0,0,0
40.7742,-73.9813,17,0,0,0
40.788,-73.9757,7,0,0,0
40.7258,-73.9883,6,0,0,0
40.793,-73.9749,13,1,0,0
40.7455,-73.9887,18,0,0,0
40.7157,-74.0117,18,0,0,0
40.7261,-74.0094,21,0,0,0
40.7283,-73.9995,16,0,0,0
40.7234,-73.9958,13,0,0,0
40.7251,-74.0063,15,0,0,0
40.7589,-73.9605,7,0,0,0
40.7191,-73.9462,10,0,0,0
40.7482,-73.9393,19,0,0,0
40.7713,-73.9822,21,0,0,0
40.7677,-73.9621,16,0,0,0
40.7617,-73.9821,17,0,0,0
40.6791,-73.9624,20,0,0,0
40.6654,-73.955,4,0,0,0
40.6834,-73.9966,22,0,0,0
40.7077,-74.0068,17,0,0,0
40.7726,-73.9897,15,0,0,0
40.7172,-74.0142,16,0,0,0
40.7444,-74.0066,1,1,0,0
40.7144,-74.0156,19,0,0,0
40.7503,-73.987,18,0,0,0
40.6488,-73.9775,19,0,0,0
40.663,-73.9856,23,0,0,0
40.6896,-73.9708,22,1,0,0
40.7057,-73.965,11,1,0,0
40.705,-74.0113,18,0,0,0
40.7803,-73.9833,16,0,0,0
40.716,-74.0153,12,1,0,0
40.7553,-73.979,12,0,0,0
40.7387,-73.9924,17,0,0,0
40.7207,-74.0036,7,0,0,0
40.8048,-73.9383,16,1,0,0
40.7078,-73.9467,13,1,0,0
40.7763,-73.9871,23,0,0,0
40.699,-73.9366,11,0,0,0
40.7828,-73.9531,17,0,0,0
40.7431,-73.9519,20,0,0,0
40.7545,-73.9773,13,1,0,0
40.757,-73.9875,14,1,0,0
40.7469,-74.0019,7,0,0,0
40.7114,-74.0057,12,0,0,0
40.7591,-73.9654,9,0,0,0
40.7643,-73.9831,21,0,0,0
40.7385,-73.9857,0,0,0,0
40.7171,-74.0093,23,0,0,0
40.7307,-73.9594,18,0,0,0
40.7427,-73.9924,16,0,0,0
40.81,-73.9057,10,0,0,0
40.1248,-74.0781,16,0,-1,-1
40.708,-74.0061,15,1,0,0
40.7289,-73.9848,8,0,0,0
40.7142,-74.0098,8,1,0,0
40.7695,-73.8866,10,0,0,0
40.7577,-74.0007,14,1,0,0
40.7159,-74.0166,6,0,0,0
40.7381,-73.9983,5,0,0,0
40.7879,-73.9716,18,0,0,0
40.6485,-73.9606,1,1,0,0
40.7402,-73.9921,17,0,0,0
40.7087,-73.9577,18,1,0,0
40.7116,-73.9625,0,1,0,0
40.7474,-73.9931,13,0,0,0
40.7739,-73.8715,20,1,0,0
40.7261,-73.98,15,0,0,0
40.7388,-73.9887,18,0,0,0
40.7752,-73.9098,16,0,0,0
40.7648,-73.9773,22,0,0,0
40.7214,-73.9798,9,0,0,0
40.7339,-73.9993,7,0,0,0
40.7454,-74.0087,19,0,0,0
40.7419,-73.9903,19,0,0,0
40.7515,-74.0067,19,0,0,0
40.7611,-73.9807,21,0,0,0
40.6655,-73.9828,21,0,0,0
40.7758,-73.9899,19,0,0,0
40.7249,-73.9972,14,0,0,0
40.739,-74.0007,15,0,0,0
40.7628,-73.9734,11,1,0,0
40.7329,-74.0063,18,1,0,0
40.7297,-74.0094,0,1,0,0
40.7501,-73.9861,12,0,0,0
40.755,-73.9928,7,0,0,0
40.7167,-73.9957,20,0,0,0
40.763,-73.9722,16,0,0,0
40.6781,-73.9849,15,1,0,0
40.6583,-73.9778,18,1,0,0
40.7657,-73.9628,8,0,0,0
40.7737,-73.9458,19,0,0,0
40.6912,-73.9899,10,0,0,0
40.7342,-73.9996,23,1,0,0
40.7265,-73.9986,22,0,0,0
40.7638,-73.9753,18,0,0,0
40.7187,-74.0095,6,0,0,0
40.7255,-73.9972,17,0,0,0
40.7686,-73.8626,15,0,0,0
40.7554,-73.9896,17,0,0,0
40.7375,-74.0039,0,0,0,0
40.7281,-73.9939,5,0,0,0
40.7291,-74.0093,6,0,0,0
40.78,-73.9748,16,0,0,0
40.7087,-74.0093,15,0,0,0
40.7237,-74.0038,11,0,0,0
40.7561,-73.9876,22,0,0,0
40.7311,-73.9792,20,0,0,0
40.7755,-73.9565,20,0,0,0
40.7808,-73.9569,8,0,0,0
40.7862,-73.9516,7,0,0,0
40.7518,-74.0041,15,0,0,0
40.7628,-73.9855,17,0,0,0
40.7667,-73.9789,18,0,0,0
40.74,-73.9895,16,0,0,0
40.7387,-73.9917,17,0,0,0
40.7236,-74.0103,17,0,0,0
40.7645,-73.9706,15,0,0,0
40.7018,-73.898,16,1,0,0
40.7083,-74.0007,16,1,0,0
40.6829,-73.991,11,0,0,0
40.7053,-74.0087,20,1,0,0
40.7389,-73.9993,22,1,0,0
40.7655,-73.9627,6,0,0,0
40.7273,-73.9797,7,0,0,0
40.7224,-73.9983,13,0,0,0
40.7701,-73.8647,13,0,0,0
40.7684,-73.9847,4,0,0,0
40.7245,-73.9998,16,0,0,0
40.817,-73.847,9,1,0,0
40.7044,-74.0059,15,1,0,0
40.7431,-73.9912,17,0,0,0
40.754,-73.9705,16,0,0,0
40.7256,-73.9975,15,0,0,0
40.7507,-73.9778,12,0,0,0
40.7509,-73.9787,16,0,0,0
40.7546,-74.0256,18,0,0,0
40.7268,-74.0074,18,0,0,0
40.7054,-74.0133,17,0,0,0
40.7692,-73.9593,11,0,0,0
40.716,-73.9597,14,1,0,0
40.7374,-73.9874,21,0,0,0
40.7547,-74.0071,21,1,0,0
40.7273,-73.9846,1,1,0,0
40.7477,-73.9934,10,0,0,0
40.7235,-73.9847,21,1,0,0
40.7581,-73.9779,20,0,0,0
40.6723,-73.977,17,0,0,0
40.7483,-73.9766,7,0,0,0
40.729,-73.9843,14,1,0,0
40.7611,-73.9692,16,0,0,0
40.7208,-74.0095,13,1,0,0
40.7222,-74.0036,22,0,0,0
40.7647,-73.9784,23,1,0,0
40.7438,-74.0005,19,0,0,0
40.7115,-73.9957,15,1,0,0
40.7212,-73.9558,16,1,0,0
40.7331,-74.0032,22,0,0,0
40.7449,-73.9994,12,0,0,0
40.7382,-74.0088,7,0,0,0
40.7595,-73.9717,16,0,0,0
40.7615,-73.9754,21,0,0,0
40.6483,-73.7824,5,0,0,0
40.7597,-73.9843,14,0,0,0
40.7419,-73.9761,20,0,0,0
40.7426,-73.9846,23,0,0,0
40.754,-73.9809,17,0,0,0
40.6565,-74.0034,12,1,0,0
40.7207,-73.9624,22,1,0,0
40.756,-73.9692,11,0,0,0
40.693,-73.9987,20,0,0,0
40.8149,-74.3588,16,0,-1,-1
40.7852,-73.9475,22,0,0,0
40.7224,-74.064,19,0,0,0
40.7662,-73.9822,20,0,0,0
40.735,-74.0099,10,0,0,0
40.7432,-74.0291,11,1,0,0
40.7312,-74.0067,13,0,0,0
40.7695,-73.9857,13,1,0,0
40.7664,-73.9882,20,0,0,0
40.7737,-73.8717,15,0,0,0
40.6463,-73.777,23,1,0,0
40.7239,-73.9913,14,0,0,0
40.7168,-74.0083,17,0,0,0
40.7436,-74.0075,21,0,0,0
40.7555,-73.9837,22,0,0,0
40.7659,-73.9593,11,0,0,0
40.7234,-73.9763,9,1,0,0
40.7608,-73.9782,21,1,0,0
40.7507,-73.9829,15,0,0,0
40.728,-73.9924,19,0,0,0
40.7462,-73.9949,17,0,0,0
40.6878,-74.1814,19,0,1,1
40.7694,-73.9827,19,0,0,0
40.705,-74.0115,17,0,0,0
40.743,-73.9872,19,0,0,0
40.672,-73.9643,16,0,0,0
40.6457,-73.7767,19,0,0,0
40.765,-73.9831,13,0,0,0
40.7122,-74.0082,11,1,0,0
40.7744,-73.8725,17,0,0,0
40.7432,-73.9819,16,0,0,0
40.7593,-73.995,13,1,0,0
40.7239,-73.997,15,0,0,0
40.713,-73.9664,1,0,0,0
40.7858,-73.9566,11,0,0,0
40.7441,-73.9993,17,1,0,0
40.7408,-73.9895,2,0,0,0
40.7701,-73.9597,6,0,0,0
40.7405,-73.9891,5,0,0,0
40.6721,-74.0122,14,1,0,0
40.7557,-74.0022,10,0,0,0
40.7206,-73.9967,9,0,0,0
40.7207,-73.9611,13,1,0,0
40.5752,-73.9763,16,0,0,0
40.7376,-73.9827,8,1,0,0
40.7068,-74.0128,0,1,0,0
40.7061,-74.0098,20,0,0,0
40.7675,-73.9848,17,0,0,0
40.742,-73.9829,20,1,0,0
40.7555,-73.9816,8,0,0,0
40.7073,-73.9674,12,1,0,0
40.7395,-74.0064,23,1,0,0
40.7575,-73.9667,18,0,0,0
40.7934,-73.9747,10,0,0,0
40.7171,-74.0094,22,0,0,0
40.7476,-73.9898,8,0,0,0
40.746,-73.9882,18,0,0,0
40.7372,-74.0006,21,0,0,0
40.7499,-73.8951,17,0,0,0
40.7365,-74.0063,22,0,0,0
40.6446,-73.7821,14,0,0,0
40.7294,-73.9575,11,1,0,0
40.6844,-73.927,18,1,0,0
40.7411,-74.0017,9,0,0,0
40.7771,-73.9776,13,0,0,0
40.7595,-73.9811,19,0,0,0
40.7393,-74.0017,21,0,0,0
40.7355,-74.0083,20,1,0,0
40.7906,-73.9537,13,0,0,0
40.6874,-73.9125,6,0,0,0
40.7521,-73.9775,18,1,0,0
40.7684,-73.8622,16,0,0,0
40.7419,-73.9937,16,0,0,0
40.7762,-73.9612,19,0,0,0
40.7819,-73.9792,22,0,0,0
40.6758,-73.9533,4,0,0,0
40.7394,-74.0054,6,0,0,0
40.8657,-73.9274,10,0,0,0
40.7551,-73.9689,22,0,0,0
40.7537,-73.9891,16,0,0,0
40.6443,-73.7836,18,1,0,0
40.7791,-73.9737,16,1,0,0
40.8266,-73.9226,23,1,0,0
40.7529,-74.0068,22,0,0,0
40.7684,-73.8624,13,0,0,0
40.7135,-73.9778,20,0,0,0
40.8082,-73.9641,21,0,0,0
40.7365,-73.8664,3,0,0,0
40.7272,-73.9788,20,0,0,0
40.7551,-73.9735,10,0,0,0
40.7452,-73.9949,16,1,0,0
40.7614,-73.9711,14,0,0,0
40.7609,-73.9962,11,1,0,0
40.7165,-74.0131,14,1,0,0
40.7066,-74.0161,4,1,0,0
40.7297,-73.9967,19,0,0,0
40.746,-74.0081,20,0,0,0
40.7626,-73.9946,7,0,0,0
40.715,-74.0066,9,0,0,0
40.7732,-73.8858,7,0,0,0
40.7189,-74.0023,18,0,0,0
40.7225,-73.9831,7,0,0,0
40.7342,-73.9935,5,0,0,0
40.7542,-73.9822,20,0,0,0
40.6932,-73.9887,7,0,0,0
40.6985,-73.9943,20,0,0,0
40.7793,-73.9876,6,0,0,0
40.7769,-73.9595,17,0,0,0
40.781,-73.9477,10,0,0,0
40.7714,-73.9896,17,0,0,0
40.6416,-73.7881,13,0,0,0
40.745,-73.9843,9,0,0,0
40.7607,-73.9702,12,0,0,0
40.6415,-73.7884,19,0,0,0
40.7298,-73.9964,16,1,0,0
40.7235,-73.9939,7,0,0,0
40.7279,-74.0016,15,0,0,0
40.7255,-74.0055,17,0,0,0
40.7572,-73.9695,10,1,0,0
40.7306,-73.9928,23,0,0,0
40.7452,-73.9949,20,0,0,0
40.7191,-74.0036,0,1,0,0
40.7408,-73.9858,23,0,0,0
40.7264,-73.9803,18,0,0,0
40.7344,-74.0102,17,0,0,0
40.7181,-74.0072,10,0,0,0
40.7614,-73.9734,14,0,0,0
40.7447,-73.9808,20,0,0,0
40.754,-73.9721,14,0,0,0
40.6571,-73.8073,22,0,0,0
40.7537,-73.977,18,0,0,0
40.727,-74.0056,21,1,0,0
40.7528,-74.025,18,1,0,0
40.7728,-73.9584,11,1,0,0
40.7408,-74.0055,15,0,0,0
40.7654,-73.9773,17,0,0,0
40.7437,-73.977,19,0,0,0
40.763,-73.974,15,0,0,0
40.7132,-74.0108,15,0,0,0
40.7294,-73.9837,23,0,0,0
40.7462,-73.9726,20,0,0,0
40.756,-73.9803,17,0,0,0
40.7551,-73.984,18,0,0,0
40.7503,-73.997,7,0,0,0
40.7622,-73.9794,10,0,0,0
40.7541,-73.9824,17,0,0,0
40.7635,-73.9964,9,0,0,0
40.7754,-73.9578,22,0,0,0
40.7219,-74.0044,8,0,0,0
40.7062,-74.0091,20,0,0,0
40.7596,-73.9919,20,0,0,0
40.7536,-73.9813,19,0,0,0
40.7166,-74.0033,14,0,0,0
40.7232,-73.9991,14,0,0,0
40.7468,-73.944,13,0,0,0
40.7637,-73.9734,18,0,0,0
40.7501,-73.8653,21,0,0,0
40.745,-73.9948,6,0,0,0
40.7178,-74.0025,4,1,0,0
40.7216,-73.9993,12,1,0,0
40.7032,-73.9907,17,0,0,0
40.7167,-74.0147,22,0,0,0
40.7485,-73.9749,3,1,0,0
40.7197,-73.9952,21,0,0,0
40.7587,-73.9784,20,0,0,0
40.7368,-73.9889,13,1,0,0
40.7985,-73.9411,9,0,0,0
40.6449,-73.7821,14,0,0,0
40.8857,-73.9136,15,0,0,0
40.7781,-73.9586,13,0,0,0
40.7144,-73.961,22,0,0,0
40.723,-73.9402,14,1,0,0
40.6742,-73.9568,21,1,0,0
40.7072,-73.9222,19,0,0,0
40.7501,-73.991,16,1,0,0
40.7425,-73.996,13,1,0,0
40.7439,-74.0032,22,0,0,0
40.7561,-73.9769,13,0,0,0
40.7647,-73.9704,17,0,0,0
40.7023,-74.0132,18,0,0,0
40.7417,-74.0071,20,0,0,0
40.7514,-74.007,21,0,0,0
40.718,-74.0074,9,0,0,0
40.7205,-73.9872,22,1,0,0
40.7243,-73.9952,11,0,0,0
40.7582,-73.9606,8,0,0,0
40.758,-73.9837,11,0,0,0
40.7313,-74.0099,15,1,0,0
40.7401,-73.9883,3,0,0,0
40.602,-74.0064,11,1,0,0
40.8575,-73.8997,13,1,0,0
40.6416,-73.7888,6,0,0,0
40.7199,-74.008,15,0,0,0
40.7291,-73.9979,17,0,0,0
40.7736,-73.9556,20,0,0,0
40.777,-73.9477,20,0,0,0
40.7936,-73.9724,7,0,0,0
40.811,-73.9592,10,0,0,0
40.7177,-74.0033,12,0,0,0
40.7418,-73.9782,19,1,0,0
40.714,-74.0136,20,0,0,0
40.7736,-73.9497,5,0,0,0
40.725,-73.9924,11,0,0,0
40.7386,-73.9978,7,0,0,0
40.774,-73.8726,10,0,0,0
40.7156,-73.9898,8,0,0,0
40.775,-73.9343,22,0,0,0
40.8118,-73.9399,2,0,0,0
40.6449,-73.7821,18,1,0,0
40.7275,-73.994,0,0,0,0
40.7739,-73.8724,15,0,0,0
40.7524,-73.9857,20,1,0,0
40.7577,-73.9754,9,0,0,0
40.7556,-73.9711,2,0,0,0
40.6804,-73.981,0,1,0,0
40.7804,-73.9598,8,0,0,0
40.7479,-74.0044,19,0,0,0
40.6884,-73.9246,18,0,0,0
40.7414,-74.0012,22,0,0,0
40.7076,-74.0096,16,0,0,0
40.7459,-73.9981,13,1,0,0
40.7443,-73.9875,19,0,0,0
40.7214,-73.9975,1,0,0,0
40.7397,-74.0063,18,0,0,0
40.7477,-74.0063,7,0,0,0
40.7765,-73.9569,4,1,0,0
40.7315,-73.9915,20,0,0,0
40.6158,-74.0255,6,1,0,0
40.729,-73.9849,7,0,0,0
40.7226,-74.0014,7,0,0,0
40.751,-73.9866,23,0,0,0
40.7739,-73.8724,13,0,0,0
40.7211,-73.9975,16,1,0,0
40.7339,-73.9983,12,0,0,0
40.6758,-74.017,23,1,0,0
40.7214,-74.0013,14,0,0,0
40.7652,-73.9883,20,0,0,0
40.7385,-74.0038,23,0,0,0
40.738,-74.0002,16,0,0,0
40.7099,-74.0072,14,1,0,0
40.7487,-73.976,20,0,0,0
40.7633,-73.9827,14,0,0,0
40.7533,-73.934,6,0,0,0
40.788,-73.9759,9,1,0,0
40.7312,-73.9939,9,0,0,0
40.7171,-73.9954,23,1,0,0
40.72,-73.9882,23,0,0,0
40.7321,-74.0053,21,0,0,0
40.7263,-73.9989,22,1,0,0
40.7294,-74.0023,20,0,0,0
40.7333,-74.003,19,1,0,0
40.7301,-74.0084,16,0,0,0
40.7664,-73.9867,14,0,0,0
40.7589,-73.9702,17,0,0,0
40.7523,-73.9822,16,1,0,0
40.718,-73.9594,21,1,0,0
40.7098,-74.0132,17,1,0,0
40.7686,-73.9697,20,0,0,0
40.7485,-74.0019,22,0,0,0
40.717,-73.9632,18,1,0,0
40.66,-73.9806,9,1,0,0
40.7638,-73.973,19,0,0,0
40.6839,-73.9671,18,0,0,0
40.7568,-73.9764,17,0,0,0
40.7417,-73.9876,13,0,0,0
40.7594,-73.9776,20,0,0,0
40.7682,-73.862,15,1,0,0
40.7253,-73.9951,14,0,0,0
40.7675,-73.9691,7,0,0,0
40.7651,-73.9724,17,0,0,0
40.7566,-73.9829,20,0,0,0
40.7867,-73.9808,7,1,0,0
40.7613,-73.9693,9,0,0,0
40.7526,-73.9959,16,0,0,0
40.7422,-73.9826,7,0,0,0
40.7533,-73.9745,15,0,0,0
40.774,-73.8718,6,0,0,0
40.7646,-73.9705,10,0,0,0
40.7607,-73.9797,12,0,0,0
40.7191,-73.9894,18,0,0,0
40.73,-74.0041,7,0,0,0
40.7556,-73.9793,11,0,0,0
40.7201,-73.962,15,1,0,0
40.7235,-74.0095,12,1,0,0
40.774,-73.8723,21,0,0,0
40.7512,-74.0061,17,0,0,0
40.7458,-73.9846,7,0,0,0
40.7624,-73.9787,16,0,0,0
40.7434,-74.0076,20,1,0,0
40.7201,-74.0002,14,0,0,0
40.7526,-73.9882,21,0,0,0
40.7656,-73.9587,17,0,0,0
40.7592,-73.9793,21,0,0,0
40.77,-73.9592,7,0,0,0
40.7282,-73.988,15,0,0,0
40.7949,-73.9764,13,1,0,0
40.7028,-73.9906,17,0,0,0
40.7425,-73.9839,17,0,0,0
40.6761,-73.9495,13,0,0,0
40.7241,-73.9976,13,0,0,0
40.761,-73.975,7,0,0,0
40.7545,-73.9951,19,1,0,0
40.7515,-73.9937,17,0,0,0
40.7779,-73.9798,15,0,0,0
40.7683,-73.8622,15,0,0,0
40.7382,-74.0096,1,1,0,0
40.8841,-73.8925,10,0,0,0
40.7613,-73.9751,20,0,0,0
40.7321,-73.9886,18,1,0,0
40.7615,-73.9701,11,0,0,0
40.7513,-73.9854,17,0,0,0
40.7422,-73.9808,22,0,0,0
40.7144,-73.897,13,1,0,0
40.7545,-73.8463,22,0,0,0
40.7618,-73.9848,20,0,0,0
40.6658,-73.9791,13,1,0,0
41.0443,-73.8034,20,0,-1,-1
40.7431,-73.9901,16,0,0,0
40.6917,-73.9672,8,0,0,0
40.7721,-73.9672,17,0,0,0
40.7258,-74.0029,20,0,0,0
40.7741,-73.8725,22,1,0,0
40.7629,-73.9831,3,1,0,0
40.757,-73.9745,17,0,0,0
40.7411,-74.0054,12,0,0,0
40.7366,-73.9948,17,1,0,0
40.6662,-73.9496,9,0,0,0
40.7165,-73.9617,23,0,0,0
40.8009,-73.9609,14,0,0,0
40.7806,-73.9522,7,0,0,0
40.7747,-73.9911,9,1,0,0
40.7613,-73.968,17,0,0,0
40.7857,-73.9691,13,1,0,0
40.7957,-73.9712,19,0,0,0
40.7505,-73.9945,15,0,0,0
40.7431,-74.0063,18,1,0,0
40.7455,-73.9939,14,1,0,0
40.7648,-73.8221,13,1,0,0
40.7553,-73.9787,13,0,0,0
40.6915,-73.9605,17,0,0,0
40.708,-73.9519,19,0,0,0
40.7631,-73.9764,19,0,0,0
40.7582,-73.986,11,0,0,0
40.711,-73.9521,21,0,0,0
40.7685,-73.8625,13,0,0,0
40.7563,-73.9928,16,0,0,0
40.8013,-73.948,18,1,0,0
40.6449,-73.7819,20,0,0,0
40.7286,-73.9985,19,0,0,0
40.728,-73.9473,10,0,0,0
40.7189,-73.9508,19,1,0,0
40.7182,-74.0149,3,1,0,0
40.7046,-73.9119,4,0,0,0
40.8643,-73.8427,20,0,0,0
40.7253,-73.997,13,0,0,0
40.7244,-74.0017,18,0,0,0
40.7401,-73.9878,5,0,0,0
40.7917,-73.9727,22,1,0,0
40.7602,-73.987,8,1,0,0
40.7194,-73.9641,18,0,0,0
40.7434,-73.9982,21,1,0,0
40.7246,-73.9986,22,0,0,0
40.7587,-73.971,15,0,0,0
40.7177,-73.9493,0,1,0,0
40.7607,-73.9883,20,0,0,0
40.7402,-73.9921,21,0,0,0
40.7332,-73.9931,13,0,0,0
40.7582,-73.9727,21,0,0,0
40.6759,-73.9555,7,0,0,0
40.8379,-73.9462,16,1,0,0
40.6995,-73.933,6,0,0,0
40.7643,-73.9824,8,0,0,0
40.7037,-73.9312,3,0,0,0
40.6444,-73.7834,15,0,0,0
40.7353,-74.0052,10,0,0,0
40.739,-74.0008,8,0,0,0
40.765,-73.9728,16,1,0,0
40.7563,-73.9974,1,0,0,0
40.6773,-73.9422,15,0,0,0
40.7247,-73.995,9,0,0,0
40.7525,-73.9845,18,0,0,0
40.764,-73.9759,20,0,0,0
40.7445,-73.9752,18,0,0,0
40.7594,-73.9843,15,0,0,0
40.728,-74.0071,17,0,0,0
40.7186,-73.9977,3,1,0,0
40.6924,-73.9861,16,1,0,0
40.7504,-73.9868,11,0,0,0
40.7274,-74.0055,14,0,0,0
40.7223,-73.9969,10,0,0,0
40.7549,-74.0001,20,0,0,0
40.9553,-73.8186,8,0,0,-1
40.7193,-73.9974,2,1,0,0
40.7361,-74.0094,19,1,0,0
40.761,-73.9825,19,0,0,0
40.725,-73.9828,18,1,0,0
40.7479,-73.9568,7,0,0,0
40.7537,-73.9807,18,0,0,0
40.7616,-73.9606,18,1,0,0
40.7412,-73.9961,17,0,0,0
40.7905,-73.9693,18,0,0,0
40.7656,-73.9802,18,0,0,0
40.7221,-73.9873,10,0,0,0
40.7714,-73.9881,12,0,0,0
40.7479,-73.9803,9,0,0,0
40.6888,-73.9855,20,0,0,0
40.7335,-74.0029,20,0,0,0
40.7543,-73.7072,21,0,0,-1
40.6468,-73.7782,19,0,0,0
40.7733,-73.9186,16,0,0,0
40.7204,-74.0023,23,0,0,0
40.7511,-73.9944,13,0,0,0
40.7148,-74.0157,18,0,0,0
40.7285,-73.98,7,0,0,0
40.7417,-73.9811,10,1,0,0
40.7246,-74.0092,13,0,0,0
40.7542,-73.9846,21,0,0,0
40.7582,-74.0004,15,0,0,0
40.7582,-73.9627,16,1,0,0
40.6863,-73.9894,19,1,0,0
40.7732,-73.8855,10,0,0,0
40.6746,-73.9799,23,0,0,0
40.7495,-73.983,12,0,0,0
40.7678,-73.9816,11,0,0,0
40.7447,-73.957,16,0,0,0
40.7665,-73.9673,20,1,0,0
40.7718,-73.9819,9,0,0,0
40.7049,-74.009,16,1,0,0
40.7584,-73.9875,6,0,0,0
40.7207,-74.0019,18,0,0,0
40.7039,-73.8702,6,0,0,0
40.7711,-73.9797,15,0,0,0
40.7738,-73.8713,20,1,0,0
40.7129,-74.0097,6,0,0,0
40.6822,-73.9931,3,0,0,0
40.7632,-73.9773,11,0,0,0
40.7549,-73.9754,13,0,0,0
40.7186,-73.9977,21,0,0,0
40.7225,-73.986,18,0,0,0
40.7036,-73.9865,14,0,0,0
40.743,-73.974,22,0,0,0
40.7087,-73.9445,23,0,0,0
40.7217,-73.9866,8,0,0,0
40.7271,-73.9915,1,0,0,0
40.7579,-73.9929,15,0,0,0
40.6967,-73.9832,10,1,0,0
40.8379,-73.9464,11,1,0,0
40.6825,-73.926,3,1,0,0
40.746,-74.0019,16,1,0,0
40.7541,-73.9693,17,0,0,0
40.7336,-73.9979,14,0,0,0
40.7357,-73.9834,10,1,0,0
40.7682,-73.8621,13,0,0,0
40.7271,-73.9565,21,0,0,0
40.7824,-73.9506,17,0,0,0
40.7212,-73.9832,0,1,0,0
40.7295,-73.9423,18,0,0,0
40.7134,-73.9587,22,1,0,0
40.7701,-73.9805,13,0,0,0
40.7507,-74.0055,20,0,0,0
40.6892,-73.981,21,0,0,0
40.7246,-74.0018,13,0,0,0
40.8907,-73.8984,12,1,0,0
40.7651,-73.924,21,0,0,0
40.6689,-73.8215,17,1,0,0
40.744,-73.9857,8,0,0,0
40.7253,-74.0034,17,0,0,0
40.7488,-74.0068,5,0,0,0
40.6781,-73.962,22,1,0,0
40.7172,-73.9907,16,1,0,0
40.7644,-73.9823,22,1,0,0
40.6769,-73.9501,16,0,0,0
40.8195,-74.3147,19,1,-1,-1
40.774,-73.9506,8,0,0,0
40.7045,-73.935,4,1,0,0
40.7208,-73.9975,7,0,0,0
40.73,-73.9503,22,0,0,0
40.7093,-73.9561,6,1,0,0
40.7549,-74.0,18,0,0,0
40.7488,-73.9713,13,0,0,0
40.7212,-73.9816,15,0,0,0
40.6729,-73.9607,21,1,0,0
40.7556,-73.9749,16,0,0,0
40.7599,-73.9094,9,0,0,0
40.6943,-74.0004,12,1,0,0
40.7248,-73.9789,8,0,0,0
40.7785,-73.9482,8,0,0,0
40.7507,-73.9909,18,1,0,0
40.7224,-73.9421,17,1,0,0
40.7458,-73.9881,23,0,0,0
40.7222,-73.9995,12,0,0,0
40.788,-73.9783,6,0,0,0
40.7297,-73.9911,20,0,0,0
40.7111,-73.9484,18,1,0,0
40.7619,-73.9719,11,0,0,0
40.7747,-73.9873,18,0,0,0
40.716,-74.0089,0,0,0,0
40.759,-73.9725,0,0,0,0
40.7687,-73.8624,22,0,0,0
40.7383,-73.9835,18,0,0,0
40.753,-73.9855,18,0,0,0
40.7445,-73.9927,14,0,0,0
40.765,-73.9681,17,0,0,0
40.7585,-73.9613,20,1,0,0
40.8413,-73.9427,15,0,0,0
40.7639,-73.9763,16,0,0,0
40.7487,-74.0382,17,0,0,0
40.8029,-73.9565,19,1,0,0
40.7427,-73.9997,20,0,0,0
40.7191,-73.989,2,1,0,0
40.7647,-73.9779,15,0,0,0
40.7217,-74.0064,21,0,0,0
40.7198,-73.9942,23,0,0,0
40.7697,-73.9543,16,0,0,0
40.6467,-73.7891,10,0,0,0
40.7274,-74.0072,15,0,0,0
40.7608,-73.9748,20,0,0,0
40.7264,-73.9843,17,0,0,0
40.7511,-73.9783,16,0,0,0
40.7102,-74.0068,9,0,0,0
40.7734,-73.9454,8,0,0,0
40.7533,-73.9701,16,0,0,0
40.723,-73.9968,15,0,0,0
40.7633,-73.9737,14,0,0,0
40.7162,-74.0153,7,0,0,0
40.7776,-73.9834,14,1,0,0
40.7113,-73.9478,22,0,0,0
40.7685,-73.8627,11,1,0,0
40.7421,-73.9926,11,0,0,0
40.7566,-73.9718,3,0,0,0
40.7113,-73.9612,22,1,0,0
40.7552,-73.9733,18,0,0,0
40.7427,-74.0058,2,1,0,0
40.7525,-73.8966,21,0,0,0
40.6955,-73.7545,21,1,0,0
40.7228,-73.8424,14,1,0,0
40.7462,-73.9727,21,1,0,0
40.7246,-74.0021,15,0,0,0
40.7388,-74.0026,18,0,0,0
40.7312,-73.9844,7,0,0,0
40.7663,-73.9715,9,0,0,0
40.716,-73.9896,17,1,0,0
40.6218,-73.9609,17,0,0,0
40.7309,-73.9877,19,1,0,0
40.7376,-73.9931,18,0,0,0
40.7359,-74.0059,12,1,0,0
40.771,-73.866,20,0,0,0
40.7605,-73.9799,19,0,0,0
40.7685,-73.9212,20,1,0,0
40.7581,-73.9742,18,1,0,0
40.6767,-73.9986,14,0,0,0
40.7239,-73.997,22,0,0,0
40.7336,-74.0076,18,0,0,0
40.7486,-73.9851,16,0,0,0
40.8489,-73.9392,15,1,0,0
40.7711,-73.8662,19,0,0,0
40.7274,-74.0005,22,0,0,0
40.7686,-73.9873,12,0,0,0
40.7529,-73.9822,17,0,0,0
40.7354,-73.9922,23,0,0,0
40.7683,-73.9845,8,0,0,0
40.7727,-73.9654,17,0,0,0
40.7483,-73.984,17,0,0,0
40.7502,-73.977,18,0,0,0
40.7911,-73.9743,19,0,0,0
40.7566,-73.9667,5,1,0,0
40.6934,-73.9791,16,1,0,0
40.8647,-73.8472,6,0,0,0
40.7517,-74.0077,16,0,0,0
40.7619,-73.9822,14,0,0,0
40.7399,-74.0062,1,1,0,0
40.7517,-73.9925,9,0,0,0
40.7078,-74.0104,19,0,0,0
40.7664,-73.9516,17,0,0,0
40.7796,-73.9519,20,0,0,0
40.7739,-73.9192,16,0,0,0
40.7174,-73.9912,8,0,0,0
40.6869,-73.9716,22,1,0,0
40.6623,-73.9854,20,0,0,0
40.7338,-74.006,16,1,0,0
40.7681,-73.9802,18,0,0,0
40.8124,-73.9511,9,1,0,0
40.7589,-73.9936,12,0,0,0
40.7707,-73.9919,19,1,0,0
40.7719,-73.9557,10,1,0,0
40.7625,-73.9833,1,0,0,0
40.763,-73.9782,7,0,0,0
40.7639,-73.9764,19,0,0,0
40.7181,-73.9856,19,0,0,0
40.7503,-74.0403,19,0,0,0
40.6806,-73.9947,19,0,0,0
40.7372,-74.0052,5,1,0,0
40.7274,-74.0072,16,0,0,0
40.6218,-74.0318,15,1,0,0
40.7532,-73.9743,18,0,0,0
40.7636,-73.9218,14,1,0,0
40.7136,-74.0115,13,0,0,0
40.7149,-74.0162,22,0,0,0
40.7376,-74.0082,18,0,0,0
40.727,-73.9956,18,0,0,0
40.7297,-73.9785,8,0,0,0
40.7752,-73.9804,11,0,0,0
40.7231,-74.0064,17,0,0,0
40.7345,-73.9962,17,1,0,0
40.6814,-73.9347,8,1,0,0
40.7447,-73.9841,21,0,0,0
40.7389,-73.9831,23,0,0,0
40.7168,-73.9656,5,0,0,0
40.7634,-73.969,20,0,0,0
40.7254,-74.0002,14,0,0,0
40.7078,-73.9569,8,1,0,0
40.7729,-73.9638,19,0,0,0
40.7452,-73.9852,11,1,0,0
40.7401,-73.9844,6,1,0,0
40.7341,-74.0002,10,1,0,0
40.7567,-73.9984,18,0,0,0
40.8232,-73.9462,16,0,0,0
40.7663,-73.9673,16,0,0,0
40.749,-73.982,23,1,0,0
40.7623,-73.9718,11,0,0,0
40.7246,-73.9986,20,1,0,0
40.7185,-74.0039,17,0,0,0
40.7414,-73.9952,14,0,0,0
40.771,-73.8661,17,0,0,0
40.7761,-73.956,23,0,0,0
40.7634,-73.9694,13,0,0,0
40.7449,-73.9568,7,0,0,0
40.7732,-73.8857,20,0,0,0
40.7038,-73.9198,13,0,0,0
40.7537,-73.9736,20,0,0,0
40.7209,-73.9582,10,0,0,0
40.7478,-74.0041,19,0,0,0
40.7613,-73.9996,10,1,0,0
40.7471,-73.9967,16,0,0,0
40.7943,-73.9425,13,1,0,0
40.756,-73.9833,22,0,0,0
40.7329,-73.9925,19,0,0,0
40.7181,-73.9501,22,1,0,0
40.8037,-73.67,21,0,6,-1
40.7535,-73.9837,10,0,0,0
40.6899,-73.9634,1,0,0,0
40.7608,-73.9729,12,0,0,0
40.7025,-73.9888,16,0,0,0
40.7545,-73.9831,18,0,0,0
40.7507,-73.9789,21,0,0,0
40.7103,-73.7893,10,0,0,0
40.7497,-73.9915,20,0,0,0
40.7353,-74.0084,15,0,0,0
40.7791,-73.9467,6,0,0,0
40.7079,-74.0052,7,0,0,0
40.7692,-73.9593,7,0,0,0
40.7092,-74.0096,19,0,0,0
40.7627,-74.0008,15,0,0,0
40.666,-73.9292,20,1,0,0
40.7149,-73.9592,14,0,0,0
40.7419,-73.9864,17,0,0,0
40.7502,-74.0043,13,0,0,0
40.7428,-73.9944,13,0,0,0
40.7646,-73.9823,8,0,0,0
40.7558,-73.9865,22,0,0,0
40.7619,-73.9733,6,1,0,0
40.7636,-73.9637,4,1,0,0
40.7554,-74.0031,19,0,0,0
40.7548,-73.9865,15,0,0,0
40.7804,-73.946,10,0,0,0
40.734,-73.9994,21,0,0,0
40.7518,-73.9867,15,0,0,0
40.7598,-73.9799,13,0,0,0
40.7151,-73.9533,16,0,0,0
40.752,-73.9768,20,0,0,0
40.733,-73.9906,20,0,0,0
40.7678,-73.9821,22,1,0,0
40.7438,-73.9927,20,0,0,0
40.7619,-73.9745,7,1,0,0
40.7226,-73.9937,13,0,0,0
40.7561,-73.9726,7,0,0,0
40.7164,-73.9528,23,0,0,0
40.7709,-73.8659,19,0,0,0
40.756,-73.9713,3,0,0,0
40.759,-73.9897,0,1,0,0
40.779,-73.956,15,0,0,0
40.7316,-74.0022,19,0,0,0
40.727,-74.0073,23,0,0,0
40.7691,-73.9852,12,0,0,0
40.7444,-74.0066,0,1,0,0
40.7598,-73.9916,0,1,0,0
40.7388,-74.0083,20,0,0,0
40.7623,-73.9858,5,0,0,0
40.7411,-74.0052,3,1,0,0
40.7535,-73.9849,19,0,0,0
40.6921,-73.9837,11,0,0,0
40.7884,-73.981,6,0,0,0
40.7207,-73.997,20,1,0,0
40.7407,-73.9891,19,0,0,0
40.711,-74.0057,1,1,0,0
40.7299,-74.0037,19,0,0,0
40.7222,-73.9971,17,0,0,0
40.7638,-73.9827,16,0,0,0
40.7779,-73.9747,10,0,0,0
40.762,-73.9862,17,0,0,0
40.7527,-74.0261,21,0,0,0
40.7434,-73.9861,19,0,0,0
40.7744,-73.9575,7,0,0,0
40.7522,-73.9771,7,0,0,0
40.7434,-73.9569,1,0,0,0
40.7598,-73.9667,17,1,0,0
40.728,-74.0019,15,0,0,0
40.7168,-73.9636,5,0,0,0
40.7589,-73.9748,15,0,0,0
40.6818,-73.9819,18,0,0,0
40.726,-74.0075,15,0,0,0
40.7603,-73.9733,20,0,0,0
40.7745,-73.9809,16,0,0,0
40.6911,-74.1779,16,1,1,1
40.7211,-73.9957,22,0,0,0
40.7554,-73.9721,11,0,0,0
40.7437,-73.988,15,0,0,0
40.6187,-73.7283,20,0,2,-1
40.7199,-74.0003,17,0,0,0
40.7233,-73.9843,14,0,0,0
40.8046,-73.9665,19,0,0,0
40.7411,-73.996,8,0,0,0
40.7495,-73.9923,3,1,0,0
40.7532,-73.9748,16,0,0,0
40.7185,-74.0052,14,0,0,0
40.7405,-74.0057,2,1,0,0
40.7567,-73.9846,17,0,0,0
40.763,-73.9966,19,0,0,0
40.7783,-73.9456,8,0,0,0
40.7516,-73.9709,16,0,0,0
40.8574,-73.8928,11,0,0,0
40.7712,-73.9864,14,1,0,0
40.645,-73.782,20,0,0,0
40.7582,-73.9736,10,1,0,0
40.7583,-73.9752,19,1,0,0
40.7428,-73.9867,10,0,0,0
40.7214,-74.0086,16,0,0,0
40.7087,-73.9592,22,1,0,0
40.7441,-73.9977,18,0,0,0
40.7565,-73.9724,7,0,0,0
40.7663,-73.9785,7,1,0,0
40.6869,-73.8628,8,0,0,0
40.6877,-74.1815,23,0,1,1
40.7161,-74.0121,15,0,0,0
40.759,-73.9714,22,1,0,0
40.772,-73.966,17,1,0,0
40.7404,-74.0066,22,1,0,0
40.7231,-73.9998,18,0,0,0
40.7731,-73.9466,16,0,0,0
40.7248,-73.9985,22,0,0,0
40.703,-73.9947,12,0,0,0
40.759,-73.9729,19,0,0,0
40.7266,-73.9832,22,1,0,0
40.7569,-73.9841,9,1,0,0
40.7269,-73.9955,16,0,0,0
40.8061,-73.9573,15,0,0,0
40.7938,-73.937,7,0,0,0
40.7303,-73.9939,9,0,0,0
40.7168,-73.9448,19,0,0,0
40.7628,-73.9746,19,0,0,0
40.7463,-74.0022,15,0,0,0
40.742,-73.9856,23,0,0,0
40.7589,-73.9738,18,0,0,0
40.7707,-73.8656,8,0,0,0
40.8256,-73.9269,20,0,0,0
40.7395,-74.0421,22,1,0,0
40.7688,-73.9697,13,0,0,0
40.7144,-73.9593,18,0,0,0
40.739,-74.0055,12,0,0,0
40.7602,-73.96,10,1,0,0
40.7252,-73.9948,5,0,0,0
40.7425,-73.9968,8,0,0,0
40.7311,-73.9839,16,0,0,0
40.7633,-73.9737,17,0,0,0
40.7647,-73.9764,22,0,0,0
40.7702,-73.8959,7,1,0,0
40.7641,-73.9885,20,0,0,0
40.7382,-74.0069,5,0,0,0
40.764,-73.9541,0,0,0,0
40.708,-74.0057,5,0,0,0
40.734,-74.0043,18,0,0,0
40.7745,-73.9836,8,0,0,0
40.738,-73.9901,17,0,0,0
40.7599,-73.9765,19,0,0,0
40.7239,-74.0038,12,0,0,0
40.7567,-73.9765,15,0,0,0
40.7248,-73.9962,17,0,0,0
40.7786,-73.9536,18,1,0,0
40.7238,-73.9964,12,0,0,0
40.7636,-73.9712,19,0,0,0
40.7244,-73.9835,20,1,0,0
40.7029,-74.0132,11,0,0,0
40.728,-74.0031,23,0,0,0
40.6637,-73.9518,7,0,0,0
40.7631,-73.979,15,1,0,0
40.7243,-73.8157,6,1,0,0
40.7308,-73.993,19,1,0,0
40.7285,-73.9786,7,0,0,0
40.6445,-73.7833,20,0,0,0
40.791,-73.9763,8,0,0,0
40.7431,-73.9877,1,1,0,0
40.7167,-73.9893,14,0,0,0
40.703,-73.9907,16,0,0,0
40.7484,-73.9883,19,0,0,0
40.756,-73.975,18,0,0,0
40.7244,-73.9978,18,0,0,0
40.7272,-74.0034,23,0,0,0
40.6805,-73.9838,5,0,0,0
40.7455,-73.9793,13,1,0,0
40.7639,-73.976,22,1,0,0
40.6842,-73.9901,14,0,0,0
40.7252,-74.0075,18,0,0,0
40.6523,-73.9637,7,0,0,0
40.7547,-73.9914,15,0,0,0
40.7695,-73.9894,16,0,0,0
40.7434,-73.9725,7,1,0,0
40.7571,-73.9823,20,0,0,0
40.7278,-74.0073,21,0,0,0
40.7605,-73.9911,11,1,0,0
40.7524,-73.989,19,0,0,0
40.7468,-73.9857,9,0,0,0
40.7454,-73.991,12,0,0,0
40.7116,-73.957,23,0,0,0
40.7417,-73.9917,14,0,0,0
40.7614,-73.9868,11,0,0,0
40.7441,-73.9733,7,0,0,0
40.7635,-73.9814,11,0,0,0
40.6763,-73.9836,22,0,0,0
40.8079,-73.9498,8,0,0,0
40.7415,-73.9935,22,0,0,0
40.7473,-73.9862,10,0,0,0
40.7046,-74.0103,0,0,0,0
40.7353,-74.0055,7,0,0,0
40.6684,-73.9795,18,0,0,0
40.7246,-73.9951,13,0,0,0
41.0319,-73.8395,21,1,-1,-1
40.7707,-73.9884,7,1,0,0
40.7413,-73.9857,16,0,0,0
40.7553,-73.9734,10,1,0,0
40.7579,-73.9661,13,0,0,0
40.7325,-73.9817,7,0,0,0
40.7457,-73.9877,11,0,0,0
40.7299,-74.0083,16,0,0,0
40.7373,-73.9886,23,0,0,0
40.7613,-73.9896,10,1,0,0
40.7141,-73.9492,9,0,0,0
40.6904,-74.1784,12,1,1,1
40.6956,-73.9471,22,1,0,0
40.7628,-73.9617,18,0,0,0
40.7472,-73.9914,16,0,0,0
40.7862,-73.9777,7,0,0,0
40.7694,-73.9895,15,0,0,0
40.7584,-73.9824,13,0,0,0
40.7173,-74.0142,14,0,0,0
40.7584,-73.9672,18,0,0,0
40.7537,-73.971,18,1,0,0
40.7389,-73.993,21,0,0,0
40.7601,-73.9848,15,0,0,0
40.6796,-73.9739,23,0,0,0
40.7018,-73.9896,4,0,0,0
40.762,-73.9826,12,0,0,0
40.7268,-74.001,5,0,0,0
40.7746,-73.9892,19,0,0,0
40.7367,-73.9888,13,0,0,0
40.7162,-73.9566,10,1,0,0
40.7362,-74.0059,22,1,0,0
40.7341,-73.9893,16,0,0,0
40.7343,-73.9802,15,0,0,0
40.748,-73.9808,9,0,0,0
40.739,-73.9994,13,0,0,0
40.74,-74.0069,22,0,0,0
40.7492,-73.9994,16,1,0,0
40.7268,-73.9999,7,0,0,0
40.7488,-73.975,18,0,0,0
40.7218,-73.9847,19,0,0,0
40.6451,-73.974,13,1,0,0
40.706,-74.008,13,0,0,0
40.7588,-73.9725,18,0,0,0
40.7409,-74.0075,22,1,0,0
40.7868,-73.9811,14,0,0,0
40.7679,-73.9916,13,1,0,0
40.7083,-74.0065,3,1,0,0
40.724,-73.9414,8,0,0,0
40.7166,-74.0084,23,0,0,0
40.7364,-73.9884,16,0,0,0
40.7247,-73.9784,3,1,0,0
40.7234,-73.9962,21,0,0,0
40.7094,-74.0143,23,0,0,0
40.7235,-74.0006,6,1,0,0
40.7963,-74.1439,1,0,-1,-1
40.7732,-73.8855,16,0,0,0
40.7393,-73.9912,16,0,0,0
40.7682,-73.9824,16,0,0,0
40.7558,-73.9792,12,0,0,0
40.7175,-74.0054,20,1,0,0
40.7131,-73.993,14,1,0,0
40.7617,-73.9748,21,0,0,0
40.7779,-73.9754,12,0,0,0
40.8068,-73.967,14,1,0,0
40.7143,-73.9564,11,0,0,0
40.7522,-73.9735,15,0,0,0
40.738,-73.9836,7,0,0,0
40.7485,-73.9806,19,0,0,0
40.762,-73.9838,16,0,0,0
40.7147,-74.0159,23,0,0,0
40.7361,-73.9843,5,1,0,0
40.7771,-73.9853,6,0,0,0
40.7388,-73.9881,21,1,0,0
40.7246,-73.9837,15,0,0,0
40.7287,-73.9803,12,1,0,0
40.7334,-74.3516,13,0,-1,-1
40.7419,-73.9938,14,0,0,0
40.7568,-73.9865,22,0,0,0
40.776,-73.9605,11,0,0,0
40.6416,-73.7881,20,0,0,0
40.7872,-73.9697,23,0,0,0
40.7677,-73.9851,21,0,0,0
40.7204,-73.9632,9,0,0,0
40.7248,-74.0025,17,0,0,0
40.7167,-74.0394,9,1,0,0
40.7191,-73.9934,1,1,0,0
40.7414,-73.9285,9,0,0,0
40.7273,-73.9919,0,1,0,0
40.788,-73.9557,11,0,0,0
40.6914,-73.9845,17,1,0,0
40.7584,-73.975,7,0,0,0
40.7356,-74.0006,18,0,0,0
40.6789,-73.9868,22,0,0,0
40.7249,-73.9904,3,0,0,0
40.7201,-73.9884,19,0,0,0
40.7396,-74.0041,13,0,0,0
40.7431,-74.0085,23,0,0,0
40.7649,-73.9807,23,0,0,0
40.6448,-73.7821,6,0,0,0
40.7227,-73.9932,20,0,0,0
40.7325,-73.9878,16,1,0,0
40.7339,-73.9995,19,0,0,0
40.7651,-73.9868,9,0,0,0
40.7869,-73.9756,23,0,0,0
40.7691,-73.9812,12,1,0,0
40.7714,-73.982,17,0,0,0
40.7602,-73.987,21,0,0,0
40.687,-73.9242,7,0,0,0
41.0613,-73.8332,18,1,-1,-1
40.7493,-73.9827,18,0,0,0
40.7252,-73.9932,13,0,0,0
40.6444,-73.7835,17,0,0,0
40.7191,-73.9643,21,0,0,0
40.7754,-73.9585,14,1,0,0
40.7463,-74.0015,16,0,0,0
40.7293,-73.9798,18,0,0,0
40.679,-73.9663,18,1,0,0
40.7591,-73.9958,23,0,0,0
40.7548,-73.9799,20,0,0,0
40.7268,-74.001,17,0,0,0
40.7128,-73.9524,5,0,0,0
40.7408,-74.0049,15,0,0,0
40.7169,-73.9625,12,0,0,0
40.7248,-73.9941,13,0,0,0
40.7428,-73.979,9,0,0,0
40.7063,-74.0161,19,0,0,0
40.6523,-74.1857,18,0,7,1
40.75,-73.9835,19,0,0,0
40.7422,-73.9972,18,1,0,0
40.7317,-73.9546,6,0,0,0
40.7455,-73.9715,6,1,0,0
40.706,-74.0179,11,1,0,0
40.7683,-73.9628,8,1,0,0
40.7257,-74.0076,17,0,0,0
40.752,-73.9929,19,0,0,0
40.6724,-73.961,15,0,0,0
40.7447,-73.9778,21,1,0,0
40.7667,-73.9128,0,0,0,0
40.7746,-73.9635,6,0,0,0
40.737,-73.9866,18,0,0,0
40.7223,-73.9868,22,0,0,0
40.7106,-74.0074,9,0,0,0
40.7227,-74.0086,22,0,0,0
40.7425,-73.9977,17,0,0,0
40.7719,-73.9633,19,0,0,0
40.7647,-73.9785,9,0,0,0
40.7338,-74.0028,0,0,0,0
40.7146,-73.9838,19,0,0,0
40.6708,-73.9843,7,0,0,0
40.7545,-73.9695,6,0,0,0
40.7637,-73.9729,12,1,0,0
40.7562,-73.9828,7,0,0,0
40.6882,-74.1832,8,0,1,1
40.7343,-74.1654,17,0,1,1
40.7556,-73.9754,22,1,0,0
40.7221,-73.9934,16,0,0,0
40.7171,-74.0025,0,1,0,0
40.7432,-73.8665,11,0,0,0
40.7426,-73.9843,13,0,0,0
40.7662,-73.9621,13,1,0,0
40.7222,-73.9918,23,0,0,0
40.7623,-73.9726,9,0,0,0
40.774,-73.8721,15,0,0,0
40.7634,-73.9966,0,1,0,0
40.6448,-73.7827,7,0,0,0
40.761,-73.999,18,0,0,0
40.7204,-73.942,18,1,0,0
40.7284,-74.0007,7,0,0,0
40.7772,-73.9574,18,0,0,0
40.7306,-74.0069,17,0,0,0
40.7773,-73.9807,5,0,0,0
40.714,-74.0064,16,1,0,0
40.6847,-73.9507,5,1,0,0
40.7179,-73.9905,7,1,0,0
40.7627,-73.9971,15,0,0,0
40.7503,-74.0045,11,0,0,0
40.7482,-73.9922,9,0,0,0
40.7241,-73.8692,22,0,0,0
40.7317,-73.9855,16,0,0,0
40.7462,-74.0083,15,0,0,0
40.7388,-73.9909,12,0,0,0
40.7257,-74.0071,20,0,0,0
40.7065,-74.0072,14,0,0,0
40.8044,-73.9478,14,0,0,0
40.6833,-73.966,22,0,0,0
40.6892,-73.9189,8,0,0,0
40.7658,-73.9826,19,0,0,0
40.7406,-74.0019,13,0,0,0
40.7717,-73.9829,7,1,0,0
40.732,-73.9584,5,0,0,0
40.6667,-73.7961,20,0,0,0
40.7481,-74.0019,18,0,0,0
40.701,-73.926,3,0,0,0
40.7309,-73.9954,4,0,0,0
40.7701,-73.9819,16,0,0,0
40.7051,-74.0098,17,0,0,0
40.7776,-73.9633,16,0,0,0
40.7847,-73.956,21,0,0,0
40.7607,-73.9708,19,0,0,0
40.7159,-73.9929,8,0,0,0
40.7451,-73.994,12,0,0,0
40.7876,-73.9432,5,0,0,0
40.7042,-74.0093,0,0,0,0
40.7772,-73.9754,9,1,0,0
40.714,-73.9805,22,1,0,0
40.7571,-73.9717,5,0,0,0
40.7403,-74.008,17,1,0,0
40.763,-73.9789,22,0,0,0
40.7678,-73.9852,17,0,0,0
40.7265,-73.9993,13,0,0,0
40.6401,-73.9947,23,0,0,0
40.7553,-73.9748,18,0,0,0
40.7741,-73.8725,14,0,0,0
40.7381,-74.0095,20,0,0,0
40.7635,-73.9775,14,0,0,0
40.7448,-73.974,8,0,0,0
40.714,-74.0099,19,0,0,0
40.716,-74.0044,4,1,0,0
40.6679,-73.9855,4,0,0,0
40.7829,-73.5649,13,1,-1,-1
40.3555,-74.612,2,1,-1,-1
40.7406,-74.0057,10,0,0,0
40.6878,-73.9954,18,1,0,0
40.6446,-73.7825,19,0,0,0
40.7685,-73.8625,15,0,0,0
40.7716,-73.9892,18,0,0,0
40.7626,-73.9934,14,1,0,0
40.7469,-74.0022,21,0,0,0
40.7171,-74.0028,17,1,0,0
40.7618,-73.9686,11,0,0,0
40.7065,-74.0089,22,0,0,0
40.6483,-73.7826,21,1,0,0
40.7195,-74.0021,23,0,0,0
40.7104,-73.9657,18,0,0,0
40.7471,-73.9968,18,0,0,0
40.7503,-73.9833,17,0,0,0
40.6882,-73.9791,18,0,0,0
40.7756,-73.9801,19,1,0,0
40.7843,-73.9549,11,0,0,0
40.7189,-74.0056,8,0,0,0
40.6828,-73.9974,20,0,0,0
40.7562,-73.9726,17,0,0,0
40.7436,-73.9904,23,0,0,0
40.7051,-74.0106,22,0,0,0
40.7386,-73.9811,4,1,0,0
40.7213,-73.9575,16,0,0,0
40.774,-73.9608,21,0,0,0
40.7383,-73.9553,18,0,0,0
40.7551,-73.9757,7,0,0,0
40.7482,-73.9889,19,0,0,0
40.7155,-74.0092,3,0,0,0
40.733,-74.0032,2,1,0,0
40.743,-73.9813,6,0,0,0
40.7783,-73.9849,8,0,0,0
40.7517,-73.9787,20,0,0,0
40.7904,-73.9765,5,0,0,0
40.7309,-74.0008,5,0,0,0
40.7612,-73.9999,7,0,0,0
40.7635,-73.9966,11,0,0,0
40.7583,-73.9796,17,0,0,0
40.7327,-74.0048,18,1,0,0
40.7308,-73.9923,19,0,0,0
40.7807,-73.9486,18,0,0,0
40.6453,-73.7763,16,0,0,0
40.6919,-74.177,20,0,1,1
40.7552,-73.9733,18,0,0,0
40.7224,-74.0028,17,1,0,0
40.7757,-73.9486,16,0,0,0
40.7199,-74.0102,21,0,0,0
40.7541,-73.9921,11,0,0,0
40.7732,-73.9648,21,0,0,0
40.7378,-73.9901,21,0,0,0
40.736,-73.9746,22,1,0,0
40.793,-73.9223,17,1,0,0
40.7411,-74.0057,15,0,0,0
40.7618,-73.9746,13,1,0,0
40.7512,-74.0066,19,0,0,0
40.7554,-73.9824,20,0,0,0
40.7579,-73.9692,10,0,0,0
40.7213,-73.999,13,1,0,0
40.8861,-73.905,4,0,0,0
40.6417,-73.7891,20,0,0,0
40.7191,-73.9608,21,1,0,0
40.6713,-73.9812,19,0,0,0
40.7502,-73.9917,10,0,0,0
40.6936,-73.9871,20,0,0,0
40.7601,-73.9787,20,0,0,0
40.7295,-73.9896,23,1,0,0
40.7474,-73.9014,15,0,0,0
40.7902,-73.9668,18,1,0,0
40.7754,-73.984,9,0,0,0
40.7523,-73.9954,7,1,0,0
40.6879,-74.1812,0,0,1,1
40.7296,-74.0113,20,0,0,0
40.7731,-73.8857,19,0,0,0
40.6575,-73.8897,10,0,0,0
40.6847,-73.992,21,0,0,0
40.7611,-73.9908,21,1,0,0
40.7499,-74.0062,10,0,0,0
40.7846,-73.9469,5,1,0,0
40.7397,-74.0026,21,0,0,0
40.762,-73.9789,10,1,0,0
40.7199,-74.0003,22,0,0,0
40.7443,-73.9826,18,0,0,0
40.7332,-73.9956,9,0,0,0
40.7739,-73.8727,22,0,0,0
40.7628,-73.9774,19,0,0,0
40.7204,-73.9937,21,0,0,0
40.669,-73.9309,1,0,0,0
40.7514,-73.9928,19,0,0,0
40.7605,-73.9749,16,1,0,0
40.7758,-73.9441,10,0,0,0
40.7212,-74.0003,1,0,0,0
40.7528,-73.9928,22,1,0,0
40.7362,-73.9881,18,0,0,0
40.7386,-74.0081,17,0,0,0
40.7491,-73.9837,18,1,0,0
40.6233,-74.0305,17,1,0,0
40.7729,-73.9896,16,0,0,0
40.7376,-74.0095,11,0,0,0
40.7631,-73.9967,16,1,0,0
40.6127,-73.9697,8,1,0,0
40.7058,-74.0105,20,0,0,0
40.7668,-73.963,14,1,0,0
40.7743,-73.9831,14,0,0,0
40.7195,-74.0061,18,0,0,0
40.758,-73.9856,8,0,0,0
40.7159,-74.0119,13,0,0,0
40.7152,-74.0093,9,0,0,0
40.7679,-73.9819,21,0,0,0
40.7476,-74.0019,14,1,0,0
40.7633,-73.9877,6,0,0,0
40.7585,-73.9704,18,0,0,0
40.7386,-73.9976,12,0,0,0
40.7033,-73.9926,11,1,0,0
40.7339,-73.9997,18,1,0,0
40.6914,-73.9899,15,1,0,0
40.6937,-73.9838,16,0,0,0
40.7531,-73.9811,18,0,0,0
40.7648,-73.9827,3,1,0,0
40.7545,-73.9717,15,0,0,0
40.7214,-74.0089,0,1,0,0
40.718,-73.9902,16,1,0,0
40.7738,-73.9457,15,0,0,0
40.7185,-74.0058,12,0,0,0
40.6725,-73.9769,16,1,0,0
40.7621,-73.9717,14,0,0,0
40.7669,-73.9599,7,0,0,0
40.7905,-73.9693,9,0,0,0
40.7344,-73.9832,9,0,0,0
40.7686,-73.8626,10,1,0,0
40.6951,-74.1787,9,1,1,1
40.6772,-73.9419,16,0,0,0
40.7673,-73.9844,7,0,0,0
40.7163,-74.0097,7,0,0,0
40.7489,-73.9935,13,0,0,0
40.7715,-73.9636,8,0,0,0
40.6991,-73.9302,6,1,0,0
40.7705,-73.8654,11,1,0,0
40.687,-73.9361,15,1,0,0
40.7702,-73.9594,12,0,0,0
40.7338,-73.993,18,0,0,0
40.7181,-73.9642,18,1,0,0
40.7174,-73.9582,0,0,0,0
40.7621,-73.9258,1,1,0,0
40.7534,-73.9723,15,0,0,0
40.7548,-73.9832,15,0,0,0
40.6932,-73.9723,22,0,0,0
40.7209,-74.0099,16,0,0,0
40.7669,-73.9619,17,0,0,0
40.7596,-73.9955,22,1,0,0
40.7193,-74.0088,19,0,0,0
40.7245,-73.8515,23,1,0,0
40.7613,-73.9817,21,0,0,0
40.7375,-73.9844,18,1,0,0
40.6695,-73.9904,8,0,0,0
40.6374,-74.0004,17,0,0,0
40.7655,-73.9798,20,0,0,0
40.7341,-73.9933,20,0,0,0
40.7642,-73.9789,18,0,0,0
40.7465,-73.9827,15,0,0,0
40.7274,-73.9828,8,0,0,0
40.7565,-73.9254,1,0,0,0
40.7351,-73.9752,15,1,0,0
40.7704,-73.9685,18,0,0,0
40.7752,-73.9635,6,0,0,0
40.7676,-73.981,7,0,0,0
40.7433,-74.0075,15,0,0,0
40.7202,-73.9991,1,1,0,0
40.7159,-74.0097,21,1,0,0
40.7105,-74.0095,19,0,0,0
40.7218,-73.9582,21,0,0,0
40.7656,-73.9817,17,0,0,0
40.7345,-73.9862,15,0,0,0
40.7368,-73.9802,14,0,0,0
40.7383,-73.9919,13,0,0,0
40.7472,-73.9851,10,0,0,0
40.7419,-73.9895,19,0,0,0
40.676,-73.999,20,1,0,0
40.7686,-73.8626,20,0,0,0
40.7142,-74.0065,13,0,0,0
40.7406,-73.9895,15,0,0,0
40.6758,-73.979,5,1,0,0
40.7279,-73.9991,22,0,0,0
40.7241,-74.0011,2,0,0,0
40.7448,-73.9914,14,0,0,0
40.8275,-73.9398,11,0,0,0
40.7522,-73.973,19,0,0,0
40.7601,-73.9842,17,0,0,0
40.7163,-74.0069,15,0,0,0
40.7292,-73.9901,17,0,0,0
40.7065,-74.0127,16,0,0,0
40.7477,-73.9787,18,0,0,0
40.7229,-74.0048,22,1,0,0
40.7372,-73.9927,8,0,0,0
40.7809,-73.9593,11,0,0,0
40.7562,-73.9748,20,0,0,0
40.7348,-73.9943,9,0,0,0
40.752,-73.9793,21,0,0,0
40.81,-73.9511,13,0,0,0
40.7197,-74.0044,1,1,0,0
40.7661,-73.9262,11,1,0,0
40.7166,-73.9613,0,1,0,0
40.7263,-73.9804,8,0,0,0
40.746,-74.004,8,0,0,0
40.7378,-73.9882,21,1,0,0
40.7465,-73.9478,17,0,0,0
40.7207,-73.9842,7,0,0,0
40.7714,-73.9564,15,1,0,0
40.7692,-73.9632,20,1,0,0
40.7591,-73.9945,23,0,0,0
40.6913,-74.1778,17,0,1,1
40.7413,-73.995,19,0,0,0
40.7386,-73.9891,21,1,0,0
40.7446,-73.976,8,0,0,0
40.7565,-73.9974,16,0,0,0
40.7365,-74.052,16,1,0,0
40.7263,-73.9532,13,1,0,0
40.7215,-73.9876,21,0,0,0
40.6707,-73.9591,5,0,0,0
40.7686,-73.9695,20,1,0,0
40.7611,-73.9738,9,0,0,0
40.7572,-73.9635,16,1,0,0
40.6937,-73.9611,19,0,0,0
40.7196,-74.0053,13,0,0,0
40.7551,-73.9877,16,0,0,0
40.7794,-73.9613,14,0,0,0
40.7564,-73.9294,9,0,0,0
40.7313,-73.9922,18,0,0,0
40.7732,-73.9665,10,0,0,0
40.7406,-73.9928,15,1,0,0
40.6916,-73.9843,12,0,0,0
40.7565,-73.9924,6,0,0,0
40.7299,-73.9574,13,0,0,0
40.7192,-73.9999,16,0,0,0
40.7458,-74.0076,16,0,0,0
40.6554,-73.8388,16,0,0,0
40.7667,-73.9767,20,1,0,0
40.6877,-73.974,5,0,0,0
40.7567,-74.0013,14,0,0,0
40.755,-73.9886,19,0,0,0
40.7081,-74.0079,19,0,0,0
40.7656,-73.9681,21,0,0,0
40.7501,-73.9724,14,0,0,0
40.7416,-73.9939,21,0,0,0
40.7382,-73.9948,20,0,0,0
40.7053,-74.0178,12,1,0,0
40.7803,-73.973,20,0,0,0
40.761,-74.0213,15,0,0,0
40.7536,-73.9842,16,0,0,0
40.7602,-73.9727,19,0,0,0
40.7877,-73.6561,20,0,6,-1
40.7662,-73.9661,16,0,0,0
40.774,-73.8726,17,0,0,0
40.6815,-74.0141,9,0,0,0
40.7446,-73.9887,11,0,0,0
40.7622,-73.9642,22,0,0,0
40.7627,-74.0008,11,0,0,0
40.7225,-73.9918,5,0,0,0
40.7227,-74.0023,14,0,0,0
40.7294,-74.0017,14,0,0,0
40.7517,-73.975,20,1,0,0
40.7389,-73.9889,20,0,0,0
40.7208,-73.9975,17,0,0,0
40.7091,-73.9603,2,1,0,0
40.749,-73.9923,12,0,0,0
40.7893,-73.967,4,0,0,0
40.753,-73.9716,15,0,0,0
40.7542,-73.9834,20,1,0,0
40.7868,-73.971,22,0,0,0
40.7259,-73.9774,23,0,0,0
40.742,-73.9809,20,0,0,0
40.775,-73.9568,20,1,0,0
40.7194,-74.0103,10,1,0,0
40.7401,-74.0059,11,1,0,0
40.6211,-74.0165,20,0,0,0
40.7469,-74.0094,22,0,0,0
40.713,-73.9664,10,0,0,0
40.7487,-73.9425,21,0,0,0
40.7237,-74.0103,7,0,0,0
40.7304,-74.0069,12,0,0,0
40.7628,-73.9657,9,0,0,0
40.7518,-73.9793,22,0,0,0
40.7688,-73.9903,4,1,0,0
40.7852,-73.9807,15,0,0,0
40.6678,-73.9906,3,0,0,0
40.7214,-73.9978,20,0,0,0
40.7692,-73.9814,18,1,0,0
40.7557,-73.9762,13,0,0,0
40.7989,-73.9642,17,1,0,0
40.7647,-73.9822,21,1,0,0
40.7359,-73.9852,0,1,0,0
40.7001,-73.992,18,0,0,0
40.7496,-73.975,16,0,0,0
40.7686,-73.987,12,0,0,0
40.7684,-73.8626,21,0,0,0
40.7175,-73.9839,0,1,0,0
40.7256,-74.004,18,0,0,0
40.6795,-73.9289,23,0,0,0
40.7272,-73.9499,11,1,0,0
40.688,-73.9718,19,1,0,0
40.787,-73.9729,8,0,0,0
40.7959,-73.9707,8,0,0,0
40.7437,-74.0065,15,1,0,0
40.7604,-73.9679,14,0,0,0
40.7755,-73.958,14,1,0,0
40.747,-73.9901,7,0,0,0
40.7659,-73.9947,3,1,0,0
40.7375,-73.9895,20,0,0,0
40.7675,-73.9927,22,0,0,0
40.7598,-73.9919,22,0,0,0
40.7474,-73.9912,22,0,0,0
40.7131,-73.9933,12,0,0,0
40.7912,-73.9743,22,1,0,0
40.7518,-73.9766,11,1,0,0
40.7202,-73.9963,21,1,0,0
40.7109,-73.9681,13,0,0,0
40.7812,-73.9837,21,0,0,0
40.7515,-74.0063,12,0,0,0
40.7456,-74.0092,10,0,0,0
40.7555,-73.972,18,1,0,0
40.7684,-73.9849,21,1,0,0
40.7742,-73.9794,17,0,0,0
40.7545,-73.9876,21,0,0,0
40.7544,-73.8462,20,1,0,0
40.7085,-74.0176,17,1,0,0
40.6559,-73.9562,0,0,0,0
40.7304,-74.0019,15,0,0,0
40.7707,-73.8655,6,0,0,0
40.7417,-74.0047,13,0,0,0
40.8112,-73.9617,20,0,0,0
40.7381,-73.9999,7,0,0,0
40.7615,-73.9698,17,0,0,0
40.77,-73.8646,16,0,0,0
40.7517,-74.0015,23,1,0,0
40.7621,-73.9877,20,0,0,0
40.7365,-74.0016,9,0,0,0
40.7492,-73.9936,18,0,0,0
40.7439,-73.9816,14,0,0,0
40.7937,-73.9217,21,0,0,0
40.7413,-73.9931,2,1,0,0
40.74,-74.0053,23,1,0,0
40.6849,-73.9423,13,0,0,0
40.7605,-73.9743,16,0,0,0
40.732,-73.9948,23,1,0,0
40.7424,-73.9993,0,1,0,0
40.7608,-73.9754,14,0,0,0
40.7737,-73.964,12,0,0,0
40.7295,-74.0071,15,0,0,0
40.6427,-73.9612,16,0,0,0
40.7079,-74.0067,8,0,0,0
40.7794,-73.9531,13,1,0,0
40.6878,-74.1816,4,0,1,1
40.7809,-73.9763,5,0,0,0
40.7371,-74.0076,16,0,0,0
40.7097,-74.0101,19,0,0,0
40.7154,-73.9503,14,1,0,0
40.7415,-73.9992,17,1,0,0
40.7604,-73.9656,20,0,0,0
40.7129,-73.9572,11,0,0,0
40.7275,-73.9832,1,1,0,0
40.8396,-73.9421,20,1,0,0
40.7515,-73.9839,0,1,0,0
40.7146,-74.0138,15,0,0,0
40.7557,-73.9646,14,1,0,0
40.7449,-73.9739,0,0,0,0
40.7318,-73.9834,3,1,0,0
40.7535,-73.8234,16,1,0,0
40.7214,-74.01,14,0,0,0
40.7061,-74.0043,21,0,0,0
40.6882,-73.9659,0,1,0,0
40.7444,-73.9963,15,1,0,0
40.7304,-73.9901,23,0,0,0
40.7166,-73.962,9,1,0,0
40.7283,-74.0326,16,0,0,0
40.7618,-73.9707,16,0,0,0
40.7605,-74.0022,7,0,0,0
40.685,-74.0025,14,0,0,0
40.7806,-73.9463,6,0,0,0
40.7368,-73.9927,16,0,0,0
40.7233,-73.9913,8,0,0,0
40.7249,-73.9824,7,0,0,0
40.7678,-73.9591,21,1,0,0
40.7335,-73.9899,0,0,0,0
40.7447,-73.9755,23,0,0,0
40.7169,-73.9648,8,0,0,0
40.6451,-73.7809,20,0,0,0
40.729,-73.9981,11,1,0,0
40.7247,-73.9941,23,0,0,0
40.7428,-73.9844,1,0,0,0
40.745,-73.988,18,0,0,0
40.729,-73.8245,20,0,0,0
40.7711,-73.9596,1,1,0,0
40.7169,-74.0089,21,0,0,0
40.7185,-73.962,13,0,0,0
40.6567,-73.957,23,0,0,0
40.7222,-73.9598,15,1,0,0
40.7714,-73.964,6,0,0,0
40.7189,-73.9891,20,1,0,0
40.6507,-74.0028,18,0,0,0
40.7436,-74.0072,16,1,0,0
40.7098,-73.955,21,0,0,0
40.7141,-73.946,2,0,0,0
40.6442,-73.7823,16,1,0,0
40.7327,-73.9796,7,0,0,0
40.7506,-73.9835,17,0,0,0
40.8777,-73.9097,9,0,0,0
40.7026,-73.9936,20,0,0,0
40.6917,-73.9844,10,1,0,0
40.6772,-74.013,20,1,0,0
40.7789,-73.981,22,0,0,0
40.7749,-73.9632,21,0,0,0
40.742,-74.0041,2,1,0,0
40.6449,-73.9595,22,0,0,0
40.7239,-74.0048,21,0,0,0
40.7408,-73.9852,15,0,0,0
40.7514,-73.994,14,0,0,0
40.7292,-73.9891,18,0,0,0
40.7486,-73.9904,15,1,0,0
40.7218,-73.9959,23,0,0,0
40.7606,-74.0028,11,1,0,0
40.7347,-74.01,18,1,0,0
40.7518,-74.005,12,1,0,0
40.7199,-73.988,10,0,0,0
40.7503,-73.9945,17,0,0,0
40.7284,-74.007,12,0,0,0
40.6464,-73.7893,19,0,0,0
40.761,-73.9908,19,0,0,0
40.7536,-73.9724,19,0,0,0
40.6826,-73.9296,21,0,0,0
40.716,-73.8364,14,1,0,0
40.765,-73.9704,15,0,0,0
40.774,-73.8725,14,1,0,0
40.7298,-73.9576,21,0,0,0
40.7491,-73.9798,16,0,0,0
40.7551,-73.976,23,0,0,0
40.7725,-73.9591,13,0,0,0
40.7582,-73.9817,10,0,0,0
40.7556,-73.9719,20,0,0,0
40.7177,-73.9965,22,0,0,0
40.7514,-74.0067,20,0,0,0
40.7628,-73.9601,17,0,0,0
40.7629,-73.9698,10,0,0,0
40.6809,-73.9751,7,0,0,0
40.7431,-73.9854,12,0,0,0
40.7206,-73.978,7,1,0,0
40.7442,-74.0052,17,0,0,0
40.7567,-73.994,10,0,0,0
40.7621,-73.9739,19,0,0,0
40.7132,-73.9007,0,1,0,0
40.7708,-73.8658,17,0,0,0
40.7498,-73.9794,17,0,0,0
40.775,-73.9529,19,0,0,0
40.7466,-73.9831,19,0,0,0
40.7642,-73.9828,10,0,0,0
40.7573,-73.9761,19,0,0,0
40.7621,-73.9798,17,0,0,0
40.7527,-73.9811,14,0,0,0
40.7432,-73.9862,19,0,0,0
40.7125,-74.0085,9,0,0,0
40.7537,-73.9791,20,0,0,0
40.7551,-73.9734,0,0,0,0
40.7438,-74.0065,1,1,0,0
40.7251,-73.9842,17,1,0,0
40.7542,-73.9784,13,0,0,0
40.7562,-73.9644,11,0,0,0
40.787,-73.9558,20,0,0,0
40.7224,-73.9969,18,0,0,0
40.7328,-74.0002,6,0,0,0
40.7714,-73.9825,17,0,0,0
40.7863,-73.9776,18,0,0,0
40.796,-73.9325,12,0,0,0
40.7158,-73.9895,18,0,0,0
40.7669,-73.9593,6,0,0,0
40.7633,-73.9855,21,1,0,0
40.6446,-73.7826,19,0,0,0
40.6435,-73.7898,11,0,0,0
40.7143,-73.9517,2,1,0,0
40.7717,-73.949,9,0,0,0
40.7577,-73.9646,5,0,0,0
40.73,-73.9867,21,1,0,0
40.7644,-73.9693,5,0,0,0
40.7147,-74.0158,19,1,0,0
40.774,-73.8727,8,1,0,0
40.7298,-73.9895,0,0,0,0
40.759,-73.9842,16,1,0,0
40.7786,-73.9475,17,0,0,0
40.7048,-74.0079,13,1,0,0
40.7136,-74.0088,7,1,0,0
40.7571,-73.9714,16,0,0,0
40.7597,-73.9815,18,0,0,0
40.7622,-73.9624,20,0,0,0
40.7413,-73.9948,11,1,0,0
40.6446,-73.7817,21,0,0,0
40.7225,-73.9591,23,0,0,0
40.7773,-73.9783,17,0,0,0
40.7625,-73.9897,7,0,0,0
40.7362,-73.9789,6,0,0,0
40.7988,-73.9686,7,0,0,0
40.8003,-73.9548,22,0,0,0
40.727,-73.9838,10,1,0,0
40.7506,-73.9975,20,1,0,0
40.7556,-73.9739,18,0,0,0
40.6552,-74.0102,17,0,0,0
40.764,-73.9738,13,0,0,0
40.7224,-74.0112,22,0,0,0
40.7335,-73.9817,23,0,0,0
40.8027,-73.9676,20,0,0,0
40.722,-73.9944,22,0,0,0
40.7149,-73.965,11,0,0,0
40.7549,-73.994,15,0,0,0
40.7189,-73.9887,6,0,0,0
40.6804,-74.0076,16,0,0,0
40.7665,-73.9836,3,0,0,0
40.732,-74.0034,1,0,0,0
40.7335,-73.9797,8,0,0,0
40.7676,-73.9706,13,0,0,0
40.8209,-73.9463,2,0,0,0
40.7504,-73.9791,13,0,0,0
40.7739,-73.9804,5,0,0,0
40.7299,-73.993,6,0,0,0
40.7176,-73.9634,15,1,0,0
40.7544,-73.9802,10,0,0,0
40.7649,-73.9824,16,0,0,0
40.7692,-73.9958,18,0,0,0
40.7536,-73.9871,19,0,0,0
40.7708,-73.9632,13,0,0,0
40.7428,-73.8927,17,1,0,0
40.7621,-73.9744,20,0,0,0
40.6657,-73.9927,19,1,0,0
40.6466,-73.7899,17,1,0,0
40.7362,-73.9918,16,0,0,0
40.6881,-73.9794,19,0,0,0
40.6964,-73.8311,8,1,0,0
40.7537,-73.9775,15,0,0,0
40.6811,-73.9558,0,0,0,0
40.7346,-74.01,12,0,0,0
41.0254,-74.1947,22,0,-1,-1
40.7414,-73.9897,13,1,0,0
40.6679,-73.9618,15,1,0,0
40.7449,-73.9897,10,0,0,0
40.7425,-73.9859,14,0,0,0
40.6914,-74.1778,0,0,1,1
40.7436,-74.0072,3,1,0,0
40.663,-73.9533,15,0,0,0
40.7376,-73.9897,18,0,0,0
40.7186,-73.9545,23,0,0,0
40.8503,-73.9357,3,0,0,0
40.7189,-73.958,13,0,0,0
40.7217,-73.9996,21,0,0,0
40.7273,-73.9887,17,1,0,0
40.6497,-74.0118,8,0,0,0
40.7682,-73.9701,12,1,0,0
40.7061,-74.0096,22,1,0,0
40.7649,-73.983,20,0,0,0
40.7443,-74.0066,21,0,0,0
40.7639,-73.9604,7,0,0,0
40.7127,-73.9567,15,0,0,0
40.734,-73.9889,11,0,0,0
40.7161,-74.0105,21,0,0,0
40.7922,-73.9239,21,1,0,0
40.7605,-73.9821,20,0,0,0
40.7685,-73.8626,17,0,0,0
40.7742,-73.963,20,0,0,0
40.695,-73.9527,20,0,0,0
40.744,-73.9915,23,0,0,0
40.7816,-73.9519,18,1,0,0
40.7517,-73.9937,21,1,0,0
40.763,-73.9343,13,1,0,0
40.759,-73.9996,22,0,0,0
40.733,-73.9898,15,1,0,0
40.7942,-73.9354,22,0,0,0
40.7935,-73.9732,9,0,0,0
40.74,-74.001,19,0,0,0
40.7799,-73.9595,17,0,0,0
40.6998,-73.9141,11,1,0,0
40.7169,-74.0086,22,0,0,0
40.7705,-73.8653,19,0,0,0
40.7378,-74.0017,1,0,0,0
40.6747,-73.9802,18,0,0,0
40.7163,-74.0164,15,0,0,0
40.7452,-74.0077,15,0,0,0
40.7393,-74.0011,14,1,0,0
40.7474,-73.9917,15,0,0,0
40.7161,-74.0149,22,0,0,0
40.7305,-73.9903,14,0,0,0
40.7292,-73.9963,16,0,0,0
40.7775,-73.9468,3,0,0,0
40.7695,-73.9936,17,1,0,0
40.7522,-73.988,18,0,0,0
40.6465,-73.7899,16,1,0,0
40.7589,-73.9783,17,0,0,0
40.7226,-73.9828,21,1,0,0
40.761,-73.9812,18,0,0,0
40.7493,-74.0031,15,0,0,0
40.7277,-73.9932,14,0,0,0
40.7232,-74.0027,6,0,0,0
40.7263,-74.0004,17,0,0,0
40.7391,-73.9955,8,0,0,0
40.7527,-73.8236,17,0,0,0
40.7751,-73.9908,8,1,0,0
40.6447,-73.782,23,0,0,0
40.7676,-73.9914,9,0,0,0
40.7253,-73.998,11,0,0,0
40.7732,-73.946,15,0,0,0
40.7819,-73.9815,13,0,0,0
40.7211,-74.0004,19,0,0,0
40.6911,-73.9898,15,0,0,0
40.731,-73.9817,11,0,0,0
40.7565,-73.9975,15,0,0,0
40.7183,-73.9911,1,1,0,0
40.7033,-73.9167,10,0,0,0
40.8084,-73.9428,15,0,0,0
40.7593,-73.9829,19,0,0,0
40.7838,-73.713,19,0,0,-1
40.7396,-74.0025,20,0,0,0
40.7752,-73.9767,12,0,0,0
40.7481,-74.0306,2,1,0,0
40.7311,-74.0086,17,0,0,0
40.7667,-73.9608,19,1,0,0
40.7238,-74.0046,22,0,0,0
40.7719,-73.9903,12,1,0,0
40.7168,-74.0082,19,0,0,0
40.7144,-74.0153,16,0,0,0
40.7664,-73.9666,23,1,0,0
40.7377,-73.9923,22,0,0,0
40.7819,-73.9811,13,1,0,0
40.7198,-73.9829,10,0,0,0
40.7596,-73.9701,22,0,0,0
40.7234,-73.9887,20,0,0,0
40.7278,-74.0073,9,0,0,0
40.6899,-73.9929,17,1,0,0
40.7193,-73.9631,19,1,0,0
40.7616,-73.9787,18,0,0,0
40.7324,-73.9809,17,0,0,0
40.7703,-73.9602,15,0,0,0
40.741,-73.9927,15,1,0,0
40.7685,-73.8623,8,0,0,0
40.6958,-73.9626,9,1,0,0
40.7238,-73.9783,9,0,0,0
40.7146,-74.0089,7,0,0,0
40.6467,-73.7893,15,0,0,0
40.7715,-73.9811,8,1,0,0
40.7746,-73.9819,16,1,0,0
40.7381,-74.0059,15,0,0,0
40.722,-73.9868,20,0,0,0
40.7284,-74.0028,21,0,0,0
40.6459,-73.7767,20,1,0,0
40.7684,-73.8623,19,0,0,0
40.7412,-74.0053,16,1,0,0
40.7768,-73.9535,1,0,0,0
40.7594,-73.9955,21,1,0,0
40.7623,-73.9793,23,1,0,0
40.7489,-73.9886,17,1,0,0
40.7923,-73.9262,17,0,0,0
40.7092,-73.94,21,1,0,0
40.7783,-73.949,16,0,0,0
40.728,-73.959,0,1,0,0
40.7288,-73.9805,6,0,0,0
40.7398,-73.9912,14,0,0,0
40.7457,-73.9897,13,0,0,0
40.7427,-73.9968,18,0,0,0
40.7812,-73.9575,7,0,0,0
40.7333,-74.0047,3,0,0,0
40.7763,-73.982,7,0,0,0
40.6477,-73.9595,22,1,0,0
40.7532,-74.0257,21,0,0,0
40.8518,-74.068,10,0,4,-1
40.6686,-73.9933,18,1,0,0
40.7587,-73.9893,20,0,0,0
40.7519,-73.9765,13,1,0,0
40.7172,-74.0048,15,1,0,0
40.7363,-73.9788,16,1,0,0
40.7431,-73.9911,6,0,0,0
40.8021,-73.9675,17,1,0,0
40.7067,-74.01,4,0,0,0
40.7219,-74.0041,18,1,0,0
40.7348,-74.0001,23,0,0,0
40.8094,-73.9493,9,0,0,0
40.6704,-73.8917,6,0,0,0
40.7354,-73.9756,16,0,0,0
40.7441,-73.9919,7,0,0,0
40.7754,-73.9505,14,0,0,0
40.7305,-74.0025,14,1,0,0
40.8545,-73.8679,9,1,0,0
40.7753,-73.928,16,1,0,0
40.7183,-73.9989,11,0,0,0
40.6149,-73.9543,8,0,0,0
40.6592,-73.9545,21,0,0,0
40.7566,-74.0016,9,0,0,0
40.79,-73.9259,4,1,0,0
40.7667,-73.9692,15,1,0,0
40.7819,-73.9491,22,0,0,0
40.7645,-73.9831,10,0,0,0
40.7725,-73.9809,15,0,0,0
40.6867,-73.9625,12,1,0,0
40.8046,-73.9557,3,1,0,0
40.7062,-74.0095,19,0,0,0
40.6883,-73.9846,17,0,0,0
40.7291,-74.0023,22,0,0,0
40.7276,-73.9853,15,0,0,0
40.7754,-73.9828,7,0,0,0
40.7687,-73.9875,9,0,0,0
40.781,-73.9162,8,0,0,0
40.7479,-73.9931,16,0,0,0
40.6987,-73.9248,21,0,0,0
40.7975,-73.9944,18,0,0,0
40.7577,-73.9633,22,0,0,0
40.7635,-73.9653,10,1,0,0
40.7241,-74.0112,19,1,0,0
40.7467,-74.0071,13,0,0,0
40.7595,-73.9781,18,1,0,0
40.7515,-73.9877,16,0,0,0
40.7549,-73.9708,21,0,0,0
40.705,-74.0162,18,0,0,0
40.7425,-74.0043,20,0,0,0
40.6657,-73.9398,14,0,0,0
40.7263,-74.0058,22,0,0,0
40.7266,-74.0056,16,0,0,0
40.7757,-73.9828,10,1,0,0
40.8864,-73.4179,22,0,-1,-1
40.7624,-73.975,16,0,0,0
40.7942,-73.963,22,1,0,0
40.7858,-73.969,8,0,0,0
40.7679,-73.9599,13,1,0,0
40.7436,-73.9728,6,0,0,0
40.788,-73.9737,10,0,0,0
40.707,-74.0164,18,0,0,0
40.7093,-74.0083,10,1,0,0
40.7411,-74.0078,1,0,0,0
40.7558,-73.9978,11,0,0,0
40.7996,-73.9539,17,1,0,0
40.774,-73.8727,19,0,0,0
40.6448,-73.782,23,0,0,0
40.7806,-73.9763,16,0,0,0
40.709,-73.9608,6,1,0,0
40.78,-73.9553,7,0,0,0
40.7867,-73.9794,7,0,0,0
40.7565,-73.9938,18,1,0,0
40.7235,-74.0061,11,0,0,0
40.7641,-73.9769,20,0,0,0
40.7395,-73.9447,22,0,0,0
40.7534,-73.9942,21,0,0,0
40.7597,-73.9819,18,0,0,0
40.7442,-73.9842,6,0,0,0
40.7616,-73.9648,17,0,0,0
40.7519,-73.9924,17,0,0,0
40.6461,-73.7768,15,0,0,0
40.7377,-73.9882,20,0,0,0
40.7209,-74.0042,7,0,0,0
40.7414,-73.9976,8,0,0,0
40.6955,-74.1781,20,1,1,1
40.7267,-74.0057,20,0,0,0
40.7544,-73.9907,14,0,0,0
40.7615,-73.9992,13,0,0,0
40.7139,-73.958,0,0,0,0
40.7738,-73.8717,13,1,0,0
40.7919,-73.9647,8,0,0,0
40.7539,-73.9736,19,0,0,0
40.7444,-73.9875,14,0,0,0
40.6654,-73.6067,3,0,-1,-1
40.7462,-74.0419,18,1,0,0
40.7065,-74.0095,18,1,0,0
40.7215,-73.9822,22,0,0,0
40.6956,-73.997,6,1,0,0
40.7492,-74.0031,10,0,0,0
40.7269,-74.0033,18,1,0,0
40.8997,-73.8532,10,1,0,0
40.7817,-73.9831,18,1,0,0
40.7504,-73.9946,21,0,0,0
40.7583,-73.9788,16,0,0,0
40.7456,-73.9944,19,0,0,0
40.7406,-74.0057,12,1,0,0
40.7671,-73.9641,8,0,0,0
40.7707,-73.98,10,0,0,0
40.721,-74.0053,17,0,0,0
40.7809,-73.9762,8,0,0,0
40.675,-73.9561,6,0,0,0
40.7648,-73.9529,13,0,0,0
40.7806,-73.978,7,0,0,0
40.6541,-73.9776,15,1,0,0
40.7181,-73.9981,0,1,0,0
40.7608,-73.9845,13,0,0,0
40.6558,-73.9472,13,0,0,0
40.7871,-73.9718,8,0,0,0
40.7488,-73.9812,19,0,0,0
40.7471,-74.0022,7,0,0,0
40.7715,-73.9614,21,0,0,0
40.7621,-73.9583,16,0,0,0
40.7138,-73.9903,14,1,0,0
40.5748,-73.9823,18,0,0,0
40.7638,-73.9712,15,0,0,0
40.7508,-74.0041,21,1,0,0
40.7599,-73.9802,16,0,0,0
40.7454,-73.9716,21,0,0,0
40.6464,-73.7903,6,0,0,0
40.7415,-73.9856,12,0,0,0
40.7277,-73.9893,11,0,0,0
40.7786,-73.9884,18,1,0,0
40.8199,-73.9587,19,0,0,0
40.7576,-73.7154,14,0,0,0
40.7329,-73.9958,13,0,0,0
40.7232,-74.0062,17,0,0,0
40.7592,-73.9614,21,0,0,0
40.8099,-73.9502,20,0,0,0
40.749,-73.98,16,0,0,0
40.7408,-74.0076,0,0,0,0
40.7834,-73.947,14,0,0,0
40.6764,-74.014,17,0,0,0
40.7519,-73.9854,18,0,0,0
40.7058,-74.0081,20,1,0,0
40.7499,-73.979,19,0,0,0
40.7386,-73.9805,21,1,0,0
40.7471,-73.9872,19,0,0,0
40.7195,-74.0102,21,0,0,0
40.6712,-73.9504,21,0,0,0
40.727,-73.9802,21,0,0,0
40.6479,-73.9444,9,0,0,0
40.771,-73.866,6,0,0,0
40.7191,-73.9889,16,0,0,0
40.762,-73.9826,21,0,0,0
40.7639,-73.9778,21,0,0,0
40.7219,-73.9963,19,0,0,0
40.7795,-73.9879,17,1,0,0
40.8221,-73.2241,11,0,-1,-1
40.7543,-73.9806,19,0,0,0
40.6911,-73.9276,1,0,0,0
40.7626,-73.9735,18,0,0,0
40.7543,-73.8466,17,1,0,0
40.7474,-73.9885,23,0,0,0
40.7048,-74.0117,14,0,0,0
40.7259,-73.9896,22,0,0,0
40.7374,-73.9875,18,0,0,0
40.7252,-73.9794,12,1,0,0
40.6751,-73.9611,9,0,0,0
40.7271,-73.9915,14,1,0,0
40.7605,-73.9814,2,0,0,0
40.7748,-73.991,20,1,0,0
40.7639,-73.9733,19,0,0,0
40.7179,-74.0001,17,0,0,0
40.7652,-73.9723,19,0,0,0
40.7681,-73.992,0,0,0,0
40.7668,-73.9595,11,0,0,0
40.7731,-73.9513,15,0,0,0
40.6785,-73.9638,21,0,0,0
40.7222,-73.9968,1,0,0,0
40.75,-73.9845,0,0,0,0
40.738,-74.0092,1,1,0,0
40.683,-73.9617,8,0,0,0
40.7757,-73.9897,14,0,0,0
40.7414,-73.9238,12,1,0,0
40.7751,-73.9631,18,1,0,0
40.7344,-73.9908,21,0,0,0
40.7868,-73.9723,15,0,0,0
40.7146,-73.9841,15,0,0,0
40.6624,-74.177,22,0,7,1
40.7355,-73.9778,23,0,0,0
40.7661,-73.9543,20,0,0,0
40.7609,-73.985,11,0,0,0
40.7471,-73.9967,20,1,0,0
40.7879,-73.9497,4,0,0,0
40.774,-73.9887,18,1,0,0
40.7529,-73.9796,4,0,0,0
40.7638,-73.9758,18,0,0,0
40.7059,-74.0179,20,0,0,0
40.7296,-73.9898,19,0,0,0
40.7598,-73.9851,17,0,0,0
40.7487,-73.9886,7,0,0,0
40.7534,-73.9852,10,0,0,0
40.7561,-73.9823,3,1,0,0
40.7636,-73.9695,20,0,0,0
40.6722,-73.9602,19,0,0,0
40.7723,-74.2388,21,1,-1,-1
40.7703,-73.8651,12,0,0,0
40.8056,-73.9643,17,1,0,0
40.7409,-74.0078,14,0,0,0
40.7464,-73.982,15,0,0,0
40.7709,-73.8658,9,0,0,0
40.718,-73.993,18,0,0,0
40.7108,-73.9577,4,1,0,0
40.7324,-73.9811,7,0,0,0
40.7653,-73.9701,15,1,0,0
40.7985,-73.9731,17,0,0,0
40.7514,-73.9931,13,0,0,0
40.7576,-73.9739,7,0,0,0
40.7147,-74.016,19,0,0,0
40.7686,-73.962,9,1,0,0
40.7439,-73.9815,15,0,0,0
40.775,-73.9805,10,1,0,0
40.7271,-74.0032,21,0,0,0
40.7373,-74.0048,21,0,0,0
40.7273,-73.9809,0,0,0,0
40.7143,-73.9476,6,0,0,0
40.6449,-73.7822,23,1,0,0
40.7724,-73.9607,17,0,0,0
40.7254,-73.9951,20,0,0,0
40.7065,-73.9592,18,0,0,0
40.7177,-74.0107,16,0,0,0
40.7544,-73.9881,18,0,0,0
40.7127,-73.9882,10,0,0,0
40.7366,-73.987,14,0,0,0
40.7445,-73.9841,12,0,0,0
40.7648,-73.9765,6,0,0,0
40.7262,-73.9986,16,1,0,0
40.7889,-73.9783,15,0,0,0
40.7384,-73.9951,13,0,0,0
40.7428,-73.9944,15,0,0,0
40.7436,-73.9588,17,1,0,0
40.7511,-73.9805,22,0,0,0
40.7391,-73.9872,23,1,0,0
40.645,-73.782,16,0,0,0
40.7875,-73.9727,7,0,0,0
40.7028,-74.0112,14,0,0,0
40.7511,-73.9927,21,0,0,0
40.7437,-73.992,15,0,0,0
40.7434,-73.9885,7,0,0,0
40.6442,-73.7834,6,0,0,0
40.7458,-73.9824,16,0,0,0
40.7137,-73.9985,19,0,0,0
40.7272,-74.0063,11,1,0,0
40.7738,-73.8715,12,0,0,0
40.7574,-74.001,16,0,0,0
40.7639,-73.9732,12,0,0,0
40.6158,-73.9431,7,0,0,0
40.6977,-73.9839,8,0,0,0
40.7643,-73.9783,16,0,0,0
40.7574,-73.9982,14,0,0,0
40.7239,-73.9899,6,0,0,0
40.7243,-73.9832,21,1,0,0
40.6484,-73.7832,14,0,0,0
40.7633,-73.9693,9,0,0,0
40.7187,-73.9905,22,0,0,0
40.7368,-73.973,8,0,0,0
40.7563,-73.9267,6,0,0,0
40.6976,-73.9967,6,0,0,0
40.7753,-73.9596,8,0,0,0
40.7507,-73.9956,19,0,0,0
40.7645,-73.9808,14,0,0,0
40.7484,-74.006,10,0,0,0
40.7556,-73.9836,14,0,0,0
40.7457,-73.9916,12,1,0,0
40.7423,-74.0039,9,0,0,0
40.7269,-73.9946,18,0,0,0
40.7626,-73.9742,0,0,0,0
40.7539,-73.9714,8,0,0,0
40.757,-73.9739,18,0,0,0
40.7584,-73.9668,7,0,0,0
40.7262,-73.996,0,1,0,0
40.7817,-73.9852,3,1,0,0
40.7708,-73.8657,14,1,0,0
40.7692,-73.9811,18,0,0,0
41.0528,-74.0323,7,0,-1,-1
40.7713,-73.8662,21,0,0,0
40.7503,-73.9786,19,0,0,0
40.7301,-74.0005,2,1,0,0
40.7764,-73.9477,6,0,0,0
40.6962,-73.9354,13,0,0,0
40.7542,-73.974,17,0,0,0
40.7164,-73.9912,20,1,0,0
40.7375,-73.9926,16,0,0,0
40.723,-73.9981,7,0,0,0
40.741,-74.0034,8,0,0,0
40.7211,-73.988,20,0,0,0
40.7278,-73.9801,8,0,0,0
40.7764,-73.9528,23,0,0,0
40.7278,-73.9821,1,1,0,0
40.77,-73.8646,19,1,0,0
40.7279,-73.9841,14,0,0,0
40.72,-73.9942,22,1,0,0
40.7591,-73.9884,20,0,0,0
40.7303,-74.0027,20,0,0,0
40.8432,-73.9111,21,1,0,0
40.7748,-73.991,8,0,0,0
40.7483,-74.0054,6,0,0,0
40.7582,-73.982,1,1,0,0
40.7887,-73.978,16,0,0,0
40.7178,-73.9853,12,0,0,0
40.7779,-73.7029,9,0,0,0
40.7532,-73.9798,14,0,0,0
40.7307,-73.9889,10,1,0,0
40.7513,-73.97,20,0,0,0
40.7049,-73.9174,7,1,0,0
40.7704,-73.9932,10,0,0,0
40.7163,-74.0126,6,0,0,0
40.727,-73.9983,17,0,0,0
40.6818,-73.9669,22,1,0,0
40.7314,-74.0079,20,0,0,0
40.7617,-73.9604,22,0,0,0
40.6514,-73.9574,16,1,0,0
40.718,-74.0148,10,1,0,0
40.7679,-73.9964,14,0,0,0
40.7708,-73.9631,8,0,0,0
40.7593,-73.996,19,0,0,0
41.0507,-73.8577,21,1,-1,-1
40.7365,-73.8678,16,1,0,0
40.7998,-74.3575,22,0,-1,-1
40.7483,-73.9906,7,0,0,0
40.7539,-73.9713,20,0,0,0
40.7535,-73.979,17,0,0,0
40.7746,-73.9574,21,1,0,0
40.7308,-73.993,17,0,0,0
40.7182,-73.9998,9,0,0,0
40.6856,-73.9876,0,0,0,0
40.7804,-73.9571,23,0,0,0
40.7111,-74.0178,17,0,0,0
40.7808,-73.9791,22,0,0,0
40.6417,-73.936,13,0,0,0
40.7523,-73.9794,22,0,0,0
40.6879,-74.1814,15,0,1,1
40.7285,-74.0049,1,1,0,0
40.7606,-73.9705,18,0,0,0
40.7362,-73.9977,6,0,0,0
40.6904,-74.1785,22,0,1,1
40.7575,-73.9786,15,0,0,0
40.6833,-73.9177,8,0,0,0
40.8556,-74.064,21,0,4,-1
40.7356,-74.0005,22,0,0,0
40.7799,-73.9575,7,0,0,0
40.7649,-73.9611,3,1,0,0
40.7476,-73.9829,18,0,0,0
40.7395,-74.008,22,0,0,0
40.8512,-73.8884,7,1,0,0
40.6857,-73.9082,5,0,0,0
40.646,-73.7768,22,1,0,0
40.7036,-73.897,5,0,0,0
40.5781,-73.9594,13,0,0,0
40.7247,-73.9898,13,1,0,0
40.7242,-73.9936,21,1,0,0
40.7376,-73.9975,18,1,0,0
40.7687,-73.8629,17,1,0,0
40.7711,-73.9813,20,0,0,0
40.7546,-73.9878,16,0,0,0
40.742,-74.0036,9,0,0,0
40.7551,-73.9841,15,0,0,0
40.7539,-73.9923,13,1,0,0
40.6602,-73.8021,21,0,0,0
40.7413,-73.9896,21,0,0,0
40.7834,-73.9472,5,0,0,0
40.6708,-73.9598,2,0,0,0
40.7347,-73.9955,13,0,0,0
40.6421,-73.7884,13,1,0,0
40.7595,-73.9797,21,0,0,0
40.6919,-74.1769,19,1,1,1
40.7357,-74.0019,7,0,0,0
40.699,-73.9302,4,0,0,0
40.7538,-73.996,12,0,0,0
40.7171,-73.9986,15,1,0,0
40.7486,-73.9744,15,0,0,0
40.7017,-74.0093,16,0,0,0
40.7527,-73.9684,19,0,0,0
40.7897,-73.9757,7,0,0,0
40.7568,-73.9888,20,0,0,0
40.7231,-73.9826,6,0,0,0
40.7327,-73.9586,0,1,0,0
40.802,-73.9673,19,0,0,0
40.7684,-73.8624,10,0,0,0
40.7571,-73.8439,21,0,0,0
40.7332,-73.9966,13,1,0,0
40.8855,-73.911,11,0,0,0
40.7484,-74.0015,11,0,0,0
40.7402,-73.9992,14,0,0,0
40.8022,-73.9502,13,0,0,0
40.7735,-73.9554,22,1,0,0
40.7633,-73.9747,14,0,0,0
40.7638,-73.9762,14,0,0,0
40.7192,-73.9944,19,0,0,0
40.7401,-73.9908,17,0,0,0
40.6601,-73.8918,16,0,0,0
40.7947,-73.9633,17,0,0,0
40.7484,-73.9846,14,0,0,0
40.7445,-73.9831,15,0,0,0
40.719,-73.9891,9,0,0,0
40.7682,-73.9758,15,0,0,0
40.6734,-73.9793,20,1,0,0
40.6931,-73.9986,13,0,0,0
40.7517,-73.9938,17,1,0,0
40.7578,-73.9755,20,0,0,0
40.8196,-73.9539,2,1,0,0
40.7502,-73.9795,18,0,0,0
40.7464,-73.9955,14,0,0,0
40.7485,-73.9844,18,0,0,0
41.0168,-73.7181,5,0,3,-1
40.7365,-74.0014,13,1,0,0
40.7689,-73.9249,14,0,0,0
40.7198,-73.9831,8,0,0,0
40.7272,-73.9897,10,0,0,0
40.7855,-73.9803,6,1,0,0
40.7598,-73.9726,20,0,0,0
40.7589,-73.9917,8,0,0,0
40.7256,-74.0054,17,0,0,0
40.7179,-73.9622,0,1,0,0
40.7381,-73.9987,21,0,0,0
40.7482,-74.0055,17,0,0,0
40.7593,-73.9723,19,1,0,0
40.7619,-73.9749,18,0,0,0
40.7338,-73.991,22,0,0,0
40.7384,-74.0057,23,0,0,0
40.7505,-73.9915,17,0,0,0
40.7559,-73.9725,19,0,0,0
40.7762,-73.9478,17,0,0,0
40.7197,-74.0049,16,0,0,0
40.7498,-73.9931,16,0,0,0
40.7144,-73.9463,6,0,0,0
40.7229,-73.9958,4,0,0,0
40.7777,-73.9796,11,0,0,0
40.7155,-73.9915,22,1,0,0
40.7614,-73.9744,19,0,0,0
40.7793,-73.9506,19,0,0,0
40.7717,-73.9532,20,0,0,0
40.7496,-73.9952,15,0,0,0
40.7274,-73.9905,12,1,0,0
40.728,-73.9952,22,0,0,0
40.6898,-73.98,9,1,0,0
40.7682,-73.9893,16,0,0,0
40.7406,-73.9914,20,0,0,0
40.6859,-73.9986,20,0,0,0
40.7548,-73.9715,17,0,0,0
40.7816,-73.9526,7,0,0,0
40.6964,-73.9008,5,0,0,0
40.738,-74.0069,4,0,0,0
40.7189,-73.9892,20,0,0,0
40.7375,-73.982,15,0,0,0
40.659,-73.9922,20,0,0,0
40.6848,-73.9304,21,0,0,0
40.7567,-73.9787,12,0,0,0
40.7234,-74.0039,16,0,0,0
40.7273,-74.0063,9,0,0,0
40.7744,-73.9822,14,0,0,0
40.7415,-73.9833,3,0,0,0
40.6862,-73.9756,20,0,0,0
40.729,-74.0092,0,1,0,0
40.6964,-73.9944,19,0,0,0
40.7647,-73.9725,16,1,0,0
40.6878,-74.182,7,0,1,1
40.7471,-73.8525,15,0,0,0
40.6672,-73.8852,18,0,0,0
40.6728,-73.9779,10,1,0,0
40.7435,-73.9935,19,0,0,0
40.6448,-73.7819,21,0,0,0
40.7279,-74.0057,21,1,0,0
40.7433,-73.9973,9,0,0,0
40.762,-73.9704,15,0,0,0
40.7227,-73.9941,23,0,0,0
40.7532,-73.9809,20,0,0,0
40.7155,-74.0076,18,1,0,0
40.7672,-73.9527,18,0,0,0
40.7179,-74.0081,19,1,0,0
40.7742,-73.9791,16,0,0,0
40.7468,-73.9903,9,0,0,0
40.7278,-73.9874,23,1,0,0
40.8139,-73.9464,6,0,0,0
40.7567,-73.9924,23,0,0,0
40.757,-73.9755,14,0,0,0
40.7201,-73.999,18,0,0,0
40.7478,-73.9893,15,0,0,0
40.6729,-73.9931,17,0,0,0
40.7335,-73.9761,10,0,0,0
40.7451,-73.9999,8,0,0,0
40.7238,-73.9881,13,0,0,0
40.7611,-73.9716,3,0,0,0
40.728,-74.0,21,0,0,0
40.702,-73.9775,23,0,0,0
40.7653,-73.9835,20,0,0,0
40.7629,-73.9577,0,1,0,0
40.7144,-73.961,1,0,0,0
40.6878,-74.1822,11,0,1,1
40.7182,-73.7798,11,1,0,0
40.7346,-74.0098,20,0,0,0
40.7323,-73.9948,21,0,0,0
40.728,-73.991,23,0,0,0
40.7089,-73.9561,6,0,0,0
40.7214,-74.0332,10,1,0,0
40.6913,-73.9664,7,0,0,0
40.8422,-73.8337,14,0,0,0
40.7465,-73.9939,15,0,0,0
40.7745,-73.9634,22,0,0,0
40.7148,-73.8788,3,0,0,0
40.6912,-74.1773,14,0,1,1
40.7418,-73.9978,16,1,0,0
40.6688,-73.9767,13,0,0,0
40.7376,-73.9852,12,0,0,0
40.7481,-73.9914,20,0,0,0
40.7563,-73.9705,14,0,0,0
40.8226,-73.9477,22,1,0,0
40.7593,-73.9807,17,1,0,0
40.7196,-73.9965,19,0,0,0
40.7429,-73.9965,13,1,0,0
40.7562,-73.9822,7,0,0,0
40.7048,-74.0137,17,0,0,0
40.7335,-73.9931,19,0,0,0
40.7736,-73.8718,20,1,0,0
40.7501,-73.9754,11,0,0,0
40.7711,-73.9109,9,1,0,0
40.7642,-73.981,12,0,0,0
40.7449,-73.9871,11,0,0,0
40.7571,-73.9668,21,0,0,0
40.7434,-73.973,8,0,0,0
40.7567,-73.9702,16,0,0,0
40.7263,-74.009,18,0,0,0
40.7602,-73.9733,18,1,0,0
40.8651,-73.9036,17,0,0,0
40.7696,-73.9691,9,0,0,0
40.901,-73.8178,16,0,0,-1
40.7803,-73.9594,10,1,0,0
40.6656,-73.977,4,0,0,0
40.6912,-73.9518,5,0,0,0
40.7455,-73.9817,18,0,0,0
40.7325,-74.0018,21,0,0,0
40.7172,-74.0047,8,1,0,0
40.7511,-73.9804,15,0,0,0
40.7629,-73.9973,23,0,0,0
40.6418,-73.7891,15,0,0,0
40.7496,-73.9922,18,0,0,0
40.694,-73.913,15,1,0,0
40.7338,-73.9865,18,0,0,0
40.7195,-73.9996,6,0,0,0
40.754,-73.9809,19,0,0,0
40.732,-73.9965,18,0,0,0
40.7782,-73.9851,8,0,0,0
40.764,-73.9707,14,0,0,0
40.7174,-74.009,22,0,0,0
40.7281,-73.9994,23,0,0,0
40.7557,-73.9919,19,0,0,0
40.7501,-73.9948,20,0,0,0
40.7536,-73.9034,13,0,0,0
40.7264,-74.0038,22,1,0,0
40.7348,-74.0443,6,0,0,0
40.711,-73.9684,20,1,0,0
40.7375,-73.9811,19,0,0,0
40.7397,-74.0066,8,0,0,0
40.7357,-74.0068,21,1,0,0
40.7095,-74.0155,3,0,0,0
40.7136,-74.0117,18,0,0,0
40.7682,-73.8621,9,0,0,0
40.6362,-73.9644,15,1,0,0
40.7279,-73.9934,23,0,0,0
40.7405,-74.0064,0,0,0,0
40.9118,-73.9027,8,0,0,0
40.7455,-74.0371,0,1,0,0
40.7643,-73.9705,23,0,0,0
40.7448,-73.9853,9,0,0,0
40.7346,-74.0094,6,0,0,0
40.7667,-73.9966,22,0,0,0
40.695,-74.1779,21,0,1,1
40.7511,-73.9849,10,0,0,0
40.7778,-73.9553,10,0,0,0
40.7702,-73.8644,17,1,0,0
40.7468,-73.9903,21,0,0,0
40.7311,-73.9818,16,1,0,0
40.7753,-73.9586,6,0,0,0
40.6421,-73.7877,17,0,0,0
40.7208,-74.0009,3,1,0,0
40.7141,-74.0002,19,0,0,0
40.7213,-74.0099,17,0,0,0
40.7583,-73.9727,11,0,0,0
40.7388,-73.9899,16,0,0,0
40.7695,-73.9857,22,0,0,0
40.7368,-73.9931,14,0,0,0
40.7331,-74.0101,16,0,0,0
40.7194,-73.9861,1,1,0,0
40.7524,-73.9842,15,0,0,0
40.7916,-73.9721,13,0,0,0
40.7331,-74.0065,2,0,0,0
40.7203,-74.0101,16,0,0,0
40.7693,-73.9812,10,0,0,0
40.7683,-73.9846,19,0,0,0
40.6686,-73.9901,9,1,0,0
40.7399,-74.0054,23,0,0,0
40.822,-73.9556,9,0,0,0
40.7439,-74.0064,18,1,0,0
40.7202,-74.012,0,0,0,0
40.7566,-73.983,18,0,0,0
40.7462,-74.005,0,1,0,0
40.7562,-73.9749,18,0,0,0
40.728,-73.9991,23,0,0,0
40.7407,-74.0052,23,0,0,0
40.642,-74.325,18,0,-1,-1
40.7326,-73.9816,8,0,0,0
40.764,-73.9866,7,0,0,0
40.7564,-73.9881,14,0,0,0
40.7435,-73.9943,17,0,0,0
40.7454,-74.0046,15,1,0,0
40.7528,-73.9856,16,1,0,0
40.7671,-73.9897,21,0,0,0
40.7158,-73.9603,9,0,0,0
40.7328,-73.9778,12,0,0,0
40.7416,-74.0011,6,0,0,0
40.7569,-73.9812,14,0,0,0
40.777,-73.98,9,0,0,0
40.7499,-73.9873,10,1,0,0
40.7588,-73.9849,17,0,0,0
40.6485,-73.7826,7,0,0,0
40.7542,-73.9783,16,0,0,0
40.7512,-73.9715,21,0,0,0
40.7398,-74.0069,21,1,0,0
40.7438,-74.0063,8,0,0,0
40.7319,-73.9966,14,0,0,0
40.645,-73.782,23,0,0,0
40.7335,-73.9993,22,1,0,0
40.759,-73.9763,9,0,0,0
40.7514,-73.9937,8,0,0,0
40.7511,-73.9941,16,0,0,0
40.7448,-73.9817,23,0,0,0
40.7433,-73.98,18,0,0,0
40.7294,-73.98,20,0,0,0
40.6818,-74.0045,18,1,0,0
40.7969,-73.9738,13,0,0,0
40.7333,-73.9799,17,0,0,0
40.7255,-73.9388,22,1,0,0
40.7393,-74.0027,22,0,0,0
40.7337,-73.9564,8,0,0,0
40.7643,-73.9871,0,0,0,0
40.7268,-73.9853,12,1,0,0
40.773,-73.9497,14,1,0,0
40.7634,-73.9984,13,0,0,0
40.7236,-74.0109,18,1,0,0
40.7432,-73.9844,16,0,0,0
40.6866,-73.9961,18,0,0,0
40.7839,-73.9465,23,0,0,0
40.7775,-73.9768,7,0,0,0
40.7076,-74.0101,11,1,0,0
40.7411,-73.9942,17,0,0,0
40.7411,-74.0019,15,0,0,0
40.79,-73.9742,8,0,0,0
40.7627,-74.0013,14,0,0,0
40.7468,-74.0077,13,0,0,0
40.7459,-73.9883,21,0,0,0
40.721,-73.9938,22,0,0,0
40.7548,-73.9634,17,0,0,0
40.7303,-73.9902,17,0,0,0
40.8314,-73.9263,20,0,0,0
40.6794,-73.9926,17,0,0,0
40.7101,-74.0155,5,0,0,0
40.7592,-73.9925,12,0,0,0
40.7746,-73.9655,18,1,0,0
40.7705,-73.9116,8,0,0,0
40.6778,-73.9657,23,0,0,0
40.7265,-73.9922,20,0,0,0
40.7547,-73.9634,15,0,0,0
40.6456,-73.7767,4,0,0,0
40.7171,-73.9639,16,0,0,0
40.7492,-73.9407,8,0,0,0
40.7196,-74.0105,14,0,0,0
40.6852,-73.9773,14,1,0,0
40.827,-73.9502,22,1,0,0
40.7229,-74.0047,8,0,0,0
40.7074,-74.0072,5,0,0,0
40.7079,-73.9416,12,1,0,0
40.6879,-74.1813,17,0,1,1
40.7524,-73.9739,19,0,0,0
40.7143,-74.0152,15,0,0,0
40.7655,-73.9759,18,0,0,0
40.7516,-74.005,9,0,0,0
40.7642,-73.9544,9,0,0,0
40.7268,-73.9993,12,0,0,0
40.8243,-73.9397,21,0,0,0
40.7421,-73.9746,16,1,0,0
40.7148,-73.9489,8,0,0,0
40.6796,-74.0121,21,0,0,0
40.8908,-73.9062,18,0,0,0
40.7455,-73.9835,10,0,0,0
40.6704,-73.973,18,0,0,0
40.6949,-74.178,17,1,1,1
40.7182,-73.992,6,0,0,0
40.7413,-73.9869,18,0,0,0
40.7268,-73.9944,21,0,0,0
40.7466,-73.9956,12,0,0,0
40.6877,-73.9704,15,0,0,0
40.7787,-73.9477,5,0,0,0
40.7368,-74.0082,18,0,0,0
40.7343,-73.9936,19,1,0,0
40.836,-73.8843,18,1,0,0
40.716,-73.9575,19,0,0,0
40.7163,-73.9521,8,0,0,0
40.7048,-73.9445,22,0,0,0
40.7184,-74.0027,5,0,0,0
40.736,-73.9871,18,0,0,0
40.7146,-73.9556,18,0,0,0
40.7552,-73.975,17,0,0,0
40.7171,-74.009,19,0,0,0
40.7522,-73.9775,22,0,0,0
40.7488,-73.9924,22,0,0,0
40.7579,-73.9734,14,0,0,0
40.7726,-73.9821,11,0,0,0
40.7146,-73.9569,17,0,0,0
40.686,-73.9821,8,1,0,0
40.6648,-73.9934,21,0,0,0
40.7668,-73.9792,9,1,0,0
40.6482,-73.7823,16,1,0,0
40.7309,-73.9909,21,0,0,0
40.706,-73.9335,2,1,0,0
40.6448,-73.7818,19,0,0,0
40.7625,-73.9659,17,0,0,0
40.6468,-73.7897,0,0,0,0
40.7442,-73.9919,18,0,0,0
40.765,-73.9794,21,0,0,0
40.802,-73.9674,6,0,0,0
40.7645,-73.9801,19,0,0,0
40.7984,-73.961,22,1,0,0
40.7567,-73.9747,20,0,0,0
40.7469,-73.979,18,0,0,0
40.6908,-73.9594,12,1,0,0
40.7687,-73.9815,22,0,0,0
40.7638,-73.9738,13,1,0,0
40.7424,-73.9942,7,0,0,0
40.7557,-73.9977,11,0,0,0
40.7414,-73.9832,13,1,0,0
40.7157,-74.0143,18,0,0,0
40.7574,-73.9749,22,1,0,0
40.7585,-73.9673,15,0,0,0
40.7174,-74.0015,22,0,0,0
40.7442,-74.0066,13,1,0,0
40.7407,-73.9869,4,0,0,0
40.7754,-73.9628,14,0,0,0
40.6114,-73.998,5,0,0,0
40.7057,-74.0133,15,0,0,0
40.7529,-73.9956,17,0,0,0
40.7502,-74.0024,2,0,0,0
40.7076,-74.0047,15,0,0,0
40.7685,-73.929,6,0,0,0
40.7337,-74.0028,23,0,0,0
40.7201,-73.9882,20,0,0,0
40.7463,-74.0008,0,1,0,0
40.76,-73.9903,8,0,0,0
40.7389,-73.9945,8,0,0,0
40.7651,-73.9753,10,0,0,0
40.8729,-73.9045,6,0,0,0
40.7166,-73.9457,17,0,0,0
40.7685,-73.8625,11,1,0,0
40.7982,-73.9734,8,0,0,0
40.7826,-73.9773,6,1,0,0
40.7504,-73.9947,12,0,0,0
40.782,-73.9792,23,0,0,0
40.7656,-73.982,20,0,0,0
40.7718,-73.9674,8,0,0,0
40.721,-73.9543,7,0,0,0
40.7676,-73.9899,19,1,0,0
40.7506,-73.9792,14,0,0,0
40.6932,-73.9423,18,0,0,0
40.7812,-73.9522,22,0,0,0
40.7561,-73.9714,6,0,0,0
40.7342,-74.0031,14,1,0,0
40.7637,-73.9671,9,0,0,0
40.6971,-73.9067,13,0,0,0
40.7407,-73.986,18,0,0,0
40.7467,-73.9796,7,0,0,0
40.7849,-73.9558,21,0,0,0
40.7377,-74.1741,17,0,1,1
40.7647,-73.9705,17,1,0,0
40.7528,-73.966,22,0,0,0
40.6652,-73.9887,4,1,0,0
40.7442,-73.9836,18,1,0,0
40.7676,-73.9087,9,0,0,0
40.7633,-73.9923,11,0,0,0
40.7638,-73.9781,14,0,0,0
40.7502,-73.9834,18,0,0,0
40.7731,-73.9782,16,1,0,0
40.7171,-73.9954,0,1,0,0
40.721,-73.9962,13,1,0,0
40.7282,-73.982,8,0,0,0
40.7091,-74.0053,3,1,0,0
40.7763,-73.9873,8,1,0,0
40.7525,-73.9932,18,0,0,0
40.7683,-73.9568,7,0,0,0
40.8568,-73.9172,9,0,0,0
40.7443,-73.9956,15,1,0,0
40.7595,-73.9164,6,0,0,0
40.6791,-73.9768,10,0,0,0
40.7619,-73.9726,19,0,0,0
40.7115,-73.9577,20,1,0,0
40.7584,-74.0,16,0,0,0
40.7399,-73.9795,15,0,0,0
40.6446,-73.7824,16,0,0,0
40.7061,-74.0078,15,0,0,0
40.7273,-73.9866,22,0,0,0
40.7188,-73.9895,1,1,0,0
40.743,-73.9793,20,1,0,0
40.7514,-73.974,12,1,0,0
40.7295,-73.9781,19,1,0,0
40.7724,-73.9652,15,0,0,0
40.6485,-73.7825,20,0,0,0
40.6837,-74.1936,6,1,1,1
40.722,-73.9997,0,0,0,0
40.7512,-73.9749,17,0,0,0
40.7059,-74.0147,19,0,0,0
40.7446,-73.9896,13,0,0,0
40.7562,-73.9639,13,0,0,0
40.7103,-74.0111,17,0,0,0
40.7169,-74.0025,11,0,0,0
40.7769,-73.9778,8,0,0,0
40.7257,-74.0053,17,0,0,0
40.7211,-74.0013,18,0,0,0
40.7466,-73.9857,12,0,0,0
40.7248,-73.9806,5,0,0,0
40.7741,-73.8723,13,0,0,0
40.7232,-73.9519,17,0,0,0
40.756,-73.9908,14,1,0,0
40.7346,-73.99,19,0,0,0
40.7201,-73.979,20,0,0,0
40.7419,-73.991,19,0,0,0
40.7356,-74.0028,20,0,0,0
40.7131,-73.993,19,0,0,0
40.8036,-73.9651,13,0,0,0
40.7435,-73.9728,21,1,0,0
40.805,-73.9629,11,0,0,0
40.7055,-74.0043,17,1,0,0
40.7252,-74.0355,20,0,0,0
40.745,-73.986,0,0,0,0
40.8412,-73.9426,16,0,0,0
40.7553,-73.9891,17,0,0,0
40.7783,-73.982,16,0,0,0
40.7568,-73.9901,21,0,0,0
40.7269,-73.9889,23,0,0,0
40.7691,-73.9827,15,0,0,0
40.7385,-73.9834,15,1,0,0
40.7302,-74.0067,18,0,0,0
40.7562,-73.9931,14,1,0,0
40.7235,-74.0108,10,1,0,0
40.7198,-74.0058,19,0,0,0
40.7737,-73.9798,5,0,0,0
40.7506,-74.0034,15,0,0,0
40.7653,-73.9756,10,0,0,0
40.7365,-74.0017,7,0,0,0
40.7802,-73.9829,10,1,0,0
40.7228,-73.9944,17,1,0,0
40.7661,-73.991,6,1,0,0
40.7559,-73.9767,23,0,0,0
40.7644,-73.9769,20,0,0,0
40.7495,-73.9967,8,0,0,0
40.747,-73.9854,17,0,0,0
40.7619,-73.9826,20,0,0,0
40.7754,-73.9002,23,0,0,0
40.7512,-74.0064,16,0,0,0
40.7682,-73.9823,13,1,0,0
40.7235,-73.9516,10,0,0,0
40.7684,-73.8624,0,1,0,0
40.6949,-74.1777,5,0,1,1
40.7688,-73.9826,16,1,0,0
40.7337,-73.869,18,1,0,0
40.778,-73.9888,17,0,0,0
40.6653,-73.9796,17,0,0,0
40.6733,-73.9766,11,0,0,0
40.7417,-73.9313,13,0,0,0
40.6469,-73.7891,20,0,0,0
40.7446,-73.9914,15,0,0,0
40.745,-73.9818,8,0,0,0
40.7708,-73.9478,6,0,0,0
40.7236,-73.9831,16,0,0,0
40.612,-74.0238,13,0,0,0
40.781,-73.957,12,0,0,0
40.6767,-73.9636,23,1,0,0
40.7921,-73.9737,12,1,0,0
40.742,-73.9935,18,0,0,0
40.645,-73.7819,10,1,0,0
40.7378,-73.9827,11,0,0,0
40.7358,-74.0059,19,1,0,0
40.6795,-73.9716,22,0,0,0
40.7201,-73.8446,22,0,0,0
40.7376,-73.9811,18,1,0,0
40.7306,-73.9954,14,0,0,0
40.7709,-73.9811,6,0,0,0
40.7384,-73.9998,13,1,0,0
40.7428,-73.9846,11,0,0,0
40.7375,-73.9971,0,0,0,0
40.7114,-74.0056,4,1,0,0
40.7485,-73.9924,1,0,0,0
40.769,-73.9812,8,0,0,0
40.77,-73.9573,11,0,0,0
40.7601,-73.9806,15,0,0,0
40.7286,-73.9526,23,0,0,0
40.7904,-73.9656,17,1,0,0
40.7399,-74.0055,0,0,0,0
40.7291,-73.9921,20,1,0,0
40.7192,-74.0,18,0,0,0
40.7496,-73.9901,21,0,0,0
40.7575,-73.9749,15,0,0,0
40.7434,-73.9744,19,0,0,0
40.7514,-74.0034,13,0,0,0
40.7439,-74.0064,7,0,0,0
40.6857,-74.0004,3,1,0,0
40.7422,-73.995,22,0,0,0
40.7608,-73.9786,22,0,0,0
40.7416,-73.9811,23,0,0,0
40.7405,-73.984,5,0,0,0
40.6933,-73.9715,7,0,0,0
40.6856,-73.9792,8,0,0,0
40.7294,-74.0035,19,1,0,0
40.661,-73.8982,23,0,0,0
40.7518,-74.0037,17,0,0,0
40.775,-73.9902,8,0,0,0
40.7626,-73.9771,14,0,0,0
40.762,-73.972,8,1,0,0
40.7631,-73.988,8,0,0,0
40.7346,-73.994,21,1,0,0
40.677,-73.9661,17,1,0,0
40.7559,-73.9724,19,0,0,0
40.7819,-73.9538,7,0,0,0
40.764,-73.9849,5,0,0,0
40.7219,-74.0057,9,0,0,0
40.6838,-73.9996,19,1,0,0
40.7551,-73.976,19,0,0,0
40.7292,-73.9891,5,0,0,0
40.6435,-73.7898,21,0,0,0
40.7885,-73.9764,8,0,0,0
40.7098,-74.0152,20,1,0,0
40.699,-73.9923,5,0,0,0
40.7579,-73.9889,8,0,0,0
40.7688,-73.8672,8,0,0,0
40.727,-73.9859,21,0,0,0
40.7219,-74.0001,11,0,0,0
40.7431,-74.0076,21,0,0,0
40.7278,-74.004,17,0,0,0
40.7456,-73.9933,10,0,0,0
40.7246,-73.9974,17,0,0,0
40.7597,-73.9724,21,0,0,0
40.7177,-74.0058,16,0,0,0
40.7053,-74.0074,22,0,0,0
40.7498,-73.9493,21,1,0,0
40.6826,-73.9491,23,0,0,0
40.7897,-73.9793,11,0,0,0
40.7633,-73.9982,2,1,0,0
40.7789,-73.9562,7,0,0,0
40.7846,-73.9468,18,0,0,0
40.755,-73.9684,19,0,0,0
40.7429,-73.9864,23,0,0,0
40.7546,-73.9843,15,0,0,0
40.7748,-73.9911,4,0,0,0
40.7343,-73.9886,12,0,0,0
40.7415,-73.985,20,0,0,0
40.7302,-73.9937,14,0,0,0
40.748,-74.0069,16,1,0,0
40.7492,-73.9911,20,1,0,0
40.72,-73.9998,13,0,0,0
40.758,-73.9765,19,0,0,0
40.7454,-73.9826,16,0,0,0
40.7619,-73.9853,18,1,0,0
40.7556,-73.9937,12,0,0,0
40.6748,-73.9766,17,0,0,0
40.7811,-73.9179,20,0,0,0
40.7609,-73.9733,16,0,0,0
40.7364,-74.002,14,0,0,0
40.7708,-73.8658,11,0,0,0
40.7679,-73.966,19,1,0,0
40.7665,-73.9782,15,0,0,0
40.7604,-73.9911,17,0,0,0
40.7707,-73.9505,6,0,0,0
40.7574,-73.986,14,0,0,0
40.759,-73.9811,15,0,0,0
40.72,-73.9879,8,0,0,0
40.7391,-73.9896,19,0,0,0
40.708,-74.0034,15,1,0,0
40.7422,-73.9891,13,0,0,0
40.7879,-73.9796,6,0,0,0
40.7612,-73.9756,11,1,0,0
40.7175,-74.0012,2,1,0,0
40.6902,-73.9942,18,0,0,0
40.7252,-73.9871,22,0,0,0
40.728,-73.944,18,0,0,0
40.7052,-74.0101,8,0,0,0
40.7578,-73.9892,17,0,0,0
40.748,-73.9951,15,0,0,0
40.7637,-73.959,21,0,0,0
40.75,-73.9947,18,1,0,0
40.755,-73.9707,21,0,0,0
40.7737,-73.9876,2,0,0,0
40.7271,-73.9981,6,0,0,0
40.7629,-73.9818,15,0,0,0
40.7125,-73.7848,20,1,0,0
40.686,-73.9772,4,0,0,0
40.7111,-73.9629,23,0,0,0
40.7339,-74.0006,15,0,0,0
40.774,-73.9821,11,0,0,0
40.7342,-73.9909,16,0,0,0
40.8033,-73.9646,17,1,0,0
40.7113,-74.0055,17,0,0,0
40.7239,-74.0042,21,1,0,0
40.7513,-74.0029,9,0,0,0
40.7445,-73.999,6,0,0,0
40.7231,-73.9987,15,1,0,0
40.753,-73.9778,13,0,0,0
40.8656,-73.9269,0,0,0,0
40.672,-73.7619,13,0,0,0
40.6897,-73.9702,20,0,0,0
40.8106,-73.9393,22,0,0,0
40.752,-73.8791,19,0,0,0
40.7681,-73.9818,19,0,0,0
40.7327,-74.0039,8,0,0,0
40.7384,-73.9874,15,0,0,0
40.6587,-73.9624,21,0,0,0
40.7593,-73.9726,14,0,0,0
40.7468,-73.5678,12,0,9,6
40.7572,-73.976,16,0,0,0
40.725,-73.9812,1,1,0,0
40.728,-73.9931,17,0,0,0
40.7593,-73.9939,15,0,0,0
40.7739,-73.8723,9,0,0,0
40.7347,-73.9924,23,0,0,0
40.755,-73.9879,11,0,0,0
40.7136,-74.012,16,0,0,0
40.7056,-74.0078,21,0,0,0
40.7471,-73.9934,18,1,0,0
40.7682,-73.9688,18,0,0,0
40.7485,-73.9961,10,0,0,0
40.7616,-73.971,16,0,0,0
40.7419,-74.0036,23,0,0,0
40.7675,-73.9667,13,0,0,0
40.7576,-73.9301,13,0,0,0
40.7255,-74.0002,13,0,0,0
40.7825,-73.9785,14,1,0,0
41.0053,-73.7495,19,1,3,-1
40.755,-74.0026,11,0,0,0
40.7702,-73.865,15,0,0,0
40.7509,-73.9864,22,0,0,0
40.7176,-74.0126,8,1,0,0
40.7065,-74.0091,13,1,0,0
40.7264,-73.9936,17,0,0,0
40.7649,-73.9705,15,0,0,0
40.7646,-73.9829,8,0,0,0
40.7207,-73.994,8,0,0,0
40.7038,-74.0098,14,0,0,0
40.7167,-74.0095,22,1,0,0
40.7313,-74.0037,16,1,0,0
40.761,-73.9849,15,0,0,0
40.7199,-74.0078,9,0,0,0
40.7164,-74.0122,7,0,0,0
40.752,-73.9899,21,0,0,0
40.769,-73.9879,7,0,0,0
40.7783,-73.9768,14,1,0,0
40.7738,-73.8719,9,0,0,0
40.6468,-73.7891,14,0,0,0
40.797,-73.9489,20,1,0,0
40.7917,-73.9785,21,0,0,0
40.7241,-73.9757,21,0,0,0
40.7481,-74.004,23,0,0,0
40.6858,-73.9884,0,0,0,0
40.7755,-73.9456,6,0,0,0
40.7494,-73.9916,21,0,0,0
40.7091,-74.0053,20,0,0,0
40.7139,-74.0106,18,0,0,0
40.7725,-73.9532,6,0,0,0
40.688,-74.1829,8,0,1,1
40.6948,-74.1778,22,1,1,1
40.7293,-73.9819,15,0,0,0
40.7621,-73.9725,17,0,0,0
40.7569,-73.982,15,0,0,0
40.7234,-74.0095,12,0,0,0
40.8039,-73.9562,21,0,0,0
40.7669,-73.9517,14,0,0,0
40.7292,-73.9872,21,0,0,0
40.6698,-73.9527,4,0,0,0
40.7184,-73.9593,11,1,0,0
40.7123,-73.9559,16,0,0,0
40.7348,-73.9929,20,0,0,0
40.7087,-73.937,17,1,0,0
40.6721,-73.9575,19,0,0,0
40.7204,-73.9872,19,0,0,0
40.7486,-73.9925,11,0,0,0
40.7402,-73.9948,13,0,0,0
40.7263,-74.006,21,0,0,0
40.6448,-73.7824,6,0,0,0
40.7248,-74.0083,13,0,0,0
40.6775,-73.9552,0,1,0,0
40.7589,-73.9724,21,0,0,0
40.7257,-74.0076,16,0,0,0
40.7309,-73.9856,21,0,0,0
40.7106,-73.9662,7,0,0,0
40.6882,-73.9589,4,0,0,0
40.7271,-74.0019,22,0,0,0
40.7532,-73.9745,18,0,0,0
40.7415,-73.9847,23,0,0,0
40.7352,-73.9917,8,1,0,0
40.7415,-74.0071,1,1,0,0
40.7716,-73.9484,9,0,0,0
40.7705,-73.964,14,0,0,0
40.7392,-74.0013,20,0,0,0
40.771,-73.8662,18,0,0,0
40.735,-74.007,18,0,0,0
40.7337,-73.9881,0,1,0,0
40.7556,-73.9796,17,0,0,0
40.716,-74.012,20,0,0,0
40.7325,-73.9971,9,0,0,0
40.7104,-73.958,9,0,0,0
40.7616,-73.9622,7,1,0,0
40.7599,-73.9804,16,0,0,0
40.7145,-74.0083,19,1,0,0
40.7347,-74.1651,18,0,1,1
40.7533,-73.9748,20,0,0,0
40.7556,-73.9738,14,0,0,0
40.7167,-74.0055,21,0,0,0
40.7319,-74.0052,13,1,0,0
40.7479,-74.0063,7,0,0,0
40.7428,-74.004,2,1,0,0
40.7457,-74.0084,18,0,0,0
40.7526,-73.9743,18,1,0,0
40.7602,-73.9831,1,1,0,0
40.7808,-73.9831,5,0,0,0
40.7635,-73.9807,16,1,0,0
40.683,-74.0008,20,0,0,0
40.7348,-73.9865,22,0,0,0
40.7419,-73.9905,16,1,0,0
40.7308,-73.9829,21,0,0,0
40.6854,-73.9251,12,0,0,0
40.7301,-73.9943,13,0,0,0
40.7638,-73.9647,17,0,0,0
40.7218,-73.958,18,0,0,0
40.7831,-73.948,22,0,0,0
40.7383,-73.9878,18,0,0,0
40.7587,-73.9752,18,1,0,0
40.7334,-74.0046,17,0,0,0
40.7877,-73.9811,7,0,0,0
40.7732,-73.9607,20,1,0,0
40.6715,-73.9576,23,0,0,0
40.7682,-73.8621,22,1,0,0
40.7605,-73.9858,13,0,0,0
40.7412,-74.0001,19,0,0,0
40.7325,-73.9854,17,0,0,0
40.7233,-74.0062,9,1,0,0
40.7803,-73.9756,22,0,0,0
40.7409,-73.9882,20,0,0,0
40.7107,-74.0059,18,0,0,0
40.7355,-73.99,15,0,0,0
40.893,-73.8996,14,0,0,0
40.7359,-73.9979,17,0,0,0
40.7042,-74.0066,9,0,0,0
40.7327,-73.996,15,0,0,0
40.6833,-73.9955,13,1,0,0
40.7328,-73.9774,9,0,0,0
40.7902,-73.952,10,0,0,0
40.7258,-74.0056,8,0,0,0
40.6694,-73.9373,16,0,0,0
40.765,-73.9833,18,0,0,0
40.7228,-73.9778,9,1,0,0
40.7201,-73.9888,6,0,0,0
40.7491,-73.9836,2,1,0,0
40.7108,-74.0074,15,1,0,0
40.6466,-73.7897,14,0,0,0
40.7588,-73.9686,17,0,0,0
40.7618,-73.9928,4,1,0,0
40.7208,-74.01,13,0,0,0
40.7635,-73.9692,11,0,0,0
40.7072,-74.0045,16,0,0,0
40.727,-73.9916,19,1,0,0
40.7266,-74.0349,13,0,0,0
40.7394,-74.0075,14,0,0,0
40.7685,-73.8625,22,0,0,0
40.6686,-73.8011,12,0,0,0
40.7243,-73.9977,14,0,0,0
40.7468,-74.0083,23,1,0,0
40.7364,-74.0031,13,0,0,0
40.773,-73.9495,21,0,0,0
40.708,-74.0086,17,0,0,0
40.756,-73.9771,21,0,0,0
40.7348,-73.9969,18,0,0,0
40.7492,-73.9783,21,1,0,0
40.747,-73.9869,5,0,0,0
40.7246,-73.9916,22,0,0,0
40.7617,-73.9686,8,0,0,0
40.7438,-74.0083,23,1,0,0
40.8508,-73.9279,18,1,0,0
40.7342,-73.9851,7,0,0,0
40.7607,-73.9785,1,1,0,0
40.7762,-73.976,16,0,0,0
40.7465,-73.9937,17,0,0,0
40.8734,-73.9064,6,0,0,0
40.7189,-74.0115,15,1,0,0
40.7824,-73.9809,8,0,0,0
40.7617,-73.9637,13,1,0,0
40.6992,-73.9149,14,0,0,0
40.782,-73.9593,9,0,0,0
40.7475,-73.8535,16,1,0,0
40.764,-73.9732,11,0,0,0
40.6719,-74.0034,11,1,0,0
40.742,-73.9967,3,0,0,0
40.7298,-73.9788,18,1,0,0
40.7445,-73.9749,11,0,0,0
40.7297,-73.9914,16,1,0,0
40.7153,-74.0139,11,0,0,0
40.7529,-73.9812,14,0,0,0
40.7608,-73.9756,23,0,0,0
40.7204,-74.002,9,1,0,0
40.7274,-73.992,15,0,0,0
40.7198,-74.0026,12,1,0,0
40.7618,-73.9742,8,0,0,0
40.7251,-74.003,21,0,0,0
40.772,-73.9597,5,0,0,0
40.7601,-73.9599,8,0,0,0
40.7707,-73.9485,11,1,0,0
40.7199,-73.9991,15,1,0,0
40.8513,-73.8447,3,0,0,0
40.7475,-73.9896,19,1,0,0
40.7571,-73.9748,8,0,0,0
40.788,-73.9778,9,0,0,0
40.7308,-74.0017,22,0,0,0
40.7575,-73.9811,16,0,0,0
40.7229,-73.9853,21,0,0,0
40.7606,-73.9859,18,0,0,0
40.7192,-73.9967,17,0,0,0
40.6638,-73.9786,7,0,0,0
40.7213,-73.9968,18,1,0,0
40.7596,-73.9659,21,0,0,0
40.7109,-74.0061,5,0,0,0
40.7721,-73.9582,17,0,0,0
40.7467,-73.9814,15,0,0,0
40.7516,-73.9764,19,0,0,0
40.7498,-73.9836,16,0,0,0
40.6417,-73.7884,14,0,0,0
40.7268,-74.0036,17,1,0,0
40.7139,-73.9576,23,1,0,0
40.7491,-73.992,17,0,0,0
40.6878,-74.1816,22,0,1,1
40.755,-73.9667,17,0,0,0
40.7707,-73.8657,16,0,0,0
40.7211,-73.9936,1,0,0,0
40.8791,-73.8416,10,1,0,0
40.7522,-73.8541,1,1,0,0
40.7192,-74.0413,23,0,0,0
40.7583,-73.982,15,0,0,0
40.7911,-73.9653,5,1,0,0
40.7627,-73.9784,17,0,0,0
40.7712,-73.9566,11,0,0,0
40.6899,-74.1782,20,0,1,1
40.7162,-74.0106,9,0,0,0
40.6947,-74.1776,16,0,1,1
40.7217,-74.0044,6,0,0,0
40.6948,-74.1777,0,0,1,1
40.7592,-73.9793,0,0,0,0
40.774,-73.8725,11,0,0,0
40.7309,-73.9932,18,0,0,0
40.7771,-73.9463,8,0,0,0
40.7515,-73.9744,14,0,0,0
40.7561,-74.0019,16,0,0,0
40.7435,-73.9729,12,1,0,0
40.7631,-73.9738,19,0,0,0
40.774,-73.8727,9,0,0,0
40.7711,-73.9824,22,0,0,0
40.7248,-73.9941,23,1,0,0
40.7263,-74.0042,0,0,0,0
40.7862,-73.9507,18,0,0,0
40.7724,-73.9773,21,0,0,0
40.7605,-73.961,16,1,0,0
40.7736,-73.871,23,0,0,0
40.7216,-74.01,9,0,0,0
40.6853,-73.9201,15,1,0,0
40.7425,-73.9918,16,0,0,0
40.7704,-73.9852,8,0,0,0
41.0214,-74.0409,16,0,-1,-1
40.6804,-73.9762,18,0,0,0
40.7504,-73.9826,19,0,0,0
40.7686,-73.8625,12,0,0,0
40.7435,-73.9925,13,1,0,0
40.7025,-73.9867,23,1,0,0
40.7433,-74.0073,13,1,0,0
40.7361,-73.998,8,0,0,0
40.7092,-74.0163,6,0,0,0
40.7685,-73.8625,10,0,0,0
40.7264,-73.9919,1,1,0,0
40.7217,-73.9832,0,0,0,0
40.7208,-73.9871,22,1,0,0
40.6815,-73.7656,23,1,0,0
40.7684,-73.9602,8,0,0,0
40.7553,-73.9757,19,0,0,0
40.7157,-73.9404,10,1,0,0
40.7386,-73.9976,18,0,0,0
40.7474,-73.9937,18,0,0,0
40.7725,-73.9552,15,0,0,0
40.7345,-73.9923,21,0,0,0
40.7706,-73.8656,17,0,0,0
40.7697,-73.9605,8,1,0,0
40.7862,-73.953,22,0,0,0
40.7279,-73.9842,19,0,0,0
40.7127,-73.9482,20,0,0,0
40.7488,-74.0422,5,0,0,0
40.755,-73.9832,13,0,0,0
40.7266,-73.9957,15,0,0,0
40.7752,-73.9636,0,1,0,0
40.6962,-73.9846,13,0,0,0
40.7654,-73.9798,15,0,0,0
40.7643,-73.9685,15,1,0,0
40.7298,-74.0101,21,0,0,0
40.7322,-73.9804,16,1,0,0
40.7576,-73.9896,22,1,0,0
40.7424,-73.9894,22,1,0,0
40.7654,-73.9723,18,0,0,0
40.8143,-73.9406,20,1,0,0
40.7327,-73.9959,10,1,0,0
40.7949,-73.734,20,0,0,-1
40.6453,-74.0029,11,0,0,0
40.7192,-73.9408,23,1,0,0
40.7652,-73.9693,15,0,0,0
40.7089,-73.9658,12,0,0,0
40.6484,-73.7829,18,0,0,0
40.7691,-73.9607,7,0,0,0
40.73,-74.0005,19,0,0,0
40.7256,-73.9934,15,0,0,0
40.677,-73.9516,12,1,0,0
40.7299,-73.9927,14,0,0,0
40.7573,-74.0009,16,0,0,0
40.7512,-73.9853,16,0,0,0
40.7557,-73.9909,18,0,0,0
40.7708,-73.867,5,0,0,0
40.719,-73.9832,19,0,0,0
40.7505,-73.9737,4,0,0,0
40.7415,-73.9551,19,0,0,0
40.7558,-73.9754,15,0,0,0
40.7164,-73.9615,23,1,0,0
40.792,-73.9737,12,0,0,0
40.7531,-73.9839,17,0,0,0
40.7603,-73.9876,2,1,0,0
40.8814,-73.9221,13,0,0,0
40.7382,-74.0056,11,0,0,0
40.7343,-73.9914,16,0,0,0
40.7356,-74.0005,14,0,0,0
40.7645,-73.9781,23,1,0,0
40.764,-73.9774,12,0,0,0
40.7451,-73.9888,7,0,0,0
40.741,-74.0077,22,0,0,0
40.7676,-73.9927,14,0,0,0
40.6948,-74.1777,16,0,1,1
40.7377,-73.996,14,1,0,0
40.7229,-73.9931,8,0,0,0
40.7575,-73.9717,20,0,0,0
40.7705,-73.8652,18,0,0,0
40.645,-73.7819,16,0,0,0
40.7435,-73.9863,21,0,0,0
40.7049,-74.012,14,1,0,0
40.742,-74.0057,13,0,0,0
40.734,-73.993,20,1,0,0
40.6462,-73.7805,16,0,0,0
40.7268,-73.9964,11,0,0,0
40.7726,-73.9634,10,0,0,0
40.7376,-74.0092,21,1,0,0
40.8389,-73.9413,14,0,0,0
40.7722,-73.9504,12,0,0,0
40.7066,-74.0167,18,0,0,0
40.727,-73.9798,5,0,0,0
40.677,-73.9757,7,0,0,0
40.7741,-73.8727,19,0,0,0
40.7342,-74.0082,10,0,0,0
40.7713,-73.99,10,0,0,0
40.774,-73.8724,7,1,0,0
40.7871,-73.9791,12,0,0,0
40.7137,-73.9949,1,0,0,0
40.7306,-74.0099,21,0,0,0
40.7279,-73.9573,21,1,0,0
40.5954,-73.9686,7,0,0,0
40.7401,-73.9911,16,0,0,0
40.74,-73.9918,21,0,0,0
40.7417,-73.9832,0,1,0,0
40.7401,-73.9859,12,0,0,0
40.7516,-73.9765,5,0,0,0
40.7136,-74.0088,16,0,0,0
40.7297,-74.0059,17,0,0,0
40.7007,-73.989,14,1,0,0
40.7556,-73.9761,20,0,0,0
40.7584,-73.9709,19,0,0,0
40.7519,-73.9849,17,0,0,0
40.7426,-73.9918,18,0,0,0
40.7741,-73.8716,9,0,0,0
40.7428,-73.9801,22,0,0,0
40.7473,-73.9809,1,0,0,0
40.742,-74.0046,20,0,0,0
40.805,-73.9528,19,0,0,0
40.745,-73.926,14,1,0,0
40.7278,-73.9577,6,0,0,0
40.7744,-73.982,9,0,0,0
40.7559,-73.9718,14,0,0,0
40.6676,-73.7959,8,0,0,0
40.7489,-73.9878,22,0,0,0
40.7415,-73.9914,17,0,0,0
40.7555,-73.9771,17,0,0,0
40.7224,-73.9832,3,0,0,0
40.6948,-74.1779,8,0,1,1
40.7658,-73.9791,17,1,0,0
40.7313,-73.9578,6,0,0,0
40.7434,-73.9841,7,0,0,0
40.7527,-74.0074,16,0,0,0
40.7343,-73.9899,14,0,0,0
40.7592,-73.9701,16,0,0,0
40.7212,-73.9993,6,0,0,0
40.736,-74.0046,17,0,0,0
40.7225,-73.998,22,1,0,0
40.7637,-73.9798,8,1,0,0
40.7205,-73.9987,18,1,0,0
40.7476,-74.0006,19,0,0,0
40.759,-73.9679,22,0,0,0
40.7636,-73.9752,15,0,0,0
40.7655,-73.9705,16,0,0,0
40.7665,-73.9648,7,0,0,0
40.7494,-73.9789,14,0,0,0
40.7729,-73.9803,10,0,0,0
40.7516,-73.9938,16,0,0,0
40.6439,-73.7829,23,0,0,0
40.7532,-73.9811,15,1,0,0
40.7812,-73.9535,8,0,0,0
40.668,-73.9855,10,0,0,0
40.7224,-74.004,21,0,0,0
40.774,-73.961,10,0,0,0
40.7262,-73.993,8,0,0,0
40.7057,-74.01,11,1,0,0
40.7369,-73.9735,10,0,0,0
40.7226,-73.986,17,1,0,0
40.7514,-73.9939,16,0,0,0
40.7699,-73.9679,10,0,0,0
40.6976,-73.9313,12,0,0,0
40.7395,-73.9942,14,0,0,0
40.7175,-73.9801,8,0,0,0
40.7335,-73.9874,18,0,0,0
40.7687,-73.9101,12,0,0,0
40.7602,-73.9875,14,0,0,0
40.7996,-73.9452,13,0,0,0
40.7551,-73.9756,18,0,0,0
40.774,-73.8728,19,1,0,0
40.7282,-73.9913,9,0,0,0
40.6452,-73.7806,14,0,0,0
40.7276,-74.0029,18,0,0,0
40.8374,-73.9451,0,1,0,0
40.7505,-73.9946,14,0,0,0
40.7742,-73.872,21,0,0,0
40.719,-74.0022,16,1,0,0
40.7248,-73.9955,21,0,0,0
40.7382,-74.0087,1,1,0,0
40.7504,-73.9805,16,0,0,0
40.7252,-74.0034,2,1,0,0
40.6452,-73.7821,17,0,0,0
40.7656,-73.963,17,1,0,0
40.6635,-73.9778,21,0,0,0
40.7925,-73.9678,5,1,0,0
40.7403,-73.9947,23,0,0,0
40.7237,-74.0036,18,1,0,0
40.7355,-74.0081,19,0,0,0
40.7697,-73.9807,15,0,0,0
40.7523,-73.9818,19,0,0,0
40.7254,-73.9842,0,0,0,0
40.7458,-73.9806,3,0,0,0
40.6727,-73.9663,10,0,0,0
40.8608,-73.9325,20,0,0,0
40.7588,-73.9886,18,0,0,0
40.7686,-73.9838,19,1,0,0
40.745,-73.9945,9,0,0,0
40.7615,-73.9921,7,0,0,0
40.7515,-73.9939,8,0,0,0
40.7289,-74.0004,19,1,0,0
40.7219,-73.9998,10,0,0,0
40.7183,-73.9855,9,1,0,0
40.786,-73.9572,7,0,0,0
40.7675,-73.9838,8,0,0,0
40.7218,-74.004,15,0,0,0
40.7732,-73.8857,21,0,0,0
40.7783,-73.9769,7,0,0,0
40.7849,-73.9486,10,0,0,0
40.645,-73.7819,21,1,0,0
40.7376,-73.9803,19,0,0,0
40.8467,-73.9399,22,1,0,0
40.7058,-73.9443,17,0,0,0
40.7455,-74.0056,21,0,0,0
40.7306,-74.0005,19,1,0,0
40.7135,-73.9619,22,1,0,0
40.7622,-73.975,15,0,0,0
40.6845,-73.9711,9,1,0,0
40.7411,-73.9815,16,1,0,0
40.7274,-73.9934,23,1,0,0
40.7755,-73.9507,16,1,0,0
40.7567,-73.9787,16,0,0,0
40.7567,-73.9807,18,0,0,0
40.7339,-74.0012,10,1,0,0
40.7385,-73.99,17,1,0,0
40.7408,-74.002,17,0,0,0
40.7747,-73.9582,7,1,0,0
40.7513,-73.9941,20,1,0,0
40.7433,-73.9881,2,1,0,0
40.7554,-73.9871,15,0,0,0
40.6454,-73.7821,14,0,0,0
40.7173,-73.8261,11,1,0,0
40.6915,-74.1778,14,0,1,1
40.7058,-74.0041,22,0,0,0
40.687,-73.9307,6,0,0,0
40.7517,-73.9876,21,0,0,0
40.7505,-73.9437,4,0,0,0
40.7086,-74.0106,15,0,0,0
40.7399,-73.9877,10,0,0,0
40.7648,-73.9836,22,0,0,0
40.7538,-74.0316,5,0,0,0
40.7676,-73.985,22,0,0,0
40.8528,-73.8433,4,0,0,0
40.7739,-73.8716,22,1,0,0
40.7212,-73.9877,2,1,0,0
40.7402,-74.0023,1,1,0,0
40.7219,-73.9581,3,0,0,0
40.7095,-74.0179,19,0,0,0
40.7403,-74.0018,8,0,0,0
40.7262,-73.9838,23,0,0,0
40.7839,-73.9741,20,1,0,0
40.7221,-73.9586,0,0,0,0
40.7086,-74.0047,19,0,0,0
40.7218,-73.9973,5,0,0,0
40.7474,-74.0081,16,0,0,0
40.7455,-73.9856,20,1,0,0
40.6758,-73.999,20,0,0,0
40.7216,-73.9887,23,1,0,0
40.7364,-73.9932,18,1,0,0
40.7441,-73.9718,8,0,0,0
40.7504,-73.9734,13,0,0,0
40.7862,-73.9774,16,0,0,0
40.6768,-73.9478,13,0,0,0
40.7187,-73.9894,18,0,0,0
40.7271,-74.0,17,1,0,0
40.7632,-73.9741,16,0,0,0
40.6274,-73.9499,13,0,0,0
40.732,-74.0076,18,1,0,0
40.7562,-73.9863,18,0,0,0
40.65,-73.8897,22,0,0,0
40.719,-74.0048,16,0,0,0
40.717,-74.0146,17,0,0,0
40.7324,-74.0036,23,0,0,0
40.7947,-73.9663,12,1,0,0
40.7607,-73.991,11,0,0,0
40.7382,-73.9796,18,1,0,0
40.7913,-73.9522,15,0,0,0
40.7761,-73.9556,5,0,0,0
40.7733,-73.9524,9,0,0,0
40.7638,-73.9792,10,0,0,0
40.6719,-73.983,10,0,0,0
40.7264,-73.9789,7,0,0,0
40.7269,-73.989,21,0,0,0
40.7346,-74.0093,18,1,0,0
40.7564,-73.9725,9,0,0,0
40.6327,-74.0296,13,1,0,0
40.7988,-73.9677,4,0,0,0
40.7758,-73.9461,13,1,0,0
40.7623,-73.9862,21,0,0,0
40.7354,-73.9941,21,0,0,0
40.7471,-74.0025,13,0,0,0
40.7258,-74.0061,15,0,0,0
40.764,-73.9712,23,0,0,0
40.7561,-73.9749,17,0,0,0
40.7022,-73.9828,14,1,0,0
40.7248,-73.9848,0,1,0,0
40.7605,-73.9673,9,1,0,0
40.7303,-73.9759,11,0,0,0
40.7594,-73.9726,16,0,0,0
40.7498,-73.9915,16,0,0,0
40.7156,-74.0119,18,0,0,0
40.8282,-74.102,22,0,4,-1
40.7077,-74.0041,18,0,0,0
40.773,-73.9604,7,0,0,0
40.7019,-73.9063,15,1,0,0
40.737,-74.0023,19,0,0,0
40.6955,-73.9968,13,0,0,0
40.774,-73.8724,20,0,0,0
40.7695,-73.9533,0,0,0,0
40.7324,-74.0078,23,1,0,0
40.645,-73.7818,23,1,0,0
40.751,-73.9943,13,0,0,0
40.7686,-73.8627,18,0,0,0
40.7303,-73.9898,7,0,0,0
40.7364,-73.9945,19,1,0,0
40.733,-73.9925,22,1,0,0
40.7168,-73.9545,19,0,0,0
40.6604,-73.5084,18,0,-1,-1
40.8712,-73.9594,13,0,0,0
40.6979,-73.9746,9,0,0,0
40.6782,-73.9911,16,1,0,0
40.7364,-74.0021,15,1,0,0
40.7357,-73.9795,11,0,0,0
40.7345,-74.003,0,1,0,0
40.7285,-74.007,17,0,0,0
40.6471,-73.7887,22,0,0,0
40.7646,-73.9707,16,0,0,0
40.74,-73.9906,17,0,0,0
40.7382,-73.9987,15,0,0,0
40.7197,-73.9847,20,1,0,0
40.722,-73.9889,21,0,0,0
40.7204,-74.0108,23,1,0,0
40.7248,-73.9925,6,0,0,0
40.7156,-74.001,23,0,0,0
40.6877,-74.1824,18,0,1,1
40.8114,-73.9616,23,1,0,0
40.7187,-73.9635,17,1,0,0
40.7578,-73.9758,20,0,0,0
40.7293,-74.0013,23,0,0,0
40.7573,-73.984,19,0,0,0
40.7182,-74.0015,17,0,0,0
40.7219,-73.9964,19,1,0,0
40.7522,-73.9837,10,0,0,0
40.7161,-73.9954,5,0,0,0
40.7362,-74.0035,20,1,0,0
40.7393,-74.0028,1,1,0,0
40.7181,-73.9898,23,0,0,0
40.7507,-73.9834,16,0,0,0
40.7534,-73.9925,17,0,0,0
40.9965,-73.6893,23,0,3,2
40.7364,-73.985,21,0,0,0
40.7328,-73.9875,17,0,0,0
40.7325,-73.9968,22,0,0,0
40.7167,-74.0144,17,0,0,0
40.7877,-73.9677,8,0,0,0
40.7604,-73.9738,19,0,0,0
40.7776,-73.9451,20,0,0,0
40.7753,-73.9841,8,0,0,0
40.7612,-73.9853,21,0,0,0
40.792,-73.9241,17,1,0,0
40.7553,-74.0029,17,0,0,0
40.7415,-73.9817,8,0,0,0
40.7223,-73.9983,14,1,0,0
40.7052,-74.0076,18,1,0,0
40.7182,-74.0144,3,0,0,0
40.7748,-73.991,19,0,0,0
40.7604,-73.9759,19,0,0,0
40.7335,-73.9953,8,0,0,0
40.7055,-73.9377,18,0,0,0
40.7196,-73.9997,11,0,0,0
40.7421,-74.0046,17,0,0,0
40.7508,-73.9845,19,0,0,0
40.7799,-73.9746,16,0,0,0
40.7278,-73.9911,23,0,0,0
40.6458,-73.7767,14,0,0,0
40.7647,-73.992,13,0,0,0
40.7293,-74.0036,21,0,0,0
40.8018,-73.965,10,1,0,0
40.7417,-74.0402,13,1,0,0
40.7539,-73.9782,20,0,0,0
40.8115,-73.9576,11,1,0,0
40.742,-74.0046,16,0,0,0
40.7594,-73.9724,16,0,0,0
40.7141,-73.9542,8,0,0,0
40.7286,-73.9925,16,1,0,0
40.6758,-73.999,17,0,0,0
40.7275,-74.0461,18,1,0,0
40.7591,-73.9945,10,0,0,0
40.7517,-73.9938,10,0,0,0
40.7315,-74.0005,20,0,0,0
40.7561,-73.9765,13,0,0,0
40.7563,-73.9786,21,0,0,0
40.7015,-73.9866,10,0,0,0
40.7252,-73.9781,0,1,0,0
40.6611,-73.9901,6,0,0,0
40.7997,-73.9599,16,0,0,0
40.7493,-73.9766,19,0,0,0
40.7515,-73.982,5,0,0,0
40.7422,-73.9908,15,1,0,0
40.7549,-73.9741,15,0,0,0
40.7573,-73.9693,21,0,0,0
40.7313,-73.9595,12,1,0,0
40.7726,-73.9671,22,0,0,0
40.7282,-74.0029,23,1,0,0
40.6484,-73.9787,17,0,0,0
40.7227,-73.997,15,0,0,0
40.7452,-73.9888,21,0,0,0
40.751,-73.9714,19,0,0,0
40.7764,-73.7017,9,0,0,0
40.7707,-73.8656,18,1,0,0
40.7322,-73.9941,6,0,0,0
40.7636,-73.9735,20,0,0,0
40.7617,-73.9749,19,0,0,0
40.7293,-74.0013,17,0,0,0
40.7458,-73.9997,8,0,0,0
40.7532,-73.9778,18,0,0,0
40.7354,-73.9918,23,0,0,0
40.717,-73.9566,18,0,0,0
40.7692,-73.983,11,0,0,0
40.7286,-73.9839,8,0,0,0
40.7553,-73.9798,18,0,0,0
40.7366,-73.9891,7,0,0,0
40.7034,-74.0099,23,0,0,0
40.7372,-73.997,14,1,0,0
40.7049,-73.9284,16,0,0,0
40.7504,-73.9733,10,0,0,0
40.7205,-73.9853,20,0,0,0
40.7079,-73.9506,10,1,0,0
40.7694,-73.8664,20,0,0,0
40.7255,-74.004,9,0,0,0
40.7384,-73.9918,17,0,0,0
40.7415,-73.9952,7,0,0,0
40.7491,-73.9883,16,0,0,0
40.7138,-73.9576,18,1,0,0
40.7554,-73.9774,16,0,0,0
40.7175,-74.016,19,0,0,0
40.7103,-73.9844,21,0,0,0
40.7525,-73.9917,20,0,0,0
40.7535,-73.9962,13,0,0,0
40.7313,-73.9545,16,1,0,0
40.7579,-73.9786,17,0,0,0
40.7605,-73.966,18,0,0,0
40.7457,-73.9939,13,0,0,0
40.7692,-73.9633,14,0,0,0
40.7411,-73.9926,9,0,0,0
40.7587,-74.0231,19,1,0,0
40.7437,-73.9859,8,0,0,0
40.7822,-73.9501,9,0,0,0
40.755,-74.0,21,0,0,0
40.7432,-73.9863,5,0,0,0
40.7652,-73.9722,15,0,0,0
40.7155,-74.0041,21,0,0,0
40.7406,-74.0077,10,0,0,0
40.7592,-73.9879,20,0,0,0
40.7589,-73.9068,8,0,0,0
40.7376,-73.9561,20,0,0,0
40.7889,-73.9541,12,0,0,0
40.6758,-73.9768,9,0,0,0
40.7464,-73.9799,15,0,0,0
40.7405,-73.9966,17,0,0,0
40.728,-73.9909,20,1,0,0
40.7591,-73.9824,20,0,0,0
40.7295,-74.001,13,1,0,0
40.7542,-73.9941,12,0,0,0
40.7601,-73.9596,16,1,0,0
40.7584,-73.9775,13,0,0,0
40.675,-73.9994,9,0,0,0
40.7073,-74.0073,14,0,0,0
40.7513,-73.9976,13,0,0,0
40.7703,-73.865,9,0,0,0
40.744,-73.9858,7,0,0,0
40.7181,-74.015,20,1,0,0
40.7192,-73.9899,11,0,0,0
40.7257,-73.9972,21,0,0,0
40.78,-73.9446,16,1,0,0
40.7966,-73.9256,16,1,0,0
40.6745,-73.9521,14,0,0,0
40.746,-73.9959,6,0,0,0
40.7479,-73.985,10,0,0,0
40.7204,-74.0035,19,0,0,0
40.6819,-73.9937,1,1,0,0
40.7791,-73.9822,9,0,0,0
40.7349,-73.9889,18,0,0,0
40.7686,-73.9846,16,0,0,0
40.7431,-73.9874,19,0,0,0
40.7552,-73.9822,19,0,0,0
40.7682,-73.9669,8,1,0,0
40.7564,-73.9976,19,0,0,0
40.688,-73.9698,6,0,0,0
40.7557,-73.9751,20,0,0,0
40.7226,-73.9959,1,0,0,0
40.7452,-74.0059,17,0,0,0
40.7612,-73.9998,18,0,0,0
40.7236,-74.0108,18,0,0,0
40.7557,-73.9752,16,0,0,0
40.732,-73.9901,18,0,0,0
40.7161,-73.9963,1,0,0,0
40.7826,-73.9576,16,0,0,0
40.7354,-74.005,7,0,0,0
40.7406,-74.0077,16,0,0,0
40.7393,-73.9995,4,1,0,0
40.7511,-73.9739,8,1,0,0
40.779,-73.9784,15,0,0,0
40.7498,-73.9781,13,0,0,0
40.7179,-74.0021,11,0,0,0
40.7432,-73.9742,15,0,0,0
40.7568,-73.9627,18,0,0,0
40.7751,-73.985,9,0,0,0
40.7584,-73.989,21,1,0,0
40.7318,-74.0008,21,0,0,0
40.7204,-74.012,18,1,0,0
40.7173,-73.6456,19,1,0,-1
40.6933,-73.9482,18,0,0,0
40.7541,-73.9711,5,1,0,0
40.6989,-74.0676,15,0,0,0
40.7563,-73.9789,14,0,0,0
40.7805,-73.9559,4,0,0,0
40.6877,-73.9701,22,0,0,0
40.7583,-73.9774,9,1,0,0
40.6444,-73.7835,16,0,0,0
40.7643,-73.9959,14,0,0,0
40.73,-73.9926,17,0,0,0
40.7275,-73.9934,22,0,0,0
40.7564,-73.9771,20,0,0,0
40.7693,-73.9522,14,0,0,0
40.7438,-73.988,22,0,0,0
40.774,-73.8726,9,0,0,0
40.7016,-73.5023,9,0,-1,-1
40.6884,-73.9839,21,1,0,0
40.7611,-73.9632,12,0,0,0
40.6849,-73.992,18,1,0,0
40.7476,-73.9768,23,0,0,0
40.6458,-73.7766,17,0,0,0
40.7462,-73.9777,19,1,0,0
40.6417,-73.9633,19,1,0,0
40.7115,-73.9536,10,1,0,0
40.772,-73.9497,8,0,0,0
40.721,-74.0319,15,0,0,0
40.7607,-73.9899,9,0,0,0
40.7361,-74.0404,8,0,0,0
40.7362,-74.006,15,0,0,0
40.7051,-74.0175,13,0,0,0
40.7367,-73.9931,15,1,0,0
40.7409,-74.0055,21,0,0,0
40.7603,-73.9805,14,0,0,0
40.7606,-73.9717,20,0,0,0
40.7114,-73.9467,16,1,0,0
40.7777,-73.975,10,0,0,0
40.9409,-73.7517,21,1,8,-1
40.6901,-73.93,11,1,0,0
40.7521,-73.9753,15,0,0,0
40.741,-73.9978,22,0,0,0
40.7429,-73.9949,10,0,0,0
40.7261,-74.0091,18,0,0,0
40.7278,-73.8054,13,1,0,0
40.7336,-73.9899,10,0,0,0
40.7554,-73.9756,17,0,0,0
40.7716,-73.9564,8,1,0,0
40.747,-74.0019,7,0,0,0
40.758,-73.9719,17,0,0,0
40.7748,-73.9335,5,0,0,0
40.7788,-73.9601,10,1,0,0
40.7538,-73.996,16,0,0,0
40.8033,-73.9647,6,0,0,0
40.6678,-73.9837,1,1,0,0
40.7557,-74.0022,21,1,0,0
40.7714,-73.9821,21,0,0,0
40.7201,-73.9874,21,1,0,0
40.7533,-73.8885,9,0,0,0
40.6924,-73.9547,4,0,0,0
40.7394,-74.0015,22,0,0,0
40.7093,-74.011,17,0,0,0
40.7419,-73.9892,12,0,0,0
40.7304,-74.0069,18,0,0,0
40.7241,-73.9806,0,1,0,0
40.7633,-73.972,14,0,0,0
40.7056,-74.0127,19,0,0,0
40.6954,-73.9931,8,0,0,0
40.8872,-74.0432,8,1,-1,-1
40.7705,-73.9823,9,0,0,0
40.7076,-74.0098,19,1,0,0
40.7704,-73.8651,16,0,0,0
40.7653,-73.9795,15,0,0,0
40.7131,-73.9519,15,1,0,0
40.7295,-73.9947,16,1,0,0
40.7132,-73.9928,12,0,0,0
40.7605,-73.9896,20,1,0,0
40.7251,-73.997,19,0,0,0
40.7559,-73.9796,15,0,0,0
40.7416,-73.9953,14,0,0,0
40.7483,-73.9847,17,0,0,0
40.8085,-73.9407,23,1,0,0
40.7547,-73.9717,22,0,0,0
40.775,-73.9594,7,0,0,0
40.7416,-73.9559,18,0,0,0
40.7511,-73.9849,9,1,0,0
40.7515,-73.9803,9,0,0,0
40.6943,-73.968,3,0,0,0
40.7507,-73.9845,21,0,0,0
40.6832,-73.9648,16,1,0,0
40.6493,-73.9776,8,0,0,0
40.723,-73.9988,1,1,0,0
40.7757,-73.9091,4,0,0,0
40.7779,-73.9887,11,0,0,0
40.7484,-73.9712,13,0,0,0
40.7834,-73.9803,5,0,0,0
40.7715,-73.9895,15,0,0,0
40.6948,-74.1779,4,0,1,1
40.6447,-73.782,11,0,0,0
40.7559,-73.9748,17,0,0,0
40.7514,-73.9784,16,0,0,0
40.746,-74.0017,4,0,0,0
40.7246,-73.9918,5,0,0,0
40.7445,-73.9757,18,1,0,0
40.7584,-73.973,14,0,0,0
40.7115,-74.0157,2,1,0,0
40.7196,-74.0057,20,0,0,0
40.7291,-73.989,22,1,0,0
40.739,-74.0332,21,0,0,0
40.7037,-73.9907,11,0,0,0
40.7371,-73.9742,2,0,0,0
40.7473,-74.0008,8,0,0,0
40.7612,-73.9869,10,0,0,0
40.7741,-73.8726,12,0,0,0
40.7434,-73.9962,12,0,0,0
40.7429,-73.954,21,0,0,0
40.7174,-74.0094,19,0,0,0
40.6834,-73.9665,18,1,0,0
40.7255,-74.0354,0,1,0,0
40.6587,-74.0011,10,0,0,0
40.6978,-73.9276,0,1,0,0
40.6454,-73.7879,16,1,0,0
40.7742,-73.8731,20,0,0,0
40.7459,-73.9819,14,0,0,0
40.7457,-74.0054,21,0,0,0
40.7403,-73.9867,17,1,0,0
40.6865,-73.7849,14,0,0,0
40.75,-73.9905,8,0,0,0
40.7411,-73.9867,21,0,0,0
40.7173,-73.9431,3,0,0,0
40.7522,-73.9777,17,0,0,0
40.7126,-73.9652,17,0,0,0
40.7582,-73.9791,10,0,0,0
40.7518,-73.9821,16,0,0,0
40.757,-74.0013,20,1,0,0
40.7705,-73.9913,15,0,0,0
40.7724,-73.9522,7,0,0,0
40.7082,-73.9576,19,1,0,0
40.7276,-74.0001,23,0,0,0
40.7455,-74.0011,11,0,0,0
40.7102,-73.9636,14,0,0,0
40.7533,-73.9779,15,0,0,0
40.7183,-73.9875,20,0,0,0
40.748,-74.0029,23,0,0,0
40.73,-73.9568,18,0,0,0
40.7538,-73.9872,17,0,0,0
40.7968,-73.9705,8,0,0,0
40.7679,-73.962,15,1,0,0
40.7594,-73.9676,17,0,0,0
40.719,-73.9925,9,0,0,0
40.71,-74.01,22,1,0,0
40.7628,-73.9714,22,1,0,0
40.74,-74.0059,16,1,0,0
40.7869,-73.9503,18,1,0,0
40.7418,-73.9893,17,0,0,0
40.7566,-73.9902,14,0,0,0
40.7381,-74.002,20,1,0,0
40.8085,-73.5159,16,0,-1,-1
40.7758,-73.99,12,0,0,0
40.825,-73.9535,12,0,0,0
40.788,-73.9695,12,1,0,0
40.717,-74.008,22,0,0,0
40.8929,-73.8995,12,0,0,0
40.6548,-73.9127,6,1,0,0
40.7848,-73.954,19,0,0,0
40.6459,-73.7767,6,0,0,0
40.7294,-73.9871,16,0,0,0
40.7459,-74.0053,14,0,0,0
40.7394,-74.0072,19,0,0,0
40.7451,-73.9854,17,1,0,0
40.7606,-73.9698,17,1,0,0
40.7724,-73.9534,12,1,0,0
40.6465,-73.7772,13,1,0,0
40.7549,-73.9772,0,0,0,0
40.776,-73.9533,4,0,0,0
40.7742,-73.8728,21,0,0,0
40.7138,-73.9617,22,0,0,0
40.7552,-73.9712,12,0,0,0
40.6792,-73.9715,18,0,0,0
40.6801,-74.014,20,0,0,0
40.7403,-73.9923,21,0,0,0
40.737,-73.9847,18,0,0,0
40.7592,-74.0038,14,0,0,0
40.717,-74.012,18,0,0,0
40.7332,-73.9754,22,1,0,0
40.7472,-74.0046,13,1,0,0
40.7238,-74.0037,21,0,0,0
40.7692,-73.9521,10,1,0,0
40.7165,-74.0053,16,1,0,0
40.7375,-73.9798,20,0,0,0
40.7507,-73.9862,21,0,0,0
40.7448,-73.9863,18,0,0,0
40.8108,-73.9604,16,0,0,0
40.7213,-73.9816,18,0,0,0
40.7449,-73.985,15,0,0,0
40.8212,-73.9067,4,0,0,0
40.7546,-73.9698,9,0,0,0
40.6944,-73.9443,21,0,0,0
40.7594,-73.9872,23,0,0,0
40.7782,-73.9625,13,0,0,0
40.7384,-73.9891,10,1,0,0
40.7794,-73.9535,16,1,0,0
40.7667,-73.9164,5,0,0,0
40.7635,-73.9811,11,0,0,0
40.7224,-73.9984,14,0,0,0
40.7634,-73.9721,19,0,0,0
40.8058,-73.9657,23,1,0,0
40.7076,-74.01,12,1,0,0
40.6745,-73.9776,19,1,0,0
40.8793,-73.9546,16,0,0,0
40.7118,-74.008,12,0,0,0
40.8056,-73.9641,17,0,0,0
40.7333,-73.9988,1,0,0,0
40.7572,-73.9714,19,0,0,0
40.7614,-73.9996,8,0,0,0
40.7173,-73.9645,6,0,0,0
40.7627,-73.9676,18,1,0,0
40.6002,-73.9711,14,0,0,0
40.7196,-73.9995,10,0,0,0
40.7066,-74.0125,18,0,0,0
40.7952,-73.9755,3,0,0,0
40.7418,-73.9899,12,0,0,0
40.6516,-73.9532,17,0,0,0
40.756,-73.9749,18,0,0,0
40.7398,-73.9877,21,0,0,0
40.7167,-74.0089,12,0,0,0
40.7239,-74.0014,10,0,0,0
40.7211,-73.9965,6,0,0,0
40.7302,-73.9926,15,0,0,0
40.6417,-73.7888,5,0,0,0
40.7454,-74.0064,10,0,0,0
40.7779,-73.9887,7,0,0,0
40.7081,-74.0064,10,1,0,0
40.7518,-73.9738,11,0,0,0
40.7605,-73.9757,20,0,0,0
40.7529,-73.9813,18,0,0,0
40.7094,-74.0136,16,1,0,0
40.7675,-73.9666,18,1,0,0
40.7595,-73.9724,19,0,0,0
40.64,-74.0243,16,0,0,0
40.7367,-74.0041,9,0,0,0
40.7078,-74.0071,16,0,0,0
40.7159,-73.9643,16,0,0,0
40.7721,-73.9672,18,0,0,0
40.7481,-73.9928,20,0,0,0
40.7625,-73.9782,18,0,0,0
40.7416,-74.001,1,0,0,0
40.7571,-73.9824,22,1,0,0
40.77,-73.8645,9,0,0,0
40.7077,-73.9535,23,0,0,0
40.7693,-73.952,15,0,0,0
40.7614,-73.9795,19,0,0,0
40.7388,-74.0081,6,0,0,0
40.7007,-73.8075,6,0,0,0
40.7337,-73.9929,16,0,0,0
40.7669,-73.9851,15,0,0,0
40.7577,-73.9756,21,0,0,0
40.7482,-73.9913,12,0,0,0
40.7514,-74.0035,18,0,0,0
40.7234,-74.0032,15,0,0,0
40.7717,-73.9531,18,1,0,0
40.7599,-73.9717,10,0,0,0
40.6459,-73.7768,20,0,0,0
40.6483,-73.7824,6,1,0,0
40.7618,-73.9789,12,0,0,0
40.7597,-73.9951,12,0,0,0
40.7096,-74.0149,17,0,0,0
40.741,-74.0077,18,0,0,0
40.7475,-74.0083,16,0,0,0
40.7158,-74.0038,8,0,0,0
40.6943,-73.967,0,1,0,0
40.7841,-73.9726,5,0,0,0
40.7757,-73.9533,7,0,0,0
40.8053,-73.9395,15,0,0,0
40.7082,-73.9434,9,1,0,0
40.7449,-74.0061,20,0,0,0
40.7367,-74.0053,22,0,0,0
40.7694,-73.9652,17,0,0,0
40.7528,-73.9932,16,1,0,0
40.7191,-74.0073,10,0,0,0
40.7059,-74.0086,18,0,0,0
40.7218,-73.9876,6,0,0,0
40.695,-73.995,8,0,0,0
40.7181,-74.0049,12,0,0,0
40.758,-73.9749,17,0,0,0
40.7141,-74.0149,14,0,0,0
40.7538,-73.9714,4,0,0,0
40.7503,-73.9402,20,0,0,0
40.7253,-73.9922,21,1,0,0
40.7332,-73.9532,20,0,0,0
40.7732,-73.9526,7,0,0,0
40.7195,-73.978,9,0,0,0
40.6607,-73.8035,0,1,0,0
40.6449,-73.7823,15,1,0,0
40.6559,-73.6735,14,0,5,-1
40.7465,-73.9817,16,0,0,0
40.6458,-73.7768,4,0,0,0
40.7282,-73.9908,21,0,0,0
40.7627,-73.9717,16,0,0,0
40.7741,-73.8727,14,0,0,0
40.7361,-73.9978,21,0,0,0
40.672,-74.0109,10,0,0,0
40.7237,-73.9836,13,0,0,0
40.7237,-74.0095,18,1,0,0
40.7732,-73.8856,16,0,0,0
40.7561,-73.979,15,0,0,0
40.7621,-73.9857,14,0,0,0
40.7032,-73.9896,14,0,0,0
40.7228,-73.6797,8,1,0,0
40.7416,-73.9781,8,0,0,0
40.7688,-73.863,14,0,0,0
40.7627,-73.9788,18,0,0,0
40.783,-73.9739,20,0,0,0
40.7736,-73.9891,18,1,0,0
40.7068,-73.948,10,0,0,0
40.7467,-74.0319,1,1,0,0
40.7627,-73.9835,21,0,0,0
40.7202,-73.9942,14,0,0,0
40.6923,-73.9895,20,0,0,0
40.7271,-73.9887,22,1,0,0
40.7613,-73.9752,17,0,0,0
40.7582,-74.0004,15,1,0,0
40.7472,-73.993,2,1,0,0
40.7506,-74.0034,21,0,0,0
40.6617,-73.9606,20,0,0,0
40.6846,-73.9258,8,1,0,0
40.7656,-73.953,17,0,0,0
40.7437,-73.9831,14,1,0,0
40.7483,-73.9921,16,0,0,0
40.7788,-73.9559,8,0,0,0
40.7174,-73.9906,11,0,0,0
40.7193,-73.9888,5,0,0,0
40.841,-73.9448,12,0,0,0
40.7638,-73.9699,20,0,0,0
40.7845,-73.9479,20,0,0,0
40.7236,-73.9913,21,0,0,0
40.7792,-73.9611,17,1,0,0
40.7395,-73.9998,6,0,0,0
40.6418,-73.7887,21,1,0,0
40.7377,-73.9804,17,0,0,0
40.7644,-73.9852,7,0,0,0
40.7365,-73.8956,1,0,0,0
40.7316,-74.004,16,1,0,0
40.7552,-73.9913,9,0,0,0
40.7639,-73.9731,14,0,0,0
40.7519,-73.9948,16,0,0,0
40.7725,-73.9771,17,0,0,0
40.754,-73.9885,17,0,0,0
40.7154,-74.0088,12,0,0,0
40.7237,-74.011,19,0,0,0
40.727,-73.9782,17,1,0,0
40.7717,-73.9508,21,0,0,0
40.7377,-74.0322,22,0,0,0
40.7471,-73.9911,15,1,0,0
40.7756,-73.9785,11,0,0,0
40.7535,-73.9964,11,0,0,0
40.7459,-73.9845,16,0,0,0
40.7311,-74.0086,18,0,0,0
40.7501,-73.9708,19,0,0,0
40.7693,-73.8996,20,1,0,0
40.742,-73.9793,7,0,0,0
40.7188,-73.989,2,1,0,0
40.754,-73.9898,13,0,0,0
40.6917,-73.9669,18,1,0,0
40.7211,-73.9878,0,1,0,0
40.7801,-73.977,21,1,0,0
40.7624,-74.0016,13,1,0,0
40.7176,-73.9848,1,1,0,0
40.6822,-73.9892,23,0,0,0
40.7162,-73.9622,18,1,0,0
40.7483,-74.0053,13,0,0,0
40.7693,-73.8636,11,0,0,0
40.7238,-73.9969,18,1,0,0
40.6948,-74.1778,19,1,1,1
40.7146,-73.9988,12,1,0,0
40.7412,-74.0014,14,0,0,0
40.8763,-73.9027,4,1,0,0
40.7281,-74.0018,14,0,0,0
40.7639,-73.9759,17,0,0,0
40.7488,-73.9922,13,1,0,0
40.6932,-73.9912,17,0,0,0
40.7506,-73.9808,16,0,0,0
40.7739,-73.8721,20,0,0,0
40.6664,-73.9773,12,1,0,0
40.7298,-74.0039,20,0,0,0
40.7509,-73.987,16,0,0,0
40.6948,-73.9525,23,0,0,0
40.7568,-74.0014,13,0,0,0
40.7876,-73.9743,15,0,0,0
40.6462,-73.7899,19,1,0,0
40.5877,-73.9725,9,0,0,0
40.6964,-73.9832,15,0,0,0
40.7383,-73.9945,17,0,0,0
40.7222,-74.0091,22,1,0,0
40.7199,-73.9898,19,0,0,0
40.7462,-73.9808,17,0,0,0
40.7209,-73.9832,13,0,0,0
40.6417,-73.7883,18,1,0,0
40.7563,-73.9744,16,1,0,0
40.9761,-73.6783,12,0,3,-1
40.7339,-74.0026,17,0,0,0
40.6863,-73.9893,18,0,0,0
40.6756,-73.9746,19,0,0,0
40.7789,-73.9557,7,0,0,0
40.676,-73.973,8,0,0,0
40.7325,-73.9963,17,0,0,0
40.7111,-74.0056,18,0,0,0
40.7395,-73.9849,13,0,0,0
40.737,-74.0027,12,0,0,0
40.7557,-73.9868,18,1,0,0
40.7131,-74.0092,6,0,0,0
40.7501,-73.9863,22,0,0,0
40.727,-73.9876,19,0,0,0
40.7368,-73.9896,16,0,0,0
40.7586,-73.9716,17,0,0,0
40.7634,-73.974,18,0,0,0
40.7741,-73.8725,18,0,0,0
40.7405,-74.0061,0,1,0,0
40.7205,-73.9615,22,0,0,0
40.8014,-73.9486,0,0,0,0
40.7516,-73.9848,22,0,0,0
40.7207,-74.0004,18,1,0,0
40.7569,-73.9823,14,0,0,0
40.7812,-73.9837,9,0,0,0
40.7599,-73.9723,10,0,0,0
40.7789,-73.9618,17,1,0,0
40.7684,-73.9847,10,0,0,0
40.6881,-74.1831,12,1,1,1
40.6887,-73.9854,6,1,0,0
40.7213,-74.0016,0,0,0,0
40.7371,-74.0053,9,0,0,0
40.7541,-73.9772,18,0,0,0
40.7152,-74.0095,6,0,0,0
40.7312,-74.0039,21,1,0,0
40.7982,-73.9674,8,1,0,0
40.7652,-73.9531,16,0,0,0
40.7774,-73.9625,14,0,0,0
40.7791,-73.9768,4,0,0,0
40.7539,-73.9959,16,0,0,0
40.745,-73.9952,15,0,0,0
40.7503,-73.9948,15,0,0,0
40.6483,-73.783,23,0,0,0
40.7719,-73.9794,18,0,0,0
40.7386,-73.9856,16,1,0,0
40.6465,-73.7905,14,0,0,0
40.7799,-73.9616,13,0,0,0
40.6838,-73.9764,16,1,0,0
40.7223,-74.006,23,0,0,0
40.7531,-73.9928,17,0,0,0
40.7377,-73.9967,22,1,0,0
40.7752,-73.963,17,0,0,0
40.7554,-74.0031,17,0,0,0
40.7231,-73.994,16,0,0,0
40.721,-73.9993,18,0,0,0
40.6802,-74.0058,6,0,0,0
40.6783,-73.9553,21,1,0,0
40.7441,-74.0067,0,0,0,0
40.7707,-73.992,7,0,0,0
40.7657,-73.9761,15,0,0,0
40.7164,-74.0148,10,0,0,0
40.775,-73.9771,5,0,0,0
40.7608,-73.977,19,0,0,0
40.7445,-74.0046,15,0,0,0
40.7519,-74.0012,19,1,0,0
40.7264,-73.9846,2,0,0,0
40.7741,-73.9888,14,1,0,0
40.7096,-74.0141,11,1,0,0
40.7444,-73.9729,8,0,0,0
40.7931,-73.9682,9,0,0,0
40.6463,-73.7771,4,0,0,0
40.7339,-74.0012,18,0,0,0
40.7524,-73.978,8,1,0,0
40.7378,-73.9964,22,0,0,0
40.7194,-73.9973,22,0,0,0
40.7474,-74.0043,17,1,0,0
40.7143,-74.0005,19,0,0,0
40.6192,-73.9238,14,1,0,0
40.7336,-74.0044,15,0,0,0
40.717,-74.0074,15,0,0,0
40.7713,-73.9795,23,0,0,0
40.6847,-73.979,22,0,0,0
40.7494,-73.989,17,1,0,0
40.7951,-73.9729,17,0,0,0
40.7547,-73.9798,17,1,0,0
40.743,-73.9821,23,1,0,0
40.7551,-73.9772,14,0,0,0
40.7236,-73.9947,12,0,0,0
40.755,-73.9656,21,0,0,0
40.7623,-73.963,18,1,0,0
40.7701,-73.9247,8,0,0,0
40.7111,-73.9508,0,0,0,0
40.7823,-73.9715,9,1,0,0
40.7194,-73.9849,20,0,0,0
40.7516,-73.9935,15,0,0,0
40.6933,-74.0012,16,1,0,0
40.7614,-73.9712,16,0,0,0
40.7554,-73.9916,20,1,0,0
40.7532,-73.9842,12,0,0,0
40.7765,-73.977,14,0,0,0
40.6448,-73.7848,23,0,0,0
40.7333,-74.005,21,0,0,0
40.7685,-73.8624,7,0,0,0
40.7084,-74.0068,18,0,0,0
40.7718,-73.9894,14,0,0,0
40.724,-73.9999,18,0,0,0
40.8044,-73.9933,20,0,0,0
40.7474,-73.9832,16,0,0,0
40.7441,-73.9916,2,0,0,0
40.77,-73.9821,20,0,0,0
40.7704,-73.8652,7,0,0,0
41.0246,-73.6256,21,0,-1,-1
40.725,-73.9992,16,0,0,0
40.7692,-73.9814,17,0,0,0
40.7362,-73.9371,18,0,0,0
40.7765,-73.9822,16,1,0,0
40.7466,-73.9914,12,0,0,0
40.7717,-73.9811,23,0,0,0
40.6471,-73.789,16,0,0,0
40.6557,-73.8389,20,0,0,0
40.7468,-73.9714,15,0,0,0
40.7557,-73.9921,7,0,0,0
40.7565,-73.9787,17,0,0,0
40.6873,-73.986,23,1,0,0
40.6458,-73.7767,21,0,0,0
40.7524,-73.9945,2,1,0,0
40.7444,-73.9886,7,0,0,0
40.7412,-74.008,2,0,0,0
40.7644,-73.9041,1,1,0,0
40.6448,-73.7814,23,0,0,0
40.7929,-73.977,17,1,0,0
40.7593,-73.9882,17,0,0,0
40.7767,-73.949,15,0,0,0
40.7455,-73.9796,8,0,0,0
40.7451,-73.8428,16,1,0,0
40.7646,-73.9759,15,0,0,0
40.7317,-73.9874,8,0,0,0
40.7279,-73.9949,13,0,0,0
40.7142,-74.0078,19,0,0,0
40.7294,-73.9802,23,0,0,0
40.7543,-73.9907,19,0,0,0
40.7402,-73.994,20,0,0,0
40.7581,-73.9665,22,0,0,0
40.6864,-73.9167,8,0,0,0
40.745,-73.9955,12,0,0,0
40.7652,-73.9876,22,1,0,0
40.685,-73.9231,22,1,0,0
40.6933,-73.9985,22,1,0,0
40.7761,-73.9499,6,0,0,0
40.7557,-73.9946,17,1,0,0
40.7703,-73.865,15,0,0,0
40.7588,-73.9739,20,0,0,0
40.7289,-73.9981,7,0,0,0
40.694,-73.969,16,1,0,0
40.7058,-73.9187,10,0,0,0
40.7642,-73.9989,5,0,0,0
40.7424,-74.0038,22,0,0,0
40.7615,-73.9744,6,0,0,0
40.7778,-73.9756,2,1,0,0
40.6898,-73.9802,14,1,0,0
40.764,-73.9705,21,0,0,0
40.6486,-73.783,1,0,0,0
40.7641,-73.9945,13,1,0,0
40.7514,-73.9877,21,0,0,0
40.7552,-73.9863,23,0,0,0
40.8036,-73.9649,17,1,0,0
40.7198,-73.983,5,0,0,0
40.792,-73.9396,1,1,0,0
40.7272,-73.9867,1,0,0,0
40.7087,-74.0051,16,0,0,0
40.7182,-73.9998,0,1,0,0
40.764,-73.9764,21,0,0,0
40.7617,-73.9795,15,0,0,0
40.722,-74.0042,5,0,0,0
40.7413,-73.9753,15,0,0,0
40.6766,-73.9585,16,0,0,0
40.727,-73.9799,1,1,0,0
40.7388,-74.0089,7,0,0,0
40.7159,-74.0152,12,1,0,0
40.7158,-74.0065,22,0,0,0
40.7521,-73.9932,18,0,0,0
40.7345,-73.9988,16,0,0,0
40.7815,-73.9583,16,0,0,0
40.7295,-73.9861,5,0,0,0
40.7474,-73.993,15,0,0,0
40.7652,-73.9825,16,0,0,0
40.7514,-73.9434,18,0,0,0
40.7273,-74.0006,21,0,0,0
40.8538,-73.8723,15,0,0,0
40.748,-73.9847,15,0,0,0
40.7652,-73.9719,21,0,0,0
40.7625,-73.968,11,0,0,0
40.72,-73.9597,2,1,0,0
40.7209,-74.0052,6,0,0,0
40.7228,-73.8179,9,1,0,0
40.7314,-73.9889,23,1,0,0
40.7752,-73.9842,6,0,0,0
40.726,-73.9975,12,0,0,0
40.7506,-73.986,9,1,0,0
40.7209,-73.9937,21,0,0,0
40.603,-73.964,12,0,0,0
40.7713,-73.9894,22,0,0,0
40.7149,-74.0077,14,0,0,0
40.7452,-73.9944,14,0,0,0
40.7413,-73.9928,3,1,0,0
40.8415,-73.941,20,0,0,0
40.8203,-73.9577,19,0,0,0
40.7246,-73.9837,16,0,0,0
40.7605,-73.9749,15,0,0,0
40.7502,-73.9868,13,0,0,0
40.7698,-73.9844,8,0,0,0
40.7862,-73.9844,19,0,0,0
40.7555,-73.993,22,0,0,0
40.7082,-74.0075,18,0,0,0
40.7741,-73.8725,16,0,0,0
40.7371,-73.9867,8,0,0,0
40.7709,-73.9836,19,0,0,0
40.7649,-73.9809,8,0,0,0
40.745,-73.9766,16,0,0,0
40.7406,-73.9965,11,0,0,0
40.775,-73.9911,17,0,0,0
40.7726,-73.9611,15,0,0,0
40.7801,-73.9772,10,0,0,0
40.7596,-73.9721,17,0,0,0
40.7146,-73.9616,2,1,0,0
40.7453,-73.9911,13,0,0,0
40.722,-74.0043,4,0,0,0
40.7084,-74.0152,20,1,0,0
40.7403,-73.9946,16,0,0,0
40.7316,-73.2769,2,1,-1,-1
40.7775,-73.9751,22,0,0,0
40.7642,-73.9761,0,1,0,0
40.7536,-73.9753,16,0,0,0
40.7326,-73.9876,20,0,0,0
40.7343,-74.003,18,0,0,0
40.7227,-73.9889,10,0,0,0
40.7191,-74.0087,10,1,0,0
40.7264,-74.002,18,0,0,0
40.7346,-73.9867,15,1,0,0
40.7436,-73.9837,22,1,0,0
40.7076,-74.0088,15,0,0,0
40.7675,-73.9907,6,0,0,0
40.7351,-74.002,22,0,0,0
40.7524,-73.9778,13,0,0,0
40.6418,-73.7884,12,1,0,0
40.7708,-73.9551,10,0,0,0
40.6879,-74.1812,20,0,1,1
40.7787,-73.9559,10,0,0,0
40.6485,-73.7835,19,1,0,0
40.7312,-73.9754,22,0,0,0
40.8308,-73.9269,13,0,0,0
40.7211,-73.9947,17,0,0,0
40.7585,-73.9714,16,0,0,0
40.7568,-73.9743,17,0,0,0
40.7594,-73.9845,13,0,0,0
40.7882,-73.9746,7,0,0,0
40.6417,-73.7889,14,0,0,0
40.7854,-73.973,0,1,0,0
40.7092,-73.9614,14,0,0,0
40.7249,-73.9808,16,0,0,0
40.7556,-73.9883,7,0,0,0
40.7353,-73.9982,21,0,0,0
40.7115,-74.0061,17,1,0,0
40.7731,-73.9824,19,0,0,0
40.7164,-73.992,20,0,0,0
40.7794,-73.9595,8,0,0,0
40.7502,-73.9948,10,0,0,0
40.7023,-73.9868,4,0,0,0
40.7687,-73.8628,16,0,0,0
40.7544,-73.9872,13,0,0,0
40.7602,-73.9714,14,0,0,0
40.7175,-74.0106,20,0,0,0
40.6748,-73.9621,18,0,0,0
40.737,-73.997,21,0,0,0
40.777,-73.9519,21,0,0,0
40.7337,-73.9879,15,0,0,0
40.7215,-74.0065,22,1,0,0
40.7725,-73.9821,15,0,0,0
40.7646,-73.9688,18,0,0,0
40.7141,-74.0064,22,0,0,0
40.7488,-73.9922,16,0,0,0
40.7611,-73.9795,18,0,0,0
40.7463,-74.0012,21,1,0,0
40.7405,-73.9914,15,0,0,0
40.6159,-73.9226,16,1,0,0
40.744,-73.9513,5,0,0,0
40.7286,-73.9876,23,1,0,0
40.7478,-73.9567,15,1,0,0
40.7583,-73.9899,9,0,0,0
40.7633,-73.9722,16,0,0,0
40.7754,-73.9607,16,0,0,0
40.7677,-73.9912,13,0,0,0
40.7646,-73.976,20,0,0,0
40.6691,-73.9506,11,1,0,0
40.7954,-73.9728,7,0,0,0
40.7304,-73.9863,14,1,0,0
40.707,-73.947,8,0,0,0
40.7597,-73.9953,19,0,0,0
40.6809,-73.3989,0,0,-1,-1
40.732,-73.9838,23,0,0,0
40.7137,-73.9634,18,0,0,0
40.7195,-74.0104,17,0,0,0
40.7604,-73.9896,21,0,0,0
40.7199,-73.9881,8,0,0,0
40.7388,-74.0093,18,0,0,0
40.757,-74.0008,16,0,0,0
40.7467,-73.9844,11,0,0,0
40.7473,-73.9724,6,0,0,0
40.6778,-73.9688,21,0,0,0
40.7167,-73.9972,19,1,0,0
40.7344,-73.9803,8,0,0,0
40.7237,-73.9489,15,0,0,0
40.7754,-73.9518,5,0,0,0
40.7642,-73.9809,17,0,0,0
40.723,-73.9989,12,0,0,0
40.6745,-73.9735,7,1,0,0
40.7507,-73.9748,21,0,0,0
40.7657,-73.9765,16,0,0,0
40.8643,-74.4045,12,0,-1,-1
40.7713,-73.9809,8,0,0,0
40.7325,-73.9881,23,0,0,0
40.7638,-73.9976,1,1,0,0
40.7286,-74.0028,15,1,0,0
40.698,-73.9928,5,0,0,0
40.7617,-73.9833,10,0,0,0
40.7606,-73.9712,15,0,0,0
40.734,-74.0005,2,0,0,0
40.7457,-74.034,18,0,0,0
40.6929,-73.9718,20,1,0,0
40.7665,-73.9782,7,0,0,0
40.7332,-74.0064,0,0,0,0
40.7636,-73.9774,13,0,0,0
40.7223,-74.0054,12,0,0,0
40.7401,-74.0059,22,0,0,0
40.7356,-73.9882,15,0,0,0
40.7155,-73.9569,4,0,0,0
40.7558,-73.9755,16,0,0,0
40.754,-73.9704,13,0,0,0
40.7697,-73.981,19,1,0,0
40.7271,-73.9889,23,1,0,0
40.762,-73.997,0,0,0,0
40.7388,-74.0086,19,0,0,0
40.7419,-74.0039,21,0,0,0
40.765,-73.9803,16,0,0,0
40.7285,-73.9955,7,0,0,0
41.0473,-73.5418,11,0,-1,-1
40.7248,-73.9918,12,0,0,0
40.7571,-73.9621,17,1,0,0
40.7163,-73.9903,6,0,0,0
40.7724,-73.9496,12,0,0,0
40.7591,-73.9941,2,0,0,0
40.7449,-73.9762,17,0,0,0
40.7381,-74.0085,19,0,0,0
40.7349,-73.9232,3,1,0,0
40.735,-73.9574,7,0,0,0
40.7579,-73.9746,20,0,0,0
40.7553,-73.9841,21,0,0,0
40.7593,-73.979,20,0,0,0
40.7609,-73.9925,8,0,0,0
40.785,-73.9537,6,0,0,0
40.7133,-73.9624,19,0,0,0
40.7645,-73.9715,17,0,0,0
40.7499,-73.9745,19,0,0,0
40.7548,-73.9841,13,0,0,0
40.744,-73.9857,23,1,0,0
40.7468,-74.002,20,0,0,0
40.7368,-74.0046,18,0,0,0
40.7627,-73.9597,18,0,0,0
40.7658,-73.983,12,0,0,0
40.7565,-73.9822,17,0,0,0
40.645,-73.782,15,0,0,0
40.7409,-74.0051,9,0,0,0
40.6467,-73.7778,19,1,0,0
40.7357,-74.0059,20,1,0,0
40.6566,-74.0084,20,1,0,0
40.7713,-73.9799,14,0,0,0
40.7512,-73.9941,19,0,0,0
40.6716,-73.9711,21,0,0,0
40.7713,-73.9897,19,0,0,0
40.7641,-73.9547,21,0,0,0
40.7536,-73.9874,10,0,0,0
40.7739,-73.8714,9,0,0,0
40.7394,-74.0055,3,1,0,0
40.7534,-73.9647,15,0,0,0
40.7405,-74.0441,7,0,0,0
40.7652,-73.9751,11,0,0,0
40.7421,-74.0041,0,0,0,0
40.7413,-73.9792,14,0,0,0
40.7456,-73.9805,15,0,0,0
40.7265,-74.0023,19,0,0,0
40.7251,-73.9956,10,0,0,0
40.7335,-74.0063,20,0,0,0
40.6914,-73.9843,19,1,0,0
40.6814,-73.9276,10,0,0,0
40.7554,-73.9773,19,0,0,0
40.7333,-74.0064,22,1,0,0
40.6417,-73.7885,12,0,0,0
40.7626,-73.9867,8,0,0,0
40.7245,-73.9937,17,0,0,0
40.7158,-73.9534,22,0,0,0
40.8222,-73.8742,12,1,0,0
40.6446,-73.7822,22,0,0,0
40.7556,-73.9906,18,1,0,0
40.717,-74.0019,12,0,0,0
40.6503,-74.0236,18,0,0,0
40.7529,-73.97,16,0,0,0
40.745,-73.9887,21,0,0,0
40.7388,-74.0067,17,0,0,0
40.7465,-73.992,6,0,0,0
40.7168,-74.0074,11,0,0,0
40.7288,-73.9967,10,0,0,0
40.7333,-74.0063,8,0,0,0
40.7183,-74.0054,19,0,0,0
40.7565,-73.9886,18,0,0,0
40.7499,-73.9814,17,0,0,0
40.7073,-74.0043,20,0,0,0
40.7437,-73.989,14,0,0,0
40.7593,-73.9722,14,0,0,0
40.728,-73.9882,18,1,0,0
40.742,-73.9907,16,1,0,0
40.7439,-74.0063,15,0,0,0
40.7201,-73.9568,10,0,0,0
40.7745,-73.9084,6,0,0,0
40.753,-74.0039,13,1,0,0
40.6716,-73.9576,17,1,0,0
40.717,-73.9653,21,0,0,0
40.767,-73.9833,16,1,0,0
40.7422,-73.9515,14,0,0,0
40.6857,-73.9817,21,0,0,0
40.7361,-73.9996,14,0,0,0
40.7687,-73.8629,10,0,0,0
40.7457,-73.9992,20,0,0,0
40.7294,-73.9871,23,0,0,0
40.716,-74.0151,17,0,0,0
40.7366,-73.993,21,0,0,0
40.7181,-74.0032,21,0,0,0
40.7783,-73.9531,16,0,0,0
40.7248,-73.9841,23,0,0,0
40.7577,-73.9776,15,0,0,0
40.739,-73.9875,12,0,0,0
40.7589,-73.9769,16,0,0,0
40.7304,-74.0069,13,0,0,0
40.774,-73.873,13,0,0,0
40.6455,-73.982,20,0,0,0
40.7266,-74.0022,19,0,0,0
40.7412,-74.0075,20,1,0,0
40.7513,-73.9786,18,0,0,0
40.7251,-74.0026,15,0,0,0
40.7268,-73.98,8,0,0,0
40.7041,-74.0091,17,0,0,0
40.6962,-73.9924,5,0,0,0
40.7042,-74.0121,12,0,0,0
40.7069,-73.9225,1,1,0,0
40.7461,-73.9926,16,0,0,0
40.7493,-73.9765,16,0,0,0
40.7235,-73.9761,18,0,0,0
41.1291,-73.7546,17,1,-1,-1
40.7689,-73.969,7,0,0,0
40.7422,-73.9933,2,0,0,0
40.8006,-73.9586,3,0,0,0
40.7124,-73.9621,22,0,0,0
40.6908,-73.9219,16,0,0,0
40.7423,-73.9848,17,0,0,0
40.7302,-73.9546,20,1,0,0
40.7174,-74.0355,16,0,0,0
40.7849,-73.9558,16,1,0,0
40.7518,-73.9737,18,0,0,0
40.6889,-73.9889,9,0,0,0
40.7514,-73.976,18,1,0,0
40.7362,-73.9922,0,0,0,0
40.7155,-74.0023,11,0,0,0
40.7354,-73.9745,21,0,0,0
40.6407,-73.9758,16,0,0,0
40.7515,-74.0034,17,0,0,0
40.7527,-73.987,16,0,0,0
40.8477,-73.9406,11,0,0,0
40.6466,-73.7891,17,0,0,0
40.7284,-73.9997,17,1,0,0
40.7485,-73.9393,18,0,0,0
40.7648,-73.9759,18,0,0,0
40.7605,-73.9624,2,0,0,0
40.7505,-73.9947,17,0,0,0
40.7804,-73.9729,14,1,0,0
40.7535,-73.9871,19,0,0,0
40.7616,-73.9701,14,0,0,0
40.735,-73.9882,17,0,0,0
40.764,-73.9985,20,0,0,0
41.0788,-73.8239,13,0,-1,-1
40.7562,-73.9944,21,0,0,0
40.6863,-73.9772,21,1,0,0
40.6949,-74.1779,5,0,1,1
40.76,-73.9795,15,0,0,0
40.7528,-74.0262,23,0,0,0
40.7753,-73.9591,6,0,0,0
40.6415,-73.7888,16,0,0,0
40.7326,-73.9958,22,1,0,0
40.7219,-74.0041,10,0,0,0
40.7545,-73.8872,5,0,0,0
41.058,-73.8274,16,0,-1,-1
40.7168,-73.9575,23,1,0,0
40.7117,-73.9623,12,0,0,0
40.7318,-74.0072,20,0,0,0
40.7673,-73.9549,4,0,0,0
40.7584,-73.9707,19,0,0,0
40.7469,-73.9966,6,0,0,0
40.7388,-74.0081,16,1,0,0
40.7525,-73.9745,10,0,0,0
40.7297,-73.9931,23,1,0,0
40.7437,-73.988,20,0,0,0
40.7044,-73.9314,10,0,0,0
40.6501,-73.8887,19,0,0,0
40.7389,-73.9926,16,0,0,0
40.741,-73.9942,19,0,0,0
40.7546,-73.9814,19,0,0,0
40.7206,-73.9832,10,0,0,0
40.7163,-73.9965,13,0,0,0
40.7426,-73.9804,15,0,0,0
40.7403,-73.9997,2,0,0,0
40.7616,-73.9792,14,0,0,0
40.7249,-74.0079,16,0,0,0
40.7335,-73.9932,11,0,0,0
40.7614,-73.9678,11,0,0,0
40.7686,-73.8627,18,1,0,0
40.6601,-73.984,6,0,0,0
40.7517,-73.9706,15,0,0,0
40.7515,-74.0078,19,0,0,0
40.7388,-73.9962,21,0,0,0
40.732,-73.9902,20,1,0,0
40.7606,-73.9757,17,0,0,0
40.7713,-73.9813,16,0,0,0
40.7815,-73.9759,9,0,0,0
40.7282,-73.9831,22,0,0,0
40.7353,-73.9747,17,0,0,0
40.7077,-73.9684,17,0,0,0
40.7405,-74.0052,0,1,0,0
40.7581,-73.9753,8,0,0,0
40.728,-73.9822,21,0,0,0
40.7741,-73.8727,22,1,0,0
40.7209,-74.0052,12,1,0,0
40.73,-73.9806,9,0,0,0
40.7702,-73.9842,6,0,0,0
40.6841,-73.9922,19,0,0,0
40.7767,-73.953,1,1,0,0
40.7077,-74.0019,21,1,0,0
40.7716,-73.9821,20,0,0,0
40.7697,-73.9583,8,0,0,0
40.7787,-73.9512,22,0,0,0
40.7883,-73.9487,18,1,0,0
40.7381,-74.009,14,0,0,0
40.737,-74.0014,17,0,0,0
40.7193,-74.0097,14,0,0,0
40.7428,-73.958,16,1,0,0
40.7491,-73.992,13,1,0,0
40.7181,-74.0146,8,1,0,0
40.7166,-73.9617,9,1,0,0
40.7691,-73.9812,7,0,0,0
40.6617,-73.9969,11,0,0,0
40.7742,-73.9483,0,1,0,0
40.7279,-73.9849,6,0,0,0
40.6448,-73.7822,19,1,0,0
40.8094,-74.1595,15,1,-1,-1
40.7916,-73.9725,18,1,0,0
40.6446,-73.7825,14,0,0,0
40.7509,-73.9748,22,0,0,0
40.7534,-73.9753,14,0,0,0
40.6899,-73.9552,0,1,0,0
40.7446,-73.9876,12,0,0,0
40.7378,-74.0065,0,1,0,0
40.7569,-73.9983,19,1,0,0
40.7493,-73.9924,19,1,0,0
40.7634,-73.981,14,0,0,0
40.7002,-73.9289,21,0,0,0
40.7709,-73.9533,6,0,0,0
40.7204,-73.9895,7,0,0,0
40.7449,-73.9783,14,1,0,0
40.778,-73.9539,10,1,0,0
40.7773,-73.9546,0,1,0,0
40.7438,-73.9971,15,0,0,0
40.7112,-74.0159,12,0,0,0
40.7275,-74.0073,18,0,0,0
40.8008,-73.9689,18,0,0,0
40.7698,-73.9586,7,0,0,0
40.7088,-74.0072,15,1,0,0
40.7084,-73.9242,22,0,0,0
40.7777,-73.9797,9,0,0,0
40.7538,-73.9743,20,0,0,0
40.7465,-73.9464,16,1,0,0
40.7403,-74.0058,17,0,0,0
40.7538,-73.9804,17,0,0,0
40.768,-73.963,18,0,0,0
40.7462,-73.9841,11,0,0,0
40.7005,-73.8079,7,0,0,0
40.8366,-74.1461,19,0,-1,-1
40.7573,-73.9977,15,1,0,0
40.7307,-73.9905,18,0,0,0
40.7541,-73.966,20,0,0,0
40.737,-74.0027,21,0,0,0
40.7227,-73.9959,19,0,0,0
40.7172,-74.0094,21,0,0,0
40.757,-73.9888,12,0,0,0
40.7608,-73.9611,17,1,0,0
40.7286,-73.9999,12,1,0,0
40.7151,-73.9564,7,0,0,0
40.7558,-73.9754,17,0,0,0
40.7495,-73.992,0,1,0,0
40.7314,-73.9885,16,0,0,0
40.7399,-73.9986,11,0,0,0
40.7354,-74.0083,18,0,0,0
40.7672,-73.9688,16,0,0,0
40.7382,-74.0086,7,0,0,0
40.7413,-74.0335,20,0,0,0
40.7566,-73.9702,14,0,0,0
40.7657,-73.9698,19,0,0,0
40.7175,-73.9905,18,1,0,0
40.6455,-73.7767,13,1,0,0
40.7264,-73.9958,11,0,0,0
40.7788,-73.9613,0,0,0,0
40.7655,-73.9758,12,0,0,0
40.7312,-74.0013,19,0,0,0
40.7259,-74.0029,13,0,0,0
40.7741,-73.9812,10,0,0,0
40.7287,-74.0069,17,0,0,0
40.6485,-73.7827,21,0,0,0
40.7194,-73.9407,11,0,0,0
40.7458,-73.9466,18,1,0,0
40.7522,-73.9876,16,0,0,0
40.7216,-73.9974,22,1,0,0
40.7449,-73.9935,18,0,0,0
40.734,-74.0045,13,1,0,0
40.7614,-73.9996,8,0,0,0
40.7198,-74.0027,7,0,0,0
40.7784,-73.9822,19,0,0,0
40.7224,-73.9863,23,0,0,0
40.7662,-73.962,9,0,0,0
40.7424,-74.0048,0,1,0,0
40.7476,-73.9845,22,0,0,0
40.7262,-73.9945,17,0,0,0
40.7214,-73.9927,16,1,0,0
40.7692,-73.9631,12,0,0,0
40.7589,-73.9711,16,0,0,0
40.7604,-73.9638,9,0,0,0
40.7908,-73.9764,17,0,0,0
40.76,-73.9681,9,0,0,0
40.771,-73.8657,16,0,0,0
40.7563,-73.9833,18,0,0,0
40.7204,-73.9545,15,1,0,0
40.7593,-73.9929,3,1,0,0
40.7903,-73.9679,7,1,0,0
40.6904,-74.178,17,0,1,1
40.7541,-73.9883,21,0,0,0
40.73,-74.0037,6,0,0,0
40.7588,-73.9708,15,0,0,0
40.746,-73.9726,18,1,0,0
40.7442,-73.9804,10,0,0,0
40.7047,-74.0127,17,0,0,0
40.7448,-73.9782,7,0,0,0
40.7644,-73.9688,14,0,0,0
40.7014,-73.9836,15,0,0,0
40.7252,-74.0035,18,1,0,0
40.7592,-73.9606,16,0,0,0
40.6064,-73.9618,1,1,0,0
40.7857,-73.9764,17,0,0,0
40.7289,-73.9938,17,1,0,0
40.7186,-73.841,16,1,0,0
40.7633,-73.9806,14,0,0,0
40.7301,-73.9964,11,0,0,0
40.7883,-73.9755,20,0,0,0
40.6939,-73.9836,10,1,0,0
40.7649,-73.9705,19,0,0,0
40.7742,-73.8711,22,0,0,0
40.7046,-73.9412,3,0,0,0
40.7202,-73.9934,17,0,0,0
40.7252,-73.9991,18,0,0,0
40.7783,-73.9851,6,0,0,0
40.763,-73.972,18,0,0,0
40.7531,-73.9718,14,0,0,0
40.774,-73.8726,20,0,0,0
40.7727,-73.967,15,1,0,0
40.7656,-73.963,19,1,0,0
40.7644,-73.9774,8,0,0,0
40.7511,-73.9733,18,0,0,0
40.7698,-73.9601,18,0,0,0
40.7411,-73.9962,20,0,0,0
40.774,-73.8727,18,0,0,0
40.741,-74.005,16,1,0,0
40.7798,-73.977,15,1,0,0
40.7141,-73.8414,13,0,0,0
40.7743,-73.9592,14,0,0,0
40.7413,-73.994,18,0,0,0
40.6924,-73.9493,8,1,0,0
40.7441,-74.0066,1,1,0,0
40.7598,-73.9742,21,0,0,0
40.7943,-73.3565,17,0,-1,-1
40.6914,-73.9845,8,0,0,0
40.7671,-73.9699,17,0,0,0
40.7309,-73.9836,21,1,0,0
40.7381,-74.0082,17,1,0,0
40.7616,-73.9627,9,0,0,0
40.7558,-73.9234,20,0,0,0
40.7396,-74.0054,3,1,0,0
40.7427,-73.9865,16,0,0,0
40.7288,-74.0053,22,0,0,0
40.7664,-73.9684,11,0,0,0
40.7601,-73.9598,0,0,0,0
40.771,-73.866,8,0,0,0
40.6768,-73.9801,0,1,0,0
40.7683,-73.9628,8,0,0,0
40.7687,-73.9677,12,1,0,0
40.7375,-73.997,18,0,0,0
40.7277,-74.0074,15,0,0,0
40.7591,-73.9961,22,0,0,0
40.7133,-74.004,23,1,0,0
40.7453,-74.0023,13,0,0,0
40.7547,-73.9842,21,0,0,0
40.7193,-73.9999,3,0,0,0
40.7593,-73.9764,17,0,0,0
40.7215,-74.0034,22,0,0,0
40.7238,-73.9837,18,1,0,0
40.7656,-73.9803,23,1,0,0
40.7355,-74.0034,18,0,0,0
40.742,-73.9807,3,1,0,0
40.7257,-73.9989,9,0,0,0
40.7717,-73.9898,20,0,0,0
40.7646,-73.9783,16,0,0,0
40.7513,-73.8888,18,0,0,0
40.7701,-73.8647,9,0,0,0
40.7452,-73.9961,8,1,0,0
40.7212,-73.9876,9,0,0,0
40.7465,-73.9744,20,0,0,0
40.7194,-73.9998,15,0,0,0
40.6811,-73.883,22,0,0,0
40.7535,-73.9745,15,0,0,0
40.7732,-73.8857,9,0,0,0
40.7246,-73.9958,21,1,0,0
40.7735,-73.9817,20,0,0,0
40.7419,-74.0039,3,0,0,0
40.7178,-73.9972,18,0,0,0
40.7603,-73.9594,18,0,0,0
40.6844,-73.9354,20,1,0,0
40.818,-73.9607,21,0,0,0
40.7071,-74.0052,13,0,0,0
40.659,-73.9815,17,1,0,0
40.6874,-73.9863,8,0,0,0
40.7607,-73.9806,22,0,0,0
40.7102,-73.9635,2,1,0,0
40.7408,-73.9951,16,0,0,0
40.7593,-73.9946,6,0,0,0
40.771,-73.8659,21,1,0,0
40.7093,-74.0108,15,1,0,0
40.7643,-73.9885,17,1,0,0
40.7369,-73.9893,20,0,0,0
40.7324,-74.0061,0,0,0,0
40.7388,-74.0071,11,0,0,0
40.7611,-73.9974,21,1,0,0
40.7565,-73.9703,22,0,0,0
40.6907,-73.9965,19,0,0,0
40.7573,-73.9734,14,0,0,0
40.7199,-73.9899,12,1,0,0
40.8093,-73.9655,8,0,0,0
40.7513,-73.9805,16,0,0,0
40.7041,-73.9301,9,0,0,0
40.7025,-73.9945,9,0,0,0
40.7433,-73.9917,12,1,0,0
41.0129,-74.1203,17,0,-1,-1
40.721,-73.9993,10,1,0,0
40.7759,-73.9773,6,0,0,0
40.7376,-74.0092,8,0,0,0
40.714,-73.9528,16,1,0,0
40.7598,-73.9858,5,0,0,0
40.684,-73.9668,21,0,0,0
40.7362,-73.988,10,1,0,0
40.718,-73.9597,12,1,0,0
40.736,-74.0403,8,0,0,0
40.7511,-73.9942,11,0,0,0
40.7642,-73.9738,18,1,0,0
40.7255,-73.9952,13,0,0,0
40.7063,-74.0092,19,0,0,0
40.7034,-73.9933,16,1,0,0
40.7258,-73.9519,15,0,0,0
40.7176,-74.0059,12,0,0,0
40.7507,-73.9873,9,0,0,0
40.7492,-73.9804,17,0,0,0
40.6459,-73.7767,16,1,0,0
40.7722,-73.9672,18,1,0,0
40.6728,-73.9782,20,0,0,0
40.7304,-73.9926,21,0,0,0
40.7228,-73.9554,23,0,0,0
40.7293,-74.0012,23,1,0,0
40.7097,-73.9959,16,0,0,0
40.6752,-74.0177,7,0,0,0
40.7162,-74.0148,17,0,0,0
40.6917,-73.9555,22,0,0,0
40.787,-73.972,8,0,0,0
40.7557,-73.9849,3,1,0,0
40.7739,-73.8726,21,0,0,0
40.7454,-73.9888,18,0,0,0
40.7559,-73.9728,5,0,0,0
40.6675,-73.7994,15,0,0,0
40.7461,-73.9828,23,0,0,0
40.72,-74.0013,8,0,0,0
40.6672,-73.9822,14,1,0,0
40.7211,-73.9993,21,1,0,0
40.7327,-73.9937,18,0,0,0
40.7712,-73.9873,12,1,0,0
40.7921,-73.9755,23,0,0,0
40.798,-73.9711,18,0,0,0
40.7315,-74.0597,9,1,0,0
40.7268,-73.9926,22,0,0,0
40.7532,-73.9805,17,0,0,0
40.6999,-73.9538,9,0,0,0
40.7092,-74.0137,17,0,0,0
40.6775,-73.9983,21,0,0,0
40.7464,-73.9774,16,0,0,0
40.7536,-73.9678,20,1,0,0
40.778,-73.9569,9,0,0,0
40.7033,-73.9914,22,1,0,0
40.7126,-73.9382,12,1,0,0
40.7376,-74.0033,23,0,0,0
40.7232,-74.0027,14,0,0,0
40.7499,-73.9835,20,0,0,0
40.6826,-73.9494,10,0,0,0
40.7425,-74.0041,10,0,0,0
40.7308,-73.9955,6,0,0,0
40.7346,-74.0099,19,0,0,0
40.7259,-73.9896,22,1,0,0
40.7345,-73.9877,14,0,0,0
40.7048,-74.0141,12,0,0,0
40.7518,-73.9723,22,0,0,0
40.6571,-73.9984,17,0,0,0
40.7266,-73.9848,6,0,0,0
40.7406,-74.0078,17,0,0,0
40.6805,-73.8438,14,0,0,0
40.7556,-73.9772,16,0,0,0
40.7515,-73.9854,20,0,0,0
40.7473,-73.9741,3,1,0,0
40.7384,-73.9843,20,0,0,0
40.7405,-73.9928,9,0,0,0
40.7831,-73.976,6,1,0,0
40.7163,-73.9876,15,0,0,0
40.7744,-73.9456,10,1,0,0
40.7666,-73.9787,13,0,0,0
40.7335,-74.0074,0,0,0,0
40.5788,-73.9533,8,1,0,0
40.7503,-73.9737,7,0,0,0
40.75,-73.9765,18,0,0,0
40.7708,-73.9489,20,1,0,0
40.7472,-73.9874,20,0,0,0
40.7929,-73.9732,22,0,0,0
40.7595,-73.9823,15,0,0,0
40.6833,-73.9816,4,0,0,0
40.7168,-74.0146,9,0,0,0
40.7552,-73.9864,19,0,0,0
40.7154,-73.9898,23,1,0,0
40.7595,-73.973,2,0,0,0
40.7633,-73.9719,15,0,0,0
40.7192,-73.9899,17,1,0,0
40.7453,-73.956,8,0,0,0
40.7341,-73.959,10,0,0,0
40.7703,-73.9499,1,0,0,0
40.7757,-73.983,11,1,0,0
40.7249,-73.995,23,0,0,0
40.7378,-73.9964,17,0,0,0
40.7714,-73.8662,16,0,0,0
40.7431,-73.9925,7,0,0,0
40.672,-74.0106,9,1,0,0
40.7313,-73.9943,20,0,0,0
40.7691,-73.9924,22,0,0,0
40.7383,-73.9949,15,1,0,0
40.6858,-73.9837,9,1,0,0
40.7562,-73.9905,19,0,0,0
40.7195,-74.0088,22,0,0,0
40.7401,-74.0073,21,0,0,0
40.7388,-73.9913,16,0,0,0
40.7346,-73.9989,16,1,0,0
40.7253,-73.992,22,0,0,0
40.7532,-73.9893,14,0,0,0
40.7147,-73.9478,21,1,0,0
40.7372,-73.9903,22,1,0,0
40.73,-74.0007,19,0,0,0
40.7741,-73.9491,15,0,0,0
40.7218,-74.0,17,1,0,0
40.6649,-73.9423,7,0,0,0
40.7221,-73.9964,5,0,0,0
40.7457,-73.9936,4,0,0,0
40.7456,-74.0051,16,0,0,0
40.7382,-73.9912,21,0,0,0
40.7305,-74.0027,6,0,0,0
40.7533,-73.9959,17,0,0,0
40.7182,-74.0102,15,0,0,0
40.7871,-73.9534,16,0,0,0
40.7657,-73.9903,8,0,0,0
40.6451,-73.7812,16,0,0,0
40.7438,-74.0066,16,0,0,0
40.7486,-73.9865,9,0,0,0
40.7235,-73.9997,1,1,0,0
40.7613,-73.9731,13,0,0,0
40.6598,-73.9111,11,0,0,0
40.7595,-73.9097,18,0,0,0
40.7499,-73.9835,10,0,0,0
40.7398,-74.0067,1,1,0,0
40.7618,-73.9699,17,0,0,0
40.7302,-74.0069,22,1,0,0
40.6467,-73.9762,11,0,0,0
40.771,-73.9494,18,0,0,0
40.7627,-73.97,16,0,0,0
40.7798,-73.9505,19,0,0,0
40.7546,-73.9801,18,0,0,0
40.7155,-74.0158,11,1,0,0
40.7394,-74.0062,10,0,0,0
40.7378,-73.9809,17,1,0,0
40.7544,-73.9775,15,0,0,0
40.7447,-73.8439,20,0,0,0
40.7215,-73.9842,8,1,0,0
40.7376,-74.0082,23,0,0,0
40.7635,-73.9743,17,0,0,0
40.7226,-73.9859,19,0,0,0
40.7582,-73.9855,23,0,0,0
40.7423,-73.992,11,1,0,0
40.7974,-73.9716,17,1,0,0
40.7607,-73.9802,20,0,0,0
40.889,-73.8933,14,0,0,0
40.7304,-73.7544,21,1,0,0
40.7373,-74.031,1,1,0,0
40.7796,-73.9799,18,0,0,0
40.693,-73.9986,21,1,0,0
40.7031,-73.9877,18,1,0,0
40.7407,-73.9896,16,0,0,0
40.7471,-73.9771,23,0,0,0
40.7072,-74.0048,12,1,0,0
40.7822,-73.9599,16,0,0,0
40.7601,-73.9576,17,1,0,0
40.7438,-74.0062,19,0,0,0
40.761,-73.9165,22,1,0,0
40.77,-73.9842,23,0,0,0
40.7612,-73.9795,11,0,0,0
40.7338,-73.9905,19,0,0,0
40.7636,-73.9774,15,0,0,0
40.7225,-73.9889,2,1,0,0
40.7745,-73.9556,8,0,0,0
40.7499,-73.984,21,0,0,0
40.7118,-73.9529,4,0,0,0
40.7621,-73.9747,2,1,0,0
40.7047,-74.0091,15,0,0,0
40.7658,-73.9611,15,0,0,0
40.7608,-73.9961,22,0,0,0
40.7242,-73.8556,7,1,0,0
40.6789,-74.0112,16,0,0,0
40.7279,-73.991,16,1,0,0
40.7803,-73.9613,14,0,0,0
40.7388,-74.0032,7,0,0,0
40.6737,-73.9851,10,1,0,0
40.7299,-73.9914,21,0,0,0
40.7285,-73.9787,13,0,0,0
40.7752,-73.9608,17,0,0,0
40.7221,-73.9962,18,1,0,0
40.7523,-73.9821,19,0,0,0
40.7632,-73.9784,21,0,0,0
40.7123,-73.9557,15,0,0,0
40.7735,-73.9494,17,1,0,0
40.7215,-73.9955,17,0,0,0
40.733,-73.9582,13,0,0,0
40.7518,-73.9937,9,0,0,0
40.7614,-73.9867,12,0,0,0
40.7227,-73.9979,10,0,0,0
40.7556,-73.9875,0,0,0,0
40.7317,-73.9857,14,1,0,0
40.7499,-73.9814,18,0,0,0
40.7618,-73.9745,17,1,0,0
40.7468,-73.9805,8,0,0,0
40.6772,-73.9541,14,0,0,0
40.772,-73.9822,0,0,0,0
40.7436,-73.9729,9,0,0,0
40.8227,-73.9496,19,0,0,0
40.7639,-73.9585,17,1,0,0
40.6794,-74.0117,14,0,0,0
40.7669,-73.9677,22,0,0,0
40.735,-74.0061,20,1,0,0
40.7739,-73.8716,20,1,0,0
40.7291,-73.9841,22,0,0,0
40.7284,-74.0033,22,0,0,0
40.7304,-73.9833,2,0,0,0
40.7859,-73.9509,19,0,0,0
40.7341,-73.9998,15,1,0,0
40.726,-73.9865,22,0,0,0
40.752,-73.986,16,0,0,0
40.7121,-73.9663,15,1,0,0
40.7271,-74.0033,15,1,0,0
40.7737,-73.871,20,0,0,0
40.7559,-73.9964,0,0,0,0
40.769,-73.9552,16,1,0,0
40.8268,-73.9514,10,0,0,0
40.7246,-73.9784,8,0,0,0
40.8045,-73.9673,10,0,0,0
40.7311,-73.9757,11,0,0,0
40.7064,-74.0177,19,0,0,0
40.7189,-73.9587,22,0,0,0
40.772,-73.962,11,1,0,0
40.6759,-74.0164,17,0,0,0
40.7255,-73.9986,19,0,0,0
40.7644,-73.9773,14,1,0,0
40.647,-73.7896,16,0,0,0
40.7576,-73.9671,19,0,0,0
40.808,-73.9642,8,1,0,0
40.7343,-73.956,6,0,0,0
40.7743,-73.8728,16,0,0,0
40.7888,-73.9553,17,1,0,0
40.7515,-73.9754,17,0,0,0
40.7179,-73.9549,19,1,0,0
40.7581,-73.9751,6,0,0,0
40.7501,-73.9945,19,0,0,0
40.7237,-73.9969,16,0,0,0
40.649,-74.0,7,1,0,0
40.7313,-73.9922,19,0,0,0
40.8001,-73.9709,11,0,0,0
40.8232,-73.9288,16,1,0,0
40.7478,-73.985,18,0,0,0
40.7428,-73.9948,17,0,0,0
40.7435,-73.9726,23,0,0,0
40.7277,-73.9912,21,0,0,0
40.5849,-73.927,21,0,0,0
40.765,-73.967,13,1,0,0
40.681,-73.9965,1,0,0,0
40.724,-73.9969,18,0,0,0
40.6168,-73.9785,13,0,0,0
40.7479,-74.0046,3,1,0,0
40.7075,-73.9493,19,0,0,0
40.7081,-74.0036,18,1,0,0
40.7757,-73.9841,10,0,0,0
40.7169,-73.9587,23,0,0,0
40.7685,-73.8624,21,0,0,0
40.7345,-73.9981,22,0,0,0
40.7842,-73.9788,5,0,0,0
40.765,-73.9766,21,0,0,0
40.7271,-74.0008,16,0,0,0
40.7268,-73.9778,22,1,0,0
40.7288,-73.9994,3,0,0,0
40.7049,-74.0077,13,0,0,0
40.7732,-73.8856,17,0,0,0
40.7617,-73.9866,9,0,0,0
40.7675,-73.9909,16,0,0,0
40.6952,-73.9306,13,0,0,0
40.7116,-74.0105,0,1,0,0
40.7273,-74.0005,8,0,0,0
40.7576,-74.0008,14,0,0,0
40.7524,-73.9772,15,0,0,0
40.7258,-73.9979,13,0,0,0
40.746,-73.9841,19,1,0,0
40.7286,-73.9817,17,0,0,0
40.7672,-73.9824,12,1,0,0
40.7784,-73.983,9,0,0,0
40.7568,-73.976,16,0,0,0
40.7203,-73.9981,22,0,0,0
40.7585,-73.9629,14,1,0,0
40.7477,-74.0495,5,0,0,0
40.7329,-73.9884,20,0,0,0
40.711,-74.0159,23,1,0,0
40.7027,-74.014,12,1,0,0
40.7421,-73.9792,9,0,0,0
40.7065,-73.9482,22,1,0,0
40.7381,-73.9962,9,0,0,0
40.7652,-73.9613,10,1,0,0
40.8873,-73.9052,23,0,0,0
40.7605,-73.9621,23,0,0,0
40.6809,-73.9797,5,0,0,0
40.7448,-74.0062,21,0,0,0
40.7346,-73.9988,18,0,0,0
40.6903,-74.1785,6,1,1,1
40.7444,-73.9843,18,0,0,0
40.706,-74.018,20,1,0,0
40.8223,-73.9438,19,0,0,0
40.7714,-73.9594,16,0,0,0
40.7192,-74.0086,20,0,0,0
40.7332,-74.0057,17,0,0,0
40.6742,-73.9747,21,1,0,0
40.7334,-73.9896,15,0,0,0
40.8102,-73.943,8,0,0,0
40.7741,-73.8728,15,0,0,0
40.758,-73.9898,10,1,0,0
40.6948,-74.1778,23,0,1,1
40.7646,-73.9815,13,0,0,0
40.737,-73.9888,23,1,0,0
40.7473,-73.985,18,0,0,0
40.7413,-73.9933,22,0,0,0
40.79,-73.9542,10,0,0,0
40.7525,-73.993,5,0,0,0
40.6976,-73.9929,23,0,0,0
40.7492,-73.991,23,0,0,0
40.7024,-73.9859,15,1,0,0
40.7371,-74.0014,1,1,0,0
40.7887,-73.9553,7,0,0,0
40.7265,-73.9802,21,0,0,0
40.764,-73.9941,11,1,0,0
40.7023,-73.9897,17,1,0,0
40.7565,-73.9821,20,0,0,0
40.7393,-73.999,16,0,0,0
40.7563,-73.9726,6,0,0,0
40.7212,-73.9563,8,0,0,0
40.7424,-73.9482,7,0,0,0
40.7072,-73.9443,16,0,0,0
40.7639,-73.9586,23,1,0,0
40.7102,-74.0162,9,0,0,0
40.751,-73.9839,18,0,0,0
40.7852,-73.9772,9,0,0,0
40.7316,-73.9893,12,0,0,0
40.6657,-73.8059,10,0,0,0
40.757,-73.9699,11,0,0,0
40.7812,-73.9593,10,0,0,0
40.7466,-73.9938,16,0,0,0
40.7237,-74.0078,21,0,0,0
40.7285,-74.0,12,0,0,0
40.7163,-74.013,15,0,0,0
40.7633,-73.9963,1,1,0,0
40.7235,-73.9824,1,1,0,0
40.7516,-73.9799,14,0,0,0
40.7413,-74.0016,17,0,0,0
40.7262,-73.9918,0,1,0,0
40.7585,-73.9695,12,0,0,0
40.8372,-73.8408,12,0,0,0
40.6895,-73.9543,18,1,0,0
40.711,-74.0171,17,0,0,0
40.7045,-74.0059,16,0,0,0
40.7484,-73.9747,18,1,0,0
40.8546,-73.8535,19,1,0,0
40.7204,-74.0036,16,0,0,0
40.7392,-73.9879,17,0,0,0
40.7533,-73.9841,14,0,0,0
40.6866,-73.8297,20,0,0,0
40.7751,-73.9547,23,0,0,0
40.802,-73.9614,19,0,0,0
40.7293,-73.9987,13,1,0,0
40.6118,-73.9526,7,0,0,0
40.7256,-73.9808,8,0,0,0
40.7668,-73.9872,17,0,0,0
40.678,-73.9737,6,0,0,0
40.6775,-73.9982,23,1,0,0
40.767,-73.9535,15,0,0,0
40.8082,-73.9639,10,0,0,0
40.9364,-73.9024,17,0,-1,0
40.719,-73.9891,17,1,0,0
40.7234,-73.9507,21,1,0,0
40.7539,-73.9632,10,0,0,0
40.7739,-73.8723,20,0,0,0
40.7311,-74.0103,16,1,0,0
40.7493,-73.9759,19,1,0,0
40.719,-73.8419,10,1,0,0
40.7267,-73.9768,7,0,0,0
40.7446,-73.9851,16,0,0,0
40.7533,-73.996,20,0,0,0
40.7232,-73.9999,19,0,0,0
40.7656,-73.9699,14,1,0,0
40.7487,-73.9424,23,1,0,0
40.8177,-73.9383,8,1,0,0
40.7146,-73.9616,16,1,0,0
40.7286,-73.9897,19,0,0,0
40.71,-73.9685,22,0,0,0
40.7184,-73.9928,8,0,0,0
40.758,-73.9748,12,0,0,0
40.7081,-74.0118,18,0,0,0
40.7452,-73.9942,17,0,0,0
40.8138,-73.9479,16,0,0,0
40.7421,-73.9909,14,0,0,0
40.7718,-73.9651,9,0,0,0
40.7723,-73.979,13,0,0,0
40.7209,-74.004,18,0,0,0
40.7552,-73.9823,19,0,0,0
40.7647,-73.9758,20,0,0,0
40.7405,-74.0085,18,0,0,0
40.684,-73.9963,5,0,0,0
40.7083,-74.0174,11,1,0,0
40.688,-73.9976,20,0,0,0
40.6755,-73.9747,14,1,0,0
40.647,-73.789,23,0,0,0
40.6447,-73.7827,19,0,0,0
40.7364,-73.9553,0,1,0,0
40.717,-74.0019,4,0,0,0
40.7747,-73.9542,17,0,0,0
40.7179,-73.9827,18,1,0,0
40.7166,-74.0148,17,0,0,0
40.7484,-73.9786,19,0,0,0
40.7851,-73.977,19,0,0,0
40.7356,-73.9988,11,0,0,0
40.7337,-74.0068,7,0,0,0
40.7805,-73.958,20,0,0,0
40.7419,-74.0036,22,0,0,0
40.6214,-73.9151,0,0,0,0
40.669,-73.9932,19,1,0,0
40.7709,-73.9489,20,0,0,0
40.7073,-73.9126,21,1,0,0
40.7206,-74.0326,20,0,0,0
40.7723,-73.9871,8,0,0,0
40.6913,-73.9842,12,1,0,0
40.7204,-74.0033,9,1,0,0
40.7165,-74.0114,16,0,0,0
40.6777,-73.9839,20,1,0,0
40.7421,-73.9913,19,0,0,0
40.7561,-73.9764,12,0,0,0
40.7927,-73.9733,9,0,0,0
40.7255,-73.9779,7,0,0,0
40.7537,-73.9853,17,0,0,0
40.7129,-73.9959,14,0,0,0
40.6722,-73.9502,10,1,0,0
40.6916,-73.9862,8,1,0,0
40.7451,-73.995,16,0,0,0
40.7414,-74.0062,22,0,0,0
40.7426,-73.996,14,1,0,0
40.7403,-74.002,13,0,0,0
40.6123,-73.9054,15,0,0,0
40.7552,-73.9927,16,1,0,0
40.7197,-74.0063,17,1,0,0
40.7328,-74.0001,22,0,0,0
40.7552,-73.9704,12,0,0,0
40.685,-74.0025,15,1,0,0
40.7479,-73.985,0,1,0,0
40.7751,-73.9636,11,0,0,0
40.7499,-73.8657,7,0,0,0
40.7162,-74.0126,17,0,0,0
40.7542,-73.974,16,0,0,0
40.7176,-73.9494,17,1,0,0
40.7685,-73.8624,12,0,0,0
40.755,-73.9684,21,1,0,0
40.7346,-73.9922,21,0,0,0
40.7081,-73.9178,3,0,0,0
40.7173,-74.0048,6,0,0,0
40.7377,-74.0025,9,0,0,0
40.7373,-73.9906,21,1,0,0
40.7209,-73.9956,2,0,0,0
40.7033,-73.9906,19,0,0,0
40.7584,-73.8997,10,0,0,0
40.72,-73.988,22,1,0,0
40.6869,-73.985,20,0,0,0
40.7256,-73.9951,15,0,0,0
40.7716,-73.9827,9,0,0,0
40.7615,-73.9751,19,0,0,0
40.7753,-73.9621,22,1,0,0
40.7356,-74.0081,8,0,0,0
40.7158,-74.0116,18,1,0,0
40.7081,-73.9427,16,1,0,0
40.7589,-73.9727,16,0,0,0
40.7619,-73.9824,13,0,0,0
40.7244,-73.991,15,0,0,0
40.7685,-73.8627,17,0,0,0
40.7047,-74.0145,17,0,0,0
40.7833,-73.9788,16,0,0,0
40.7226,-73.94,14,0,0,0
40.7594,-73.992,21,1,0,0
40.6459,-73.7768,21,1,0,0
40.7436,-73.9839,18,1,0,0
40.7522,-73.9858,8,0,0,0
40.7764,-73.9797,17,0,0,0
40.7549,-73.9842,18,1,0,0
40.7201,-73.992,6,0,0,0
40.7707,-73.9857,19,0,0,0
40.7422,-74.0042,23,0,0,0
40.759,-73.981,19,0,0,0
40.6661,-73.9758,20,1,0,0
40.7297,-73.9987,15,0,0,0
40.7237,-73.9488,21,0,0,0
40.7395,-74.0019,2,1,0,0
40.7406,-74.0086,0,1,0,0
40.7542,-73.9764,17,0,0,0
40.7293,-73.9922,7,0,0,0
40.7586,-73.9731,15,0,0,0
40.6851,-73.91,19,1,0,0
40.7513,-73.9771,21,0,0,0
40.7558,-73.9706,11,0,0,0
40.733,-73.9753,7,0,0,0
40.7731,-73.8855,18,0,0,0
40.7655,-73.926,12,1,0,0
40.7738,-73.872,21,0,0,0
40.736,-73.9852,6,0,0,0
40.7696,-73.9809,15,0,0,0
40.7059,-74.0168,16,1,0,0
40.7492,-73.984,8,1,0,0
40.7133,-73.9374,22,0,0,0
40.7285,-73.9963,16,1,0,0
40.7166,-74.0133,6,0,0,0
40.7142,-74.015,18,0,0,0
40.756,-73.9835,17,0,0,0
40.7297,-73.9997,23,0,0,0
40.7409,-74.0074,18,0,0,0
40.7443,-73.9903,16,0,0,0
40.7751,-73.9492,7,0,0,0
40.7606,-73.9719,13,0,0,0
40.7487,-74.0362,18,0,0,0
40.7426,-73.9968,7,0,0,0
40.7629,-73.9778,19,0,0,0
40.7408,-74.0076,21,0,0,0
40.7187,-74.0088,21,1,0,0
40.7751,-73.9593,0,1,0,0
40.754,-73.9867,15,0,0,0
40.7411,-74.0017,0,0,0,0
40.7217,-73.9999,22,0,0,0
40.7098,-73.9685,17,0,0,0
40.6914,-73.9447,4,0,0,0
40.7292,-73.9813,11,0,0,0
40.7402,-73.994,16,0,0,0
40.7754,-73.9897,9,0,0,0
40.7318,-74.0009,16,0,0,0
40.7473,-74.0082,17,0,0,0
40.7486,-73.9881,8,0,0,0
40.7765,-73.9584,8,0,0,0
40.7452,-73.9306,20,0,0,0
40.7447,-74.0062,15,0,0,0
40.7205,-73.7974,12,0,0,0
40.6484,-73.7847,16,0,0,0
40.7279,-73.9911,7,0,0,0
40.698,-73.9973,13,1,0,0
40.7315,-74.0049,19,0,0,0
40.7636,-73.9821,22,1,0,0
40.7795,-73.9617,16,0,0,0
40.7201,-73.9839,13,1,0,0
40.7561,-73.9907,21,1,0,0
40.7907,-73.9664,14,0,0,0
40.715,-74.0115,20,0,0,0
40.7464,-73.9758,23,0,0,0
40.731,-73.9814,6,0,0,0
40.7234,-73.9505,8,0,0,0
40.7191,-74.0087,21,0,0,0
40.6666,-73.9786,11,0,0,0
40.7652,-73.9723,20,0,0,0
40.7194,-74.0087,18,0,0,0
40.745,-73.9896,5,0,0,0
40.7656,-73.9548,16,0,0,0
40.6463,-73.777,18,0,0,0
40.7684,-73.9691,14,0,0,0
40.7377,-73.9933,18,0,0,0
40.7305,-73.9957,11,0,0,0
40.6463,-74.0093,22,0,0,0
40.7503,-73.9791,10,0,0,0
40.7895,-73.9264,16,0,0,0
40.6804,-74.0104,14,1,0,0
40.7091,-73.9552,6,0,0,0
40.7231,-73.9974,17,1,0,0
40.7421,-73.9883,18,0,0,0
40.7211,-73.9585,19,0,0,0
40.7433,-73.977,20,0,0,0
40.6434,-73.9648,6,0,0,0
40.7289,-73.9846,22,1,0,0
40.7311,-73.9899,23,0,0,0
40.7346,-73.9791,8,0,0,0
40.7501,-74.0026,2,1,0,0
40.76,-73.9915,22,0,0,0
40.7602,-73.9714,19,0,0,0
40.7569,-73.972,8,0,0,0
40.7198,-73.9993,14,0,0,0
40.7627,-73.9679,10,0,0,0
40.6457,-73.7803,17,0,0,0
40.7605,-73.9703,14,0,0,0
40.7634,-73.9866,13,0,0,0
40.7642,-73.9766,16,0,0,0
40.6449,-73.782,19,1,0,0
40.7543,-73.9877,19,0,0,0
40.7539,-73.9885,16,0,0,0
40.7365,-74.006,14,1,0,0
40.7446,-73.9889,17,0,0,0
40.7325,-73.985,0,1,0,0
40.7604,-73.9796,19,0,0,0
40.7471,-73.9972,22,1,0,0
40.7302,-74.0082,16,0,0,0
40.7387,-74.0091,18,0,0,0
40.6587,-73.646,23,0,5,-1
40.7698,-73.9864,12,0,0,0
40.7256,-74.005,10,0,0,0
40.7264,-73.9986,14,0,0,0
40.6804,-73.9974,8,0,0,0
40.7385,-73.9955,19,0,0,0
40.7687,-73.952,14,0,0,0
40.7613,-73.973,18,0,0,0
40.7207,-73.9833,20,0,0,0
40.781,-73.9611,21,0,0,0
40.958,-73.7956,18,0,-1,-1
40.7601,-73.9945,17,0,0,0
40.7688,-73.9683,9,0,0,0
40.752,-73.9797,16,0,0,0
40.7667,-73.9789,19,1,0,0
40.7621,-73.9683,16,0,0,0
40.7158,-74.0118,13,0,0,0
40.7547,-73.9875,21,0,0,0
40.7752,-73.9834,10,1,0,0
40.762,-74.001,20,0,0,0
40.7549,-73.9757,20,0,0,0
40.7237,-74.0024,11,1,0,0
40.6954,-73.9634,2,0,0,0
40.6907,-73.9919,12,0,0,0
40.7717,-73.9809,17,1,0,0
40.7319,-73.9937,7,0,0,0
40.7522,-73.9854,13,0,0,0
40.7128,-74.0097,16,0,0,0
40.8021,-73.9657,6,1,0,0
40.7548,-73.9736,8,0,0,0
40.7545,-73.983,18,0,0,0
40.7098,-74.016,18,0,0,0
40.7382,-74.0039,19,0,0,0
40.7147,-73.9912,23,1,0,0
40.7564,-73.9842,19,0,0,0
40.7645,-73.973,22,0,0,0
40.7918,-73.967,7,0,0,0
40.7547,-73.9838,22,0,0,0
40.7606,-73.9582,16,0,0,0
40.7034,-73.9909,6,0,0,0
40.7198,-73.9999,18,0,0,0
40.6822,-73.9616,19,0,0,0
40.7483,-73.9561,8,0,0,0
40.7387,-73.9846,17,1,0,0
40.7732,-73.9649,12,0,0,0
40.7453,-73.9868,15,0,0,0
40.6449,-73.7809,0,0,0,0
40.7362,-74.0059,23,0,0,0
40.7162,-73.8108,18,0,0,0
40.7346,-74.0023,19,0,0,0
40.7524,-73.9875,18,0,0,0
40.7431,-73.9855,0,0,0,0
40.7188,-74.0049,22,0,0,0
40.742,-73.9909,19,0,0,0
40.7568,-73.9672,19,0,0,0
40.7746,-73.9499,9,0,0,0
40.6483,-73.7832,21,1,0,0
40.7517,-73.9822,20,1,0,0
40.7673,-73.9961,2,1,0,0
40.7592,-73.9941,8,1,0,0
40.7498,-73.9492,17,0,0,0
40.7541,-73.9847,17,0,0,0
40.6571,-73.9804,8,0,0,0
40.6656,-73.976,20,0,0,0
40.7511,-73.9776,8,0,0,0
40.755,-73.9943,3,1,0,0
40.7155,-73.9142,22,1,0,0
40.7502,-73.9768,18,0,0,0
40.7692,-73.9828,9,1,0,0
40.7223,-73.9933,15,1,0,0
40.7233,-73.9974,19,0,0,0
40.754,-73.9922,23,0,0,0
40.7866,-73.9811,17,0,0,0
40.7435,-73.9888,19,0,0,0
40.644,-73.9745,6,0,0,0
40.7235,-73.9791,23,1,0,0
40.7218,-73.9999,18,0,0,0
40.786,-73.9769,21,0,0,0
40.7779,-73.9798,8,0,0,0
40.7467,-73.9859,16,0,0,0
40.7111,-74.0061,6,0,0,0
40.6665,-73.9756,15,0,0,0
40.7741,-73.8724,10,1,0,0
40.7774,-73.9505,11,0,0,0
40.7158,-73.9984,20,0,0,0
40.794,-73.9744,17,1,0,0
40.727,-73.9894,8,0,0,0
40.695,-73.9972,20,0,0,0
40.776,-73.9514,4,0,0,0
40.7332,-74.0023,8,0,0,0
40.7598,-73.9775,0,0,0,0
40.7456,-74.0086,15,0,0,0
40.7254,-73.9765,7,0,0,0
40.8844,-74.0572,14,1,4,-1
40.7502,-73.9948,14,0,0,0
40.7574,-73.9696,16,1,0,0
40.7074,-74.0071,0,1,0,0
40.714,-73.96,9,0,0,0
40.7576,-73.9649,6,0,0,0
40.7524,-73.9841,17,0,0,0
40.6847,-73.9643,21,1,0,0
40.7341,-74.0013,22,0,0,0
40.7537,-73.97,18,0,0,0
40.7607,-73.977,10,0,0,0
40.7788,-73.9824,9,1,0,0
40.7565,-73.9787,22,0,0,0
40.7746,-73.9818,13,0,0,0
40.736,-73.9912,8,0,0,0
40.7031,-73.9852,12,0,0,0
40.7557,-73.9757,14,0,0,0
40.7126,-73.9902,19,1,0,0
40.7212,-73.9832,1,0,0,0
40.8314,-73.9266,20,0,0,0
40.754,-73.9753,20,0,0,0
40.7436,-73.9579,8,0,0,0
40.7426,-73.9867,11,0,0,0
40.7744,-73.9797,22,0,0,0
40.7082,-74.0176,15,0,0,0
40.7437,-73.9868,18,0,0,0
40.7095,-74.014,10,0,0,0
40.7589,-73.9729,19,0,0,0
40.7576,-73.9664,11,0,0,0
40.7432,-73.9891,18,0,0,0
40.7179,-73.9564,7,0,0,0
40.7314,-74.0023,15,1,0,0
40.7723,-73.9821,18,1,0,0
40.7031,-74.0121,19,0,0,0
40.7341,-74.0026,23,0,0,0
40.7919,-73.9684,8,0,0,0
40.7455,-73.9913,19,0,0,0
40.645,-73.7817,16,1,0,0
40.7054,-74.0173,10,1,0,0
40.7807,-73.9495,19,0,0,0
40.7519,-73.9852,17,0,0,0
40.7845,-73.9555,17,0,0,0
40.7518,-73.9802,18,0,0,0
40.7395,-73.9829,13,1,0,0
40.7204,-73.9871,21,0,0,0
40.7207,-73.995,21,1,0,0
40.7828,-73.9736,10,0,0,0
40.7657,-73.909,23,0,0,0
40.7591,-73.9943,18,1,0,0
40.757,-73.9852,16,0,0,0
40.7338,-73.9806,20,1,0,0
40.738,-73.9889,22,0,0,0
40.7676,-73.981,19,0,0,0
40.759,-73.9725,13,0,0,0
40.6917,-73.9597,15,0,0,0
40.7199,-73.9856,18,0,0,0
40.7244,-73.9854,6,0,0,0
40.7564,-73.9739,16,0,0,0
40.7623,-73.9663,15,0,0,0
40.7404,-73.9944,9,1,0,0
40.7434,-73.9878,16,0,0,0
40.736,-74.0043,17,0,0,0
40.7371,-73.9789,8,0,0,0
40.7667,-73.9669,16,0,0,0
40.7582,-73.8576,6,0,0,0
40.76,-73.9885,2,1,0,0
40.7707,-73.9567,10,0,0,0
40.7414,-73.9934,1,1,0,0
40.7199,-74.0106,20,0,0,0
40.7793,-73.9788,10,0,0,0
40.7704,-73.9642,20,0,0,0
40.7553,-73.9756,12,0,0,0
40.643,-73.7895,13,0,0,0
40.7542,-73.9824,20,0,0,0
40.7456,-73.9722,8,0,0,0
40.782,-73.9462,20,0,0,0
40.7257,-74.0091,8,1,0,0
40.7386,-73.9849,13,0,0,0
40.7279,-74.0001,19,0,0,0
40.7676,-73.981,6,0,0,0
40.7072,-74.0045,17,0,0,0
40.7645,-73.9706,23,0,0,0
40.7597,-73.9818,17,0,0,0
40.7279,-73.9911,21,0,0,0
40.7565,-73.9925,20,0,0,0
40.7293,-74.0023,18,0,0,0
40.7491,-73.9737,4,0,0,0
40.7158,-73.9498,22,1,0,0
40.7587,-73.9756,17,0,0,0
40.718,-73.9921,0,1,0,0
40.7618,-73.9704,10,0,0,0
40.7556,-73.9836,14,0,0,0
40.7619,-74.0008,22,0,0,0
40.7869,-73.9812,19,0,0,0
40.7459,-73.9567,12,0,0,0
40.7446,-73.8951,20,1,0,0
40.6727,-73.9753,5,0,0,0
40.7165,-73.9969,20,0,0,0
40.7287,-73.9785,7,0,0,0
40.6854,-73.9612,8,0,0,0
40.7257,-73.9988,21,0,0,0
40.7218,-73.9962,21,0,0,0
40.725,-74.0058,17,1,0,0
40.7246,-73.9935,15,0,0,0
40.7538,-73.9765,19,0,0,0
40.7221,-74.0029,23,0,0,0
40.6874,-73.953,18,1,0,0
40.7134,-74.0111,6,0,0,0
40.769,-73.9695,7,0,0,0
40.7252,-73.9526,7,0,0,0
40.7334,-73.9854,15,0,0,0
40.7587,-73.9873,0,0,0,0
40.7417,-73.9873,20,0,0,0
40.731,-73.9786,13,0,0,0
40.7639,-73.9759,20,0,0,0
40.7632,-73.978,16,0,0,0
40.7615,-73.9758,12,0,0,0
40.7755,-73.9544,17,0,0,0
40.728,-73.999,0,1,0,0
40.6854,-73.9785,23,0,0,0
40.7271,-73.9564,16,1,0,0
40.709,-74.0076,17,1,0,0
40.7879,-73.9557,13,0,0,0
40.747,-74.0025,17,0,0,0
40.9051,-73.9026,9,1,0,0
40.7137,-74.0103,18,0,0,0
40.746,-73.9883,2,0,0,0
40.7896,-73.9545,15,0,0,0
40.7603,-73.9762,18,0,0,0
40.7012,-73.9211,23,0,0,0
40.7393,-73.9829,15,0,0,0
40.7282,-74.0073,17,0,0,0
40.7238,-73.8063,10,1,0,0
40.7447,-73.9569,14,1,0,0
40.7143,-73.9654,22,0,0,0
40.7255,-73.9766,21,0,0,0
40.7127,-73.9441,23,0,0,0
40.7718,-73.9822,20,0,0,0
40.7507,-73.9766,13,0,0,0
40.7471,-73.9898,18,0,0,0
40.7103,-73.996,2,1,0,0
40.7266,-73.9861,2,1,0,0
40.6463,-73.7769,20,1,0,0
40.7141,-73.9895,12,0,0,0
40.7781,-73.9824,16,0,0,0
40.7357,-74.0059,12,1,0,0
40.7509,-74.0057,13,0,0,0
40.7581,-73.984,22,0,0,0
40.7826,-73.949,9,0,0,0
40.8443,-73.9419,20,1,0,0
40.7914,-73.9619,18,1,0,0
40.7384,-73.9805,5,1,0,0
40.744,-73.9837,11,0,0,0
40.7523,-73.9997,17,0,0,0
40.7242,-73.9927,15,1,0,0
40.704,-74.0128,14,0,0,0
40.7741,-73.8725,18,0,0,0
40.6827,-73.9616,18,0,0,0
40.7244,-73.6406,21,0,0,-1
40.7669,-73.971,14,0,0,0
40.7277,-73.9801,7,1,0,0
40.7778,-73.975,15,0,0,0
40.772,-73.9897,7,0,0,0
40.879,-73.905,0,0,0,0
40.7447,-73.9993,9,0,0,0
40.7617,-73.9726,18,0,0,0
40.6977,-73.9939,22,0,0,0
40.7624,-73.9785,21,0,0,0
40.7451,-73.9957,13,0,0,0
40.7442,-74.0066,18,0,0,0
40.777,-73.9535,0,0,0,0
40.7141,-74.0095,17,0,0,0
40.8049,-73.9413,8,0,0,0
40.7381,-74.0026,11,0,0,0
40.7418,-73.9764,12,1,0,0
40.7306,-74.0017,2,0,0,0
40.7127,-74.0095,4,0,0,0
40.7486,-73.9805,7,0,0,0
40.6812,-74.0025,14,1,0,0
40.7381,-74.0089,19,0,0,0
40.7753,-73.9836,16,0,0,0
40.6991,-73.8147,13,0,0,0
40.7608,-73.9753,17,0,0,0
40.7623,-73.9788,22,0,0,0
40.6432,-73.7896,22,0,0,0
40.7145,-74.0156,20,0,0,0
40.7451,-73.987,17,0,0,0
40.7054,-74.0077,9,0,0,0
40.7571,-73.9633,15,0,0,0
40.7352,-74.0059,12,0,0,0
40.7241,-73.9828,17,0,0,0
40.7538,-73.9969,17,0,0,0
40.752,-73.9898,18,0,0,0
40.7232,-73.994,21,0,0,0
40.7187,-74.0004,19,1,0,0
40.8045,-73.9553,0,0,0,0
40.7458,-73.9818,19,0,0,0
40.7605,-73.9733,19,0,0,0
40.686,-73.9764,12,1,0,0
40.7197,-73.9603,17,1,0,0
40.857,-73.8843,10,0,0,0
40.7383,-73.9888,21,0,0,0
40.7794,-73.9475,7,0,0,0
40.7481,-74.0071,16,0,0,0
40.7476,-73.9488,8,0,0,0
40.775,-73.954,21,1,0,0
40.7536,-73.9719,12,0,0,0
40.7468,-73.9837,15,0,0,0
40.7178,-74.0141,21,0,0,0
40.7684,-73.9854,23,1,0,0
40.7684,-73.9846,12,0,0,0
40.7645,-73.9707,15,1,0,0
40.7664,-73.9823,10,0,0,0
40.7874,-73.9682,12,0,0,0
40.7637,-73.9709,15,0,0,0
40.7738,-73.9458,11,0,0,0
40.7207,-73.9843,18,0,0,0
40.7353,-73.9943,16,0,0,0
40.7607,-73.9993,18,0,0,0
40.7396,-73.9849,22,0,0,0
40.7094,-74.0097,15,1,0,0
40.764,-73.985,8,1,0,0
40.6447,-73.782,14,0,0,0
40.7199,-73.9557,21,0,0,0
40.7301,-73.9913,0,0,0,0
40.7678,-73.96,14,0,0,0
40.6622,-74.0948,13,1,-1,-1
40.771,-73.866,16,0,0,0
40.6224,-73.9638,16,1,0,0
40.765,-73.9704,16,1,0,0
40.6937,-73.9887,13,1,0,0
40.7328,-73.9836,17,0,0,0
40.719,-74.0026,23,0,0,0
40.7417,-73.9892,16,1,0,0
40.7447,-73.9729,8,0,0,0
40.6485,-73.7826,15,0,0,0
40.778,-73.9783,14,0,0,0
40.7205,-73.9824,11,1,0,0
40.7437,-73.9924,19,1,0,0
40.7444,-73.9957,19,0,0,0
40.6872,-73.9626,5,1,0,0
40.7404,-74.0058,22,0,0,0
40.7548,-73.8538,18,1,0,0
40.7279,-74.0013,23,0,0,0
40.6519,-73.8059,18,1,0,0
40.757,-73.9771,18,0,0,0
40.7683,-73.9835,6,0,0,0
40.8818,-73.9125,17,0,0,0
40.7437,-73.9906,19,0,0,0
40.6908,-74.1781,21,0,1,1
40.7708,-73.9478,7,0,0,0
40.7684,-73.9146,10,1,0,0
40.736,-74.006,22,0,0,0
40.7459,-73.9877,13,0,0,0
40.7061,-74.0161,5,0,0,0
40.7431,-74.0027,20,1,0,0
40.73,-73.8611,14,0,0,0
40.7569,-73.9699,18,0,0,0
40.7706,-73.9478,10,1,0,0
40.7205,-73.9946,16,0,0,0
40.7514,-74.0034,18,1,0,0
40.7487,-73.9923,21,0,0,0
40.7249,-73.9767,9,0,0,0
40.7356,-74.0028,16,0,0,0
40.7521,-73.9988,7,0,0,0
40.7309,-73.9932,16,1,0,0
40.7648,-73.9779,16,0,0,0
40.7262,-73.9921,6,0,0,0
40.7722,-73.9609,17,0,0,0
40.7794,-73.9755,8,0,0,0
40.7583,-73.9831,11,0,0,0
40.7488,-73.9823,19,0,0,0
40.7107,-73.9365,22,1,0,0
40.7272,-74.0003,22,0,0,0
40.7382,-74.0095,23,0,0,0
40.7346,-74.0005,5,0,0,0
40.7495,-74.0044,14,0,0,0
40.7191,-73.9964,22,1,0,0
40.6444,-73.7834,13,1,0,0
40.7643,-73.9737,19,0,0,0
40.7824,-73.9763,18,1,0,0
40.6411,-73.9715,4,0,0,0
40.7451,-73.9987,11,1,0,0
40.7218,-73.9997,17,0,0,0
40.6878,-74.1813,11,0,1,1
40.7443,-73.9203,9,0,0,0
40.7282,-73.9848,14,1,0,0
40.7739,-73.8717,21,0,0,0
40.711,-73.9607,10,0,0,0
40.774,-73.8725,16,0,0,0
40.7379,-73.9879,4,1,0,0
40.7455,-73.9954,12,0,0,0
40.7564,-73.9976,22,0,0,0
40.6776,-73.9484,9,0,0,0
40.7416,-73.9938,0,1,0,0
40.7651,-73.8719,15,0,0,0
40.7594,-73.9918,20,0,0,0
40.7659,-73.9834,12,0,0,0
40.7429,-74.004,19,0,0,0
40.8706,-73.8585,11,0,0,0
40.755,-73.9915,15,0,0,0
40.7439,-73.9913,17,0,0,0
40.7144,-73.9574,13,0,0,0
40.7683,-73.8624,19,0,0,0
40.7767,-73.949,17,0,0,0
40.7321,-74.0006,21,1,0,0
40.782,-73.9141,12,1,0,0
40.6887,-73.9422,19,1,0,0
40.7406,-74.0058,22,1,0,0
40.7381,-74.0088,11,1,0,0
40.7534,-73.9807,20,0,0,0
40.7165,-74.0165,11,1,0,0
40.7605,-73.9857,11,1,0,0
40.7703,-73.962,17,0,0,0
40.7179,-74.0065,22,0,0,0
40.7327,-73.9973,22,0,0,0
40.7473,-73.9936,18,0,0,0
40.7024,-73.9867,12,0,0,0
40.7636,-73.9749,21,0,0,0
40.7242,-73.991,18,1,0,0
40.7066,-74.0123,21,0,0,0
40.6714,-73.9548,19,0,0,0
40.768,-73.9852,8,0,0,0
40.6747,-74.0161,19,0,0,0
40.7209,-73.9597,23,0,0,0
40.7521,-73.7536,3,0,0,-1
40.7177,-73.9635,5,0,0,0
40.7306,-74.0044,18,0,0,0
40.7195,-73.9946,18,0,0,0
40.7742,-73.8723,0,0,0,0
40.7204,-74.0034,0,0,0,0
40.6545,-73.9742,22,1,0,0
40.7241,-74.0102,1,0,0,0
40.7494,-73.9841,12,1,0,0
40.7446,-73.973,22,1,0,0
40.7475,-74.002,19,0,0,0
40.7311,-74.0029,16,0,0,0
40.7075,-73.9494,23,1,0,0
40.7306,-73.978,22,1,0,0
40.7232,-73.9993,23,0,0,0
40.7354,-73.9921,16,0,0,0
40.7683,-73.8623,20,0,0,0
40.7781,-73.9629,9,0,0,0
40.759,-73.989,15,1,0,0
40.7414,-73.9905,16,0,0,0
40.6417,-73.7889,11,0,0,0
40.741,-74.0077,20,0,0,0
40.7393,-73.9979,9,0,0,0
40.7073,-74.0073,13,0,0,0
40.7412,-73.9929,12,0,0,0
40.8041,-73.9547,12,0,0,0
40.7332,-73.861,17,0,0,0
40.6774,-73.985,15,0,0,0
40.7301,-74.0082,15,0,0,0
40.7399,-74.0027,2,0,0,0
40.676,-73.9997,9,1,0,0
40.7815,-73.9806,19,0,0,0
40.7774,-73.9562,7,0,0,0
40.7344,-73.9783,0,1,0,0
40.6719,-74.0104,14,0,0,0
40.7053,-73.9299,20,0,0,0
40.7805,-73.9874,17,1,0,0
40.6634,-73.9913,1,1,0,0
40.76,-73.9825,18,0,0,0
40.7258,-73.9964,19,0,0,0
40.7103,-73.9634,2,0,0,0
40.7408,-74.0018,19,0,0,0
40.7564,-73.9727,6,0,0,0
40.7653,-73.98,13,0,0,0
40.769,-73.9696,16,1,0,0
40.7988,-73.9597,9,0,0,0
40.748,-73.9719,5,0,0,0
40.749,-73.973,8,1,0,0
40.6598,-73.9563,7,1,0,0
40.7258,-73.9848,14,0,0,0
40.7795,-73.9879,7,0,0,0
40.7172,-74.0038,12,0,0,0
40.8045,-73.9476,22,0,0,0
40.674,-73.9865,16,0,0,0
40.5965,-73.9728,9,0,0,0
40.7266,-73.9801,13,1,0,0
40.7806,-73.9578,13,0,0,0
40.8019,-73.9102,19,1,0,0
40.822,-73.9515,9,0,0,0
40.7698,-73.9649,17,0,0,0
40.6447,-73.782,6,0,0,0
40.744,-74.0068,1,0,0,0
40.7505,-73.9904,19,0,0,0
40.7513,-73.994,22,0,0,0
40.7616,-73.9648,19,1,0,0
40.7048,-73.9338,23,0,0,0
40.645,-73.7818,19,0,0,0
40.7483,-73.9764,19,0,0,0
40.7485,-73.9392,18,0,0,0
40.7704,-73.9623,17,1,0,0
40.647,-73.7894,21,1,0,0
40.7471,-73.9866,4,0,0,0
40.7345,-73.9835,13,0,0,0
40.7772,-73.952,13,0,0,0
40.7498,-73.9755,18,0,0,0
40.7431,-73.9963,17,1,0,0
40.7392,-73.9948,20,1,0,0
40.7788,-73.9625,9,0,0,0
40.767,-73.9834,7,0,0,0
40.6687,-73.9902,11,0,0,0
40.7488,-74.007,22,0,0,0
40.6879,-74.1827,18,1,1,1
40.764,-73.9558,17,0,0,0
40.7207,-73.9871,23,0,0,0
40.7513,-73.9854,16,0,0,0
40.6914,-73.9844,5,1,0,0
40.7213,-73.9881,22,1,0,0
40.7324,-73.9801,19,1,0,0
40.7261,-73.9836,16,0,0,0
40.7629,-73.982,9,0,0,0
40.7081,-74.0068,10,0,0,0
40.7716,-73.9592,14,1,0,0
40.7431,-74.0075,19,0,0,0
40.6916,-74.1771,9,0,1,1
40.7313,-74.0003,13,1,0,0
40.7174,-73.9528,12,0,0,0
40.7317,-74.0073,18,0,0,0
40.7746,-73.9614,14,1,0,0
40.7681,-73.862,20,0,0,0
40.7449,-73.9827,8,0,0,0
40.6768,-73.96,10,0,0,0
40.7711,-73.8663,7,0,0,0
40.7378,-73.9827,0,1,0,0
40.7527,-73.9814,18,0,0,0
40.7171,-74.0047,19,0,0,0
40.7325,-73.9854,1,1,0,0
40.6468,-73.7896,19,0,0,0
40.7293,-74.0015,15,1,0,0
40.7485,-74.0055,13,0,0,0
40.7166,-73.9569,18,1,0,0
40.7909,-73.9709,17,1,0,0
40.7272,-73.9922,23,0,0,0
40.7325,-73.9992,20,0,0,0
40.7581,-73.991,17,1,0,0
40.7357,-73.9895,19,0,0,0
40.7243,-74.0079,17,0,0,0
40.7403,-73.979,20,0,0,0
40.7356,-73.9827,16,0,0,0
40.755,-73.9839,21,0,0,0
40.7523,-73.9839,17,0,0,0
40.7684,-73.9814,21,0,0,0
40.7741,-73.8726,21,0,0,0
40.7482,-73.9927,9,0,0,0
40.7552,-73.9704,20,0,0,0
40.7263,-73.9934,12,0,0,0
40.7376,-74.0018,12,0,0,0
40.7606,-73.9714,15,0,0,0
40.7823,-73.9808,10,1,0,0
40.7044,-74.0076,13,0,0,0
40.7768,-73.9611,13,1,0,0
40.765,-73.9623,12,0,0,0
40.7327,-74.0014,18,0,0,0
40.756,-73.9686,7,1,0,0
40.7472,-74.0106,23,0,0,0
40.7592,-73.98,2,0,0,0
40.7546,-73.9639,18,0,0,0
40.6449,-73.7821,14,1,0,0
40.7194,-73.9618,17,0,0,0
40.7488,-73.9922,21,0,0,0
40.7028,-73.9442,10,1,0,0
40.7327,-73.9859,12,1,0,0
40.7435,-73.9841,20,0,0,0
40.7631,-73.978,16,0,0,0
40.6467,-73.7899,16,0,0,0
40.7388,-73.9928,16,0,0,0
40.7248,-73.981,11,1,0,0
40.7557,-73.9947,21,0,0,0
40.7196,-73.993,22,0,0,0
40.764,-73.9756,15,0,0,0
40.706,-73.9246,10,0,0,0
40.7644,-73.9721,13,0,0,0
40.7556,-73.9774,16,0,0,0
40.7433,-73.9799,6,0,0,0
40.7581,-73.9817,17,0,0,0
40.7395,-73.9952,11,0,0,0
40.7059,-74.0105,21,0,0,0
40.7455,-74.0021,6,0,0,0
40.7041,-74.009,15,0,0,0
40.731,-73.9889,21,0,0,0
40.7492,-73.9747,19,0,0,0
40.6886,-73.9871,18,0,0,0
40.72,-74.0026,16,1,0,0
40.7772,-73.978,19,0,0,0
40.7191,-73.9915,5,0,0,0
40.7786,-73.945,11,1,0,0
40.746,-74.0053,6,0,0,0
40.7437,-73.9921,8,0,0,0
40.7676,-73.981,19,0,0,0
40.7029,-73.9818,15,0,0,0
40.717,-74.0143,13,0,0,0
40.6866,-73.9145,5,1,0,0
40.7626,-73.9699,11,0,0,0
40.7348,-73.9586,18,0,0,0
40.7535,-73.9904,13,0,0,0
40.7283,-73.9887,22,0,0,0
40.7413,-73.9896,21,0,0,0
40.7076,-73.9249,21,0,0,0
40.7428,-73.9888,13,0,0,0
40.745,-73.9763,15,0,0,0
40.7195,-74.0086,19,0,0,0
40.7394,-74.0038,11,0,0,0
40.7739,-73.8716,21,0,0,0
40.8025,-73.9676,18,0,0,0
40.7588,-73.9707,22,1,0,0
40.7032,-73.9908,19,0,0,0
40.7685,-73.9695,6,0,0,0
40.7375,-73.9993,14,0,0,0
40.7372,-73.9984,12,0,0,0
40.7234,-73.993,23,1,0,0
40.7501,-73.9834,16,0,0,0
40.7647,-73.9958,23,0,0,0
40.7361,-73.9872,21,0,0,0
40.7242,-73.9974,7,0,0,0
40.7274,-73.9811,16,0,0,0
40.7612,-73.9667,22,0,0,0
40.7237,-74.0014,6,0,0,0
40.6447,-73.782,20,1,0,0
40.7669,-73.9676,14,1,0,0
40.7652,-73.9764,21,0,0,0
40.7982,-73.9327,18,1,0,0
40.7805,-73.9518,2,1,0,0
40.7297,-74.0474,13,0,0,0
40.7271,-73.9951,3,0,0,0
40.6867,-73.9337,2,0,0,0
40.7629,-73.9721,1,1,0,0
40.733,-73.9547,8,0,0,0
40.753,-73.9965,16,0,0,0
40.7299,-73.9989,18,0,0,0
40.7528,-73.9718,21,0,0,0
40.7308,-74.0044,8,0,0,0
40.731,-74.0067,15,0,0,0
40.705,-74.0169,14,0,0,0
40.7194,-73.9887,20,0,0,0
40.7336,-73.9952,7,0,0,0
40.7304,-74.0002,1,1,0,0
40.7353,-73.9943,15,0,0,0
40.7442,-74.0067,3,1,0,0
40.7265,-73.9959,9,0,0,0
40.7765,-73.9103,13,1,0,0
40.7345,-73.9963,6,0,0,0
40.7573,-73.984,0,0,0,0
40.7609,-73.9963,13,0,0,0
40.72,-73.9553,18,1,0,0
40.7257,-74.0055,20,0,0,0
40.7465,-73.9818,17,1,0,0
40.712,-74.0072,21,0,0,0
40.7457,-74.0085,16,1,0,0
40.7141,-74.0096,7,0,0,0
40.724,-74.0033,19,0,0,0
40.7389,-73.9847,19,0,0,0
40.7305,-74.0098,6,0,0,0
40.7497,-73.9713,18,0,0,0
40.6523,-73.8751,17,1,0,0
40.7501,-73.9877,17,0,0,0
40.7569,-73.9827,10,0,0,0
40.7304,-73.9929,14,0,0,0
40.8369,-73.9468,15,0,0,0
40.7739,-73.8715,9,0,0,0
40.7622,-73.9742,19,0,0,0
40.69,-73.9944,9,0,0,0
40.7292,-73.9872,3,1,0,0
40.73,-73.9896,17,0,0,0
40.7494,-73.9756,19,1,0,0
40.6871,-73.9969,22,0,0,0
40.7685,-73.8624,22,0,0,0
40.7533,-73.9723,19,0,0,0
40.7349,-74.0001,19,0,0,0
40.7212,-73.9943,22,0,0,0
40.7446,-74.0082,13,0,0,0
40.7373,-74.0388,7,0,0,0
40.8079,-73.9455,21,1,0,0
40.7732,-73.8859,18,1,0,0
40.7513,-73.9939,17,0,0,0
40.7657,-73.9762,20,0,0,0
40.7513,-73.9824,13,1,0,0
40.7522,-73.9951,7,0,0,0
40.7555,-73.9987,22,0,0,0
40.7692,-73.9827,6,1,0,0
40.7683,-73.9844,12,1,0,0
40.6069,-73.9054,23,0,0,0
40.759,-73.9812,13,0,0,0
40.747,-73.9812,7,0,0,0
40.7278,-73.9821,20,1,0,0
40.7674,-73.8671,16,1,0,0
40.7447,-73.9993,4,0,0,0
40.7183,-73.9573,23,1,0,0
40.6611,-73.9596,7,0,0,0
40.7212,-73.9541,23,0,0,0
40.7415,-73.9927,9,0,0,0
40.7635,-73.9737,12,0,0,0
40.7627,-73.9694,15,0,0,0
40.7685,-73.9577,15,0,0,0
40.7317,-73.9932,7,0,0,0
40.7237,-73.9926,22,0,0,0
40.7266,-73.996,14,1,0,0
40.7456,-73.999,16,0,0,0
40.7237,-73.9508,3,0,0,0
40.7572,-73.9838,22,1,0,0
40.7498,-73.976,17,0,0,0
40.7526,-74.0024,18,0,0,0
40.7433,-73.9883,5,0,0,0
40.7213,-73.9877,22,1,0,0
40.7592,-73.9827,20,0,0,0
40.7604,-73.9738,13,0,0,0
40.7211,-73.8225,11,1,0,0
40.7553,-73.9834,15,0,0,0
40.6437,-73.7898,20,1,0,0
40.7546,-73.9934,0,1,0,0
40.7351,-74.0099,17,0,0,0
40.7737,-73.9459,8,0,0,0
40.7264,-74.002,8,0,0,0
40.7139,-74.0087,19,1,0,0
40.7602,-73.984,17,0,0,0
40.7401,-73.9907,17,0,0,0
40.7639,-73.9801,7,0,0,0
40.7074,-74.0063,12,1,0,0
40.7619,-73.9784,19,0,0,0
40.7469,-73.982,16,0,0,0
40.8005,-73.9681,8,0,0,0
40.7475,-73.944,20,0,0,0
40.735,-73.99,13,0,0,0
40.6903,-73.9609,13,0,0,0
40.8018,-73.9647,8,1,0,0
40.7113,-74.0083,15,0,0,0
40.7553,-73.9838,20,1,0,0
40.7356,-73.9868,10,1,0,0
40.7262,-73.9428,20,1,0,0
40.7327,-73.9855,8,1,0,0
40.6447,-73.7827,12,0,0,0
40.6795,-74.0119,20,1,0,0
40.679,-73.9988,15,0,0,0
40.7697,-73.9841,9,0,0,0
40.7023,-74.0129,21,1,0,0
40.7325,-73.9991,23,1,0,0
40.7313,-73.9748,5,0,0,0
40.755,-73.9999,21,0,0,0
40.7483,-73.9889,21,0,0,0
40.7377,-74.0026,0,0,0,0
40.7566,-73.9902,11,0,0,0
40.7355,-74.0069,18,0,0,0
40.74,-74.006,18,0,0,0
40.7482,-73.9927,19,0,0,0
40.7162,-74.0135,13,1,0,0
40.7586,-73.9724,13,1,0,0
40.7211,-73.9841,22,0,0,0
40.7517,-74.0019,12,1,0,0
40.771,-73.866,6,0,0,0
40.7324,-73.9989,7,0,0,0
40.7351,-73.9973,1,0,0,0
40.6753,-73.9633,1,0,0,0
40.7222,-73.9887,23,0,0,0
40.7084,-74.0097,19,0,0,0
40.7689,-73.8625,22,1,0,0
40.7649,-73.9725,20,0,0,0
40.7272,-73.9998,12,1,0,0
40.7042,-73.9866,16,0,0,0
40.7314,-73.9756,19,0,0,0
40.7443,-73.9845,19,0,0,0
40.6685,-73.9478,19,1,0,0
40.7286,-73.9496,18,0,0,0
40.756,-73.9747,17,1,0,0
40.7566,-73.9922,11,0,0,0
40.7559,-73.9744,19,0,0,0
40.7299,-74.0083,17,0,0,0
40.7492,-73.9805,18,0,0,0
40.7734,-73.96,17,0,0,0
40.7026,-73.991,16,1,0,0
40.6934,-74.0011,20,0,0,0
40.7532,-73.9837,19,0,0,0
40.6319,-74.0246,21,0,0,0
40.7711,-73.8662,14,0,0,0
40.7855,-73.9535,15,0,0,0
40.7358,-74.0059,21,0,0,0
40.7457,-73.9846,15,0,0,0
40.7299,-73.9889,15,1,0,0
40.7648,-73.9837,10,0,0,0
40.8157,-74.4479,22,1,-1,-1
40.7329,-73.9956,17,0,0,0
40.7581,-73.9743,15,0,0,0
40.726,-73.9985,19,0,0,0
40.719,-73.9641,11,0,0,0
40.7246,-73.9871,8,0,0,0
40.7398,-73.9878,6,0,0,0
40.7588,-73.9702,21,0,0,0
40.7603,-73.9814,22,0,0,0
40.7274,-74.0054,16,0,0,0
40.759,-73.9721,22,0,0,0
40.7109,-74.0062,22,0,0,0
40.7333,-74.2682,7,0,-1,-1
40.7337,-74.0063,17,0,0,0
40.7679,-73.9641,11,1,0,0
40.7367,-73.9906,2,1,0,0
40.7672,-73.9684,20,1,0,0
40.7024,-73.9867,21,0,0,0
40.715,-73.9625,6,0,0,0
40.7701,-73.8648,19,0,0,0
40.6606,-73.6876,8,0,5,-1
40.8402,-73.9811,20,0,0,0
40.7733,-73.9621,9,0,0,0
40.7636,-73.9761,20,0,0,0
40.7645,-73.9709,17,0,0,0
40.7402,-74.0021,2,1,0,0
40.78,-73.9589,6,0,0,0
40.7203,-73.9846,7,0,0,0
40.7253,-73.9952,15,0,0,0
40.7512,-73.984,12,0,0,0
40.7735,-73.9895,17,1,0,0
40.7234,-74.008,19,0,0,0
40.7302,-74.0008,22,0,0,0
40.7057,-74.0106,16,0,0,0
40.7668,-73.9536,17,1,0,0
40.6767,-73.9636,19,1,0,0
40.774,-73.8723,21,0,0,0
40.7643,-73.9784,4,1,0,0
40.7654,-73.9183,16,1,0,0
40.751,-74.0041,21,0,0,0
40.7568,-73.9127,9,0,0,0
40.7806,-73.9527,6,0,0,0
40.7562,-73.9716,11,0,0,0
40.7793,-73.9474,15,1,0,0
40.7448,-73.9761,22,0,0,0
40.7426,-73.996,16,0,0,0
40.7379,-74.0385,7,0,0,0
40.6449,-73.7822,17,0,0,0
40.742,-74.0038,16,0,0,0
40.7193,-73.9989,19,1,0,0
40.7674,-73.9898,10,1,0,0
40.7251,-73.9794,16,1,0,0
40.7498,-73.9837,19,1,0,0
40.7405,-73.9854,14,0,0,0
40.7321,-73.9943,4,1,0,0
40.7678,-73.9915,18,0,0,0
40.7276,-74.0073,18,0,0,0
40.7507,-73.982,14,0,0,0
40.7372,-73.9873,8,0,0,0
40.7679,-73.9915,11,1,0,0
40.7311,-73.9914,14,0,0,0
40.7143,-74.015,20,0,0,0
40.7741,-73.8722,11,0,0,0
40.6449,-73.7822,19,1,0,0
40.726,-73.9962,21,1,0,0
40.7261,-73.9782,11,0,0,0
40.7188,-73.9622,6,0,0,0
40.6813,-73.9556,23,1,0,0
40.728,-73.9947,23,0,0,0
40.6959,-73.9435,21,0,0,0
40.7113,-73.9664,21,0,0,0
40.674,-73.9445,14,1,0,0
40.6816,-73.9796,17,0,0,0
40.7114,-74.0105,10,1,0,0
40.7433,-74.0034,12,1,0,0
40.7282,-73.9929,7,0,0,0
40.8137,-73.96,21,1,0,0
40.7285,-73.9998,0,1,0,0
40.7309,-73.989,2,0,0,0
40.7547,-73.9917,19,0,0,0
40.7479,-74.0045,22,0,0,0
40.7684,-73.9822,19,1,0,0
40.7191,-74.0047,16,0,0,0
40.7214,-74.0001,14,0,0,0
40.7287,-74.0018,18,0,0,0
40.7505,-73.991,17,1,0,0
40.7793,-73.9849,6,0,0,0
40.774,-73.8716,7,0,0,0
40.7085,-74.011,19,0,0,0
40.7643,-73.991,8,0,0,0
40.7095,-74.0103,18,0,0,0
40.7634,-73.9596,7,0,0,0
40.731,-73.9762,6,0,0,0
40.7076,-74.0121,22,0,0,0
40.7738,-73.8719,15,0,0,0
40.6472,-73.9781,7,0,0,0
40.9042,-73.9052,14,1,0,0
40.7638,-73.9755,12,0,0,0
40.744,-73.9851,17,0,0,0
40.7559,-73.987,21,0,0,0
40.7793,-73.9878,18,1,0,0
40.7777,-73.9488,5,0,0,0
40.7517,-74.0078,18,1,0,0
40.7223,-73.9883,14,0,0,0
40.7277,-74.0003,23,0,0,0
40.6766,-74.0176,23,1,0,0
40.7057,-73.9454,15,1,0,0
40.6447,-73.782,6,0,0,0
40.7112,-73.9615,0,1,0,0
40.7411,-73.9905,18,0,0,0
40.7493,-73.9955,15,0,0,0
40.7232,-74.0062,10,0,0,0
40.7114,-73.937,20,0,0,0
40.707,-74.0046,16,0,0,0
40.7717,-73.9486,6,0,0,0
40.7204,-74.0064,20,0,0,0
40.7406,-74.0055,17,0,0,0
40.7196,-74.0051,23,0,0,0
40.6871,-73.9676,13,1,0,0
40.6695,-73.7945,20,0,0,0
40.6492,-73.9441,13,0,0,0
40.7897,-73.9525,17,0,0,0
40.7224,-73.9831,18,1,0,0
40.7133,-74.0398,22,1,0,0
40.7367,-74.033,1,1,0,0
40.7233,-73.9994,16,0,0,0
40.7562,-73.9796,11,0,0,0
40.7492,-73.9857,4,0,0,0
40.1365,-74.0283,21,1,-1,-1
40.746,-74.0002,23,0,0,0
40.7684,-73.9576,17,0,0,0
40.7842,-73.9542,9,0,0,0
40.724,-73.9921,13,0,0,0
40.7294,-74.0023,20,0,0,0
40.7559,-73.9716,1,1,0,0
40.7145,-73.9145,16,1,0,0
40.7537,-73.9745,13,0,0,0
40.7693,-73.9864,18,1,0,0
40.76,-73.975,12,0,0,0
40.7766,-73.9598,6,0,0,0
40.7326,-73.9814,9,1,0,0
40.7139,-73.9443,20,1,0,0
40.7365,-73.9793,17,0,0,0
40.7247,-73.9405,0,1,0,0
40.7225,-74.0083,21,0,0,0
40.7397,-73.9863,13,0,0,0
40.7744,-73.9655,8,0,0,0
40.7482,-73.9738,14,0,0,0
40.6826,-73.9493,8,0,0,0
40.6503,-73.9809,20,0,0,0
40.705,-74.011,20,0,0,0
40.8313,-73.9265,20,0,0,0
40.7316,-74.0067,21,1,0,0
40.7735,-73.9472,8,0,0,0
40.7326,-73.9972,18,0,0,0
40.762,-73.9746,16,0,0,0
40.6944,-73.9063,5,0,0,0
40.6457,-73.7768,18,0,0,0
40.7204,-74.0011,15,0,0,0
40.7618,-73.9605,23,0,0,0
40.7329,-74.0023,6,1,0,0
40.7295,-73.9947,14,0,0,0
40.7167,-73.9947,15,0,0,0
40.7697,-73.9504,17,1,0,0
40.7061,-74.0089,16,0,0,0
40.6449,-73.7822,18,0,0,0
40.7227,-74.0047,22,0,0,0
40.7614,-73.9703,21,1,0,0
40.7558,-73.9918,2,0,0,0
40.7519,-73.9789,20,0,0,0
40.7142,-74.0147,14,0,0,0
40.7739,-73.8716,20,0,0,0
40.7755,-73.9467,1,1,0,0
40.7361,-73.9879,8,0,0,0
40.7159,-73.965,22,0,0,0
40.7757,-73.99,16,0,0,0
40.8059,-74.0774,15,0,0,0
40.7356,-73.9832,6,0,0,0
40.7139,-74.0087,22,0,0,0
40.6483,-73.783,20,0,0,0
40.7355,-74.0045,13,0,0,0
40.7077,-74.0071,12,0,0,0
40.692,-73.9547,14,0,0,0
40.7184,-73.9978,19,0,0,0
40.7474,-74.0014,4,0,0,0
40.7092,-74.0106,15,0,0,0
40.778,-73.8941,11,0,0,0
40.7312,-73.9951,9,0,0,0
40.6695,-73.9746,11,1,0,0
40.7301,-74.0032,6,0,0,0
40.7407,-73.9892,17,1,0,0
40.7341,-73.9987,13,0,0,0
40.7652,-73.989,13,0,0,0
40.7262,-73.9919,21,0,0,0
40.7808,-73.9839,8,1,0,0
40.75,-73.9934,18,0,0,0
40.7374,-74.1742,9,0,1,1
40.8672,-73.9008,21,1,0,0
40.7436,-73.9839,0,0,0,0
40.7663,-73.9916,20,0,0,0
40.7684,-73.8624,10,0,0,0
40.7253,-73.984,8,0,0,0
40.7275,-73.9923,19,0,0,0
40.7589,-73.9733,17,0,0,0
40.7553,-73.9707,16,0,0,0
40.7591,-73.9704,21,1,0,0
40.6883,-73.9996,3,0,0,0
40.7758,-73.9825,15,0,0,0
40.7341,-74.0042,7,1,0,0
40.7635,-73.9749,14,0,0,0
40.7451,-73.9949,17,0,0,0
40.6357,-73.973,7,0,0,0
40.7164,-73.9949,11,0,0,0
40.7656,-73.976,12,0,0,0
40.7428,-73.9844,15,0,0,0
40.6467,-73.7905,13,0,0,0
40.7137,-74.0119,17,0,0,0
40.7439,-73.989,12,1,0,0
40.7377,-73.9975,22,1,0,0
40.7389,-73.9874,19,0,0,0
40.7553,-73.9775,15,0,0,0
40.6907,-74.1777,19,0,1,1
40.7181,-74.0012,14,1,0,0
40.8225,-73.9492,23,1,0,0
40.7038,-74.0083,17,0,0,0
40.7297,-73.998,21,0,0,0
40.7632,-73.9736,19,0,0,0
40.7326,-73.9953,11,0,0,0
40.7491,-73.9955,20,0,0,0
40.6829,-74.0003,12,0,0,0
40.7452,-74.0077,14,1,0,0
40.7347,-73.6208,11,0,0,6
40.7556,-73.9793,16,0,0,0
40.7378,-73.9864,23,0,0,0
40.7711,-73.9871,22,1,0,0
40.6894,-73.9943,15,1,0,0
40.7558,-73.9891,15,0,0,0
40.6448,-73.7824,7,0,0,0
40.7373,-73.9884,21,0,0,0
40.7367,-73.9913,22,0,0,0
40.7573,-73.9848,8,0,0,0
40.7311,-73.9791,11,1,0,0
40.7201,-74.0084,13,0,0,0
40.7182,-73.9554,14,0,0,0
40.7511,-74.0286,12,1,0,0
40.7269,-73.8541,13,0,0,0
40.7683,-73.8622,13,0,0,0
40.7623,-73.9751,21,0,0,0
40.7109,-74.0091,16,0,0,0
40.6186,-74.0259,13,0,0,0
40.7346,-74.0098,22,0,0,0
40.7186,-73.9634,9,0,0,0
40.7387,-74.0087,18,0,0,0
40.791,-73.9764,6,0,0,0
40.7481,-74.0072,17,0,0,0
40.7225,-74.0013,9,0,0,0
40.72,-73.9881,20,0,0,0
40.7519,-73.9753,9,0,0,0
40.7343,-73.9874,8,0,0,0
40.717,-74.0074,15,0,0,0
40.7514,-74.0033,20,0,0,0
40.6785,-73.9035,16,1,0,0
40.7477,-73.9925,20,0,0,0
40.7187,-74.0088,20,1,0,0
40.7616,-73.9865,20,0,0,0
40.8019,-73.9646,7,0,0,0
40.7262,-74.0018,15,0,0,0
40.7582,-73.9791,15,0,0,0
40.7899,-73.9783,16,0,0,0
40.773,-73.9464,10,0,0,0
40.7554,-73.9733,16,1,0,0
40.7342,-74.0081,17,0,0,0
40.742,-74.0038,7,1,0,0
40.7671,-73.9583,7,0,0,0
40.6615,-73.9795,18,0,0,0
40.7493,-74.0029,20,0,0,0
40.7182,-73.9884,16,0,0,0
40.7548,-73.9775,18,0,0,0
40.7708,-73.9836,22,0,0,0
40.7463,-73.9913,21,0,0,0
40.717,-73.833,5,0,0,0
40.7051,-73.9204,15,0,0,0
40.7686,-73.8626,8,0,0,0
40.7548,-73.9804,21,0,0,0
40.7548,-73.9765,12,0,0,0
40.7425,-73.9567,22,1,0,0
40.7925,-73.9716,16,0,0,0
40.6992,-73.9589,10,1,0,0
40.7562,-73.998,17,0,0,0
40.7276,-73.9204,8,0,0,0
40.7789,-73.9776,13,0,0,0
40.7437,-73.9838,16,0,0,0
40.7787,-73.954,6,0,0,0
40.7694,-73.968,9,0,0,0
40.6448,-73.782,21,0,0,0
40.6908,-74.1781,9,1,1,1
40.7366,-73.9971,21,0,0,0
40.7579,-73.9858,18,0,0,0
40.7549,-73.994,16,0,0,0
40.8128,-74.066,15,0,0,0
40.7405,-73.9793,6,0,0,0
40.7331,-73.9957,19,0,0,0
40.7439,-74.0083,2,1,0,0
40.7293,-73.9922,20,0,0,0
40.7042,-74.0121,13,0,0,0
40.751,-74.006,20,0,0,0
40.7214,-73.9976,20,1,0,0
40.7133,-73.9927,12,0,0,0
40.7576,-73.975,6,0,0,0
40.7311,-73.9915,15,0,0,0
40.7326,-73.9879,23,1,0,0
40.7367,-74.0058,1,0,0,0
40.5945,-73.9657,7,0,0,0
40.8471,-73.8639,5,0,0,0
40.7143,-73.9966,17,0,0,0
40.7525,-73.9843,15,0,0,0
40.7499,-74.0035,16,0,0,0
40.7394,-74.007,2,0,0,0
40.6952,-74.1787,16,0,1,1
40.6941,-73.907,16,1,0,0
40.7453,-73.9827,17,0,0,0
40.7791,-73.9766,7,0,0,0
40.7354,-73.9746,17,1,0,0
40.7268,-73.9964,19,0,0,0
40.7697,-73.8313,15,0,0,0
40.7259,-73.998,16,0,0,0
40.7271,-73.9564,15,1,0,0
40.6216,-74.0049,8,0,0,0
40.7524,-74.0007,23,0,0,0
40.6917,-73.9873,19,1,0,0
40.6758,-73.9602,17,0,0,0
40.7532,-73.9751,17,1,0,0
40.7451,-73.9948,19,0,0,0
40.7419,-74.0034,12,0,0,0
40.7509,-73.9944,18,1,0,0
40.7002,-73.9173,21,1,0,0
40.7177,-73.959,18,0,0,0
40.7306,-74.0102,11,0,0,0
40.6866,-73.9983,23,0,0,0
40.7381,-74.0094,23,1,0,0
40.7224,-73.9866,18,1,0,0
40.7245,-73.9958,12,0,0,0
40.7513,-74.0065,9,0,0,0
40.7562,-73.9344,10,1,0,0
40.7758,-73.9562,6,0,0,0
40.7643,-73.9824,14,0,0,0
40.744,-73.9895,12,0,0,0
40.8098,-73.9254,15,0,0,0
40.7192,-74.005,9,1,0,0
40.7434,-73.9786,18,1,0,0
40.734,-74.0043,18,1,0,0
40.6459,-73.7769,17,0,0,0
40.761,-73.9928,11,0,0,0
40.7472,-73.9901,22,0,0,0
40.7411,-74.0298,15,0,0,0
40.7328,-74.008,1,1,0,0
40.7336,-73.993,5,0,0,0
40.7251,-74.003,22,0,0,0
40.689,-73.9888,18,0,0,0
40.7738,-73.8714,11,0,0,0
40.7362,-73.991,19,0,0,0
40.7385,-73.9883,23,1,0,0
40.7649,-73.9533,15,0,0,0
40.7678,-73.9958,16,0,0,0
40.7563,-73.9738,7,0,0,0
40.7372,-73.9793,16,1,0,0
40.8294,-73.9284,20,0,0,0
40.7302,-73.9937,6,0,0,0
40.6856,-73.9792,16,1,0,0
40.7184,-73.983,10,0,0,0
40.7767,-73.9855,7,0,0,0
40.7598,-73.988,23,1,0,0
40.7573,-73.9741,18,0,0,0
40.7516,-73.9757,17,0,0,0
40.7748,-73.99,7,0,0,0
40.7591,-73.9624,15,1,0,0
40.7107,-73.9363,22,0,0,0
40.727,-73.9588,1,1,0,0
40.7239,-74.0035,5,0,0,0
40.7382,-74.0056,6,0,0,0
40.7325,-74.0076,21,1,0,0
40.7558,-73.9912,14,0,0,0
40.7494,-73.9494,16,0,0,0
40.7266,-74.0349,22,0,0,0
40.7608,-73.9902,21,0,0,0
40.773,-73.8855,9,0,0,0
40.7899,-73.966,22,0,0,0
40.7765,-73.9894,8,0,0,0
40.6823,-73.9505,16,0,0,0
40.7646,-73.9823,20,1,0,0
40.7289,-74.0088,19,0,0,0
40.7372,-74.0022,19,1,0,0
40.7404,-74.0058,2,0,0,0
40.7404,-73.9903,16,0,0,0
40.7248,-73.9925,0,1,0,0
40.7671,-73.9644,16,0,0,0
40.7661,-73.9907,8,0,0,0
40.704,-74.0102,17,0,0,0
40.7265,-73.9832,19,0,0,0
40.893,-73.8996,14,0,0,0
40.7475,-74.0057,18,1,0,0
40.7322,-73.9865,14,0,0,0
40.7374,-73.9909,11,0,0,0
40.7206,-74.0039,22,0,0,0
40.7451,-73.9888,8,0,0,0
40.7735,-73.9799,13,1,0,0
40.6766,-73.9593,22,0,0,0
40.6459,-73.7804,9,0,0,0
40.7205,-73.9899,12,0,0,0
40.7635,-73.9793,17,0,0,0
40.6549,-73.959,2,1,0,0
40.7061,-74.006,18,0,0,0
40.7595,-73.9919,20,0,0,0
40.716,-74.0128,16,0,0,0
40.7551,-73.9711,0,0,0,0
40.7741,-73.9637,10,0,0,0
40.7282,-73.9793,18,0,0,0
40.7109,-73.9513,6,1,0,0
40.7489,-73.9871,13,0,0,0
40.7361,-73.9211,5,0,0,0
40.7188,-73.9882,22,0,0,0
40.7551,-73.9839,20,0,0,0
40.7734,-73.9624,9,0,0,0
40.7561,-73.9749,12,0,0,0
40.7518,-73.9789,23,1,0,0
40.769,-73.9925,22,1,0,0
40.6459,-73.7768,9,1,0,0
40.7083,-73.914,23,1,0,0
40.7711,-73.9598,17,1,0,0
40.6666,-73.9375,4,1,0,0
40.6395,-73.9177,7,0,0,0
40.7677,-73.9599,17,0,0,0
40.7206,-73.9871,10,0,0,0
40.6744,-74.0167,7,0,0,0
40.7304,-73.9823,3,0,0,0
40.7435,-73.9838,18,0,0,0
40.6901,-73.9552,15,1,0,0
40.7317,-74.0045,22,0,0,0
40.7665,-73.9254,18,0,0,0
40.7496,-73.9814,1,0,0,0
40.7234,-74.0061,7,0,0,0
40.7249,-74.0095,10,0,0,0
40.7708,-73.8659,21,0,0,0
40.7417,-73.9832,20,1,0,0
40.7617,-73.9749,7,0,0,0
40.7673,-73.9205,21,0,0,0
40.7215,-73.9867,6,0,0,0
40.7684,-73.8624,18,0,0,0
40.69,-73.9923,8,0,0,0
40.7165,-74.0047,9,0,0,0
40.7355,-74.0036,12,0,0,0
40.7667,-73.9343,13,1,0,0
40.777,-73.9889,8,0,0,0
40.691,-73.9919,18,0,0,0
40.7554,-73.9821,17,0,0,0
40.7573,-74.0009,15,1,0,0
40.7475,-74.0057,7,0,0,0
40.7123,-73.9531,17,0,0,0
40.8396,-73.9411,12,1,0,0
40.7406,-74.0055,13,0,0,0
40.7274,-73.9921,8,0,0,0
40.7864,-73.9813,9,0,0,0
40.7185,-74.0041,18,0,0,0
40.7395,-73.9907,15,0,0,0
40.7352,-73.9858,16,0,0,0
40.695,-74.1782,13,1,1,1
40.7555,-73.97,20,0,0,0
40.8103,-73.9434,0,1,0,0
40.7739,-73.8714,17,0,0,0
40.7677,-73.9922,21,0,0,0
40.6981,-73.9302,15,0,0,0
40.7855,-73.9817,16,1,0,0
40.7585,-73.9886,11,0,0,0
40.6813,-73.9286,19,0,0,0
40.6733,-73.9828,13,1,0,0
40.8268,-73.9229,18,1,0,0
40.7319,-74.0049,19,0,0,0
40.7506,-73.9713,14,0,0,0
40.7107,-73.9364,20,1,0,0
40.7399,-73.991,11,0,0,0
40.7086,-74.0014,9,0,0,0
40.7255,-73.9838,14,0,0,0
40.7035,-73.9639,18,1,0,0
40.7699,-73.9844,15,0,0,0
40.756,-73.9731,17,1,0,0
40.7556,-73.9809,12,0,0,0
40.7665,-73.9534,4,1,0,0
40.7547,-73.9879,7,0,0,0
40.7497,-73.9818,21,0,0,0
40.7651,-73.9814,17,1,0,0
40.784,-73.98,23,0,0,0
40.7426,-73.9932,16,0,0,0
40.7795,-73.9496,6,0,0,0
40.6726,-73.9508,10,1,0,0
40.7655,-73.9758,7,0,0,0
40.7637,-73.9797,9,1,0,0
40.774,-73.8726,22,0,0,0
40.814,-73.9465,16,0,0,0
40.7537,-73.9645,21,0,0,0
40.7709,-73.8661,21,0,0,0
40.7116,-73.8583,18,0,0,0
40.758,-73.9894,6,1,0,0
40.7376,-73.9805,16,0,0,0
40.7835,-73.9733,7,0,0,0
40.7208,-73.9612,11,1,0,0
40.7613,-73.987,20,0,0,0
40.7058,-73.9237,22,1,0,0
40.7636,-73.9826,15,0,0,0
40.7696,-73.9807,11,0,0,0
40.7379,-74.0024,20,0,0,0
40.7624,-73.9686,17,0,0,0
40.7555,-73.9667,15,0,0,0
40.7643,-73.9772,18,1,0,0
40.6446,-73.7826,10,0,0,0
40.6459,-73.7768,13,0,0,0
40.7227,-74.0045,11,0,0,0
40.7273,-74.0009,11,0,0,0
40.714,-74.014,12,1,0,0
40.7181,-73.9575,16,1,0,0
40.7543,-73.9786,9,0,0,0
40.7427,-73.9922,18,0,0,0
40.7146,-73.9371,21,0,0,0
40.7113,-74.0053,7,0,0,0
40.7424,-73.992,18,0,0,0
40.7352,-73.984,7,1,0,0
40.7311,-73.9758,7,0,0,0
40.6778,-73.9637,10,1,0,0
40.7359,-73.9836,6,0,0,0
40.7217,-73.9999,16,0,0,0
40.7366,-74.0011,5,0,0,0
40.7514,-74.0051,22,0,0,0
40.7411,-73.9887,15,1,0,0
40.7396,-73.9904,10,0,0,0
40.7592,-73.9941,9,1,0,0
40.755,-73.9839,12,0,0,0
40.7265,-73.9988,19,0,0,0
40.7636,-73.9695,14,0,0,0
40.6795,-74.0118,1,0,0,0
40.6885,-73.9729,9,1,0,0
40.6905,-73.9664,22,0,0,0
40.7869,-73.9778,21,0,0,0
40.7074,-74.0089,20,1,0,0
40.7151,-74.0159,11,1,0,0
40.6673,-73.9357,13,1,0,0
40.8057,-73.9657,16,0,0,0
40.7596,-73.9836,17,0,0,0
40.7342,-74.0062,8,1,0,0
40.7808,-73.9586,6,0,0,0
40.7632,-73.9787,15,0,0,0
40.7421,-74.0039,20,1,0,0
40.7525,-73.9674,18,0,0,0
40.8044,-73.9374,11,0,0,0
40.727,-74.0035,17,0,0,0
40.7722,-73.9672,16,0,0,0
40.7338,-74.1605,19,0,1,1
40.7398,-73.9854,9,0,0,0
40.7872,-73.9753,12,1,0,0
40.726,-74.0092,20,0,0,0
40.7758,-73.961,13,1,0,0
40.7401,-73.9793,8,0,0,0
40.7553,-73.9676,11,0,0,0
40.7574,-73.9636,8,0,0,0
40.7181,-73.9903,21,1,0,0
40.7641,-73.9788,16,0,0,0
40.6775,-73.9813,12,0,0,0
40.7614,-73.9729,18,0,0,0
40.7211,-73.9586,19,0,0,0
40.7266,-73.9917,1,1,0,0
40.7382,-73.9899,12,0,0,0
40.7177,-74.0474,13,1,0,0
40.722,-73.9883,17,0,0,0
40.7639,-73.9655,21,0,0,0
40.7511,-73.9454,6,1,0,0
40.7043,-74.0087,14,0,0,0
40.8023,-73.9423,17,1,0,0
40.7906,-73.9778,6,0,0,0
40.727,-73.9877,19,0,0,0
40.7678,-73.9558,22,1,0,0
40.7539,-73.9859,10,0,0,0
40.7671,-73.99,17,0,0,0
40.7453,-73.9987,20,1,0,0
40.7441,-73.9722,21,1,0,0
40.7546,-73.9237,21,0,0,0
40.765,-73.9716,21,0,0,0
40.7487,-73.9823,18,0,0,0
40.645,-73.782,18,1,0,0
40.7082,-73.9531,5,0,0,0
40.77,-73.9805,6,0,0,0
40.7808,-73.9588,18,0,0,0
40.7414,-73.9855,16,1,0,0
40.7179,-73.95,4,1,0,0
40.679,-74.0112,21,0,0,0
40.7443,-73.9875,14,0,0,0
40.7441,-73.9897,19,0,0,0
40.7914,-73.9741,6,0,0,0
40.7348,-74.0061,10,1,0,0
40.7307,-74.0068,19,0,0,0
40.8045,-73.9512,4,0,0,0
40.7605,-73.9718,18,0,0,0
40.78,-73.985,9,0,0,0
40.6448,-73.7819,21,0,0,0
40.7339,-73.99,17,0,0,0
40.7691,-73.9812,12,0,0,0
40.7236,-74.0035,15,0,0,0
40.7117,-73.952,3,1,0,0
40.7702,-73.9644,4,0,0,0
40.7603,-73.9745,19,0,0,0
40.6946,-73.9964,18,0,0,0
40.7138,-73.8309,13,1,0,0
40.6537,-73.9571,10,1,0,0
40.746,-73.9885,2,0,0,0
40.7683,-73.9573,16,0,0,0
40.7478,-74.0063,17,0,0,0
40.8038,-73.9667,19,0,0,0
40.7599,-73.972,16,0,0,0
40.7721,-73.961,17,0,0,0
40.7566,-73.9784,20,0,0,0
40.7442,-73.9792,16,0,0,0
40.7214,-73.9955,13,0,0,0
40.743,-74.0069,22,1,0,0
40.8599,-74.4048,19,0,-1,-1
40.7222,-74.0097,23,0,0,0
40.6462,-73.7767,20,0,0,0
40.7642,-73.9594,9,0,0,0
40.7175,-73.9528,0,0,0,0
40.7158,-74.0134,14,0,0,0
40.6735,-73.9899,9,0,0,0
40.7284,-74.0026,19,1,0,0
40.6447,-73.7825,11,0,0,0
40.7256,-73.9788,5,1,0,0
40.737,-73.9845,13,0,0,0
40.7628,-73.972,16,1,0,0
40.8056,-73.9658,10,0,0,0
40.7032,-73.8309,0,1,0,0
40.7574,-73.9763,13,0,0,0
40.7313,-73.9745,8,0,0,0
40.7197,-74.0001,8,0,0,0
40.6849,-74.0018,19,0,0,0
40.7742,-73.8726,21,0,0,0
40.6929,-73.9699,20,0,0,0
40.7362,-73.9883,17,0,0,0
40.728,-74.0018,21,1,0,0
40.7554,-73.9871,20,0,0,0
40.7556,-73.9839,20,0,0,0
40.7745,-73.9639,6,0,0,0
40.7231,-74.0063,9,0,0,0
40.7269,-73.9343,10,0,0,0
40.7245,-73.9942,23,0,0,0
40.751,-73.9906,14,0,0,0
40.728,-73.9954,21,0,0,0
40.752,-74.0024,0,0,0,0
40.7155,-74.0076,4,1,0,0
40.6776,-74.0133,18,0,0,0
40.7375,-73.9883,7,0,0,0
40.7536,-73.9722,19,0,0,0
40.7085,-74.0095,19,0,0,0
40.7426,-73.9996,23,0,0,0
40.7495,-73.9724,19,0,0,0
40.737,-73.9902,17,0,0,0
40.7638,-73.9545,15,0,0,0
40.8106,-73.9584,7,1,0,0
40.7076,-74.0171,21,1,0,0
40.7448,-73.9933,16,0,0,0
40.7501,-74.0023,22,0,0,0
40.7198,-73.9953,18,0,0,0
40.7374,-73.9909,17,0,0,0
40.7653,-73.9822,19,0,0,0
40.7553,-73.979,22,0,0,0
40.7231,-74.005,16,1,0,0
40.7949,-73.9724,4,0,0,0
40.744,-73.9922,0,1,0,0
40.6357,-73.9731,11,0,0,0
40.7283,-74.0086,14,0,0,0
40.7548,-73.9808,17,0,0,0
40.7352,-73.9886,21,0,0,0
40.728,-73.9555,8,0,0,0
40.7453,-73.9241,12,1,0,0
40.7973,-73.9491,20,0,0,0
40.716,-74.0046,8,0,0,0
40.7194,-73.9994,18,0,0,0
40.7475,-74.0058,19,1,0,0
40.7447,-73.9912,0,1,0,0
40.7026,-73.9938,23,0,0,0
40.6272,-73.9757,21,0,0,0
40.6446,-73.7823,15,1,0,0
40.7438,-73.9815,0,0,0,0
40.7278,-73.9911,14,0,0,0
40.7613,-73.9711,14,0,0,0
40.6446,-73.7825,5,0,0,0
40.7909,-73.9686,22,0,0,0
40.7794,-73.9813,9,0,0,0
40.74,-74.0053,0,1,0,0
40.7741,-73.8722,9,1,0,0
40.7404,-73.9726,21,0,0,0
40.7352,-73.9918,18,0,0,0
40.7382,-74.0082,0,1,0,0
40.7268,-73.9956,23,1,0,0
40.7451,-73.9145,8,0,0,0
40.7138,-73.9773,16,1,0,0
40.6901,-73.9169,17,0,0,0
40.7112,-74.011,16,0,0,0
40.7514,-74.0037,15,1,0,0
40.7775,-73.9634,14,0,0,0
40.7275,-73.9914,11,1,0,0
40.6783,-73.9639,21,0,0,0
40.7568,-73.9384,19,0,0,0
40.786,-73.9424,6,0,0,0
40.7146,-74.0087,22,0,0,0
40.7512,-73.9803,18,0,0,0
40.7461,-73.9946,20,0,0,0
40.7705,-73.9819,17,1,0,0
40.7562,-73.97,19,0,0,0
40.7761,-73.9609,17,1,0,0
40.7628,-73.9676,14,0,0,0
40.734,-74.0045,19,0,0,0
40.7249,-73.9813,0,0,0,0
40.7474,-73.9723,21,0,0,0
40.645,-73.782,15,0,0,0
40.7762,-73.952,8,0,0,0
40.7541,-74.0317,15,0,0,0
40.7425,-73.9967,8,0,0,0
40.6161,-74.0308,10,1,0,0
40.7398,-73.988,19,0,0,0
40.7411,-73.9919,18,0,0,0
40.7175,-73.9517,10,0,0,0
40.7815,-73.9525,15,1,0,0
40.7576,-73.9612,7,0,0,0
40.5988,-73.9709,6,0,0,0
40.7627,-73.9816,20,0,0,0
40.7249,-73.9807,10,0,0,0
40.7846,-73.9491,5,0,0,0
40.7384,-73.9894,19,0,0,0
40.7154,-74.0166,20,0,0,0
40.7175,-74.0106,8,1,0,0
40.764,-73.9612,5,0,0,0
40.6976,-73.931,10,0,0,0
40.7248,-74.0016,16,0,0,0
40.6938,-73.8663,3,1,0,0
40.7834,-73.9568,15,0,0,0
40.767,-73.9827,17,0,0,0
40.772,-73.958,23,0,0,0
40.7379,-74.0019,20,0,0,0
40.7741,-73.9825,11,0,0,0
40.7743,-73.8719,8,0,0,0
40.8982,-73.8673,23,1,0,0
40.7154,-74.0072,16,0,0,0
40.7707,-73.8656,16,0,0,0
40.7598,-73.9718,17,0,0,0
40.744,-73.9936,12,0,0,0
40.7645,-73.9777,12,1,0,0
40.732,-73.9503,18,0,0,0
40.7463,-73.9821,19,0,0,0
40.6432,-73.7895,12,0,0,0
40.7501,-74.0059,17,0,0,0
40.7388,-74.0079,6,0,0,0
40.8079,-73.9452,19,0,0,0
40.7287,-74.0053,20,0,0,0
40.7905,-73.9731,10,1,0,0
40.7592,-73.9934,19,0,0,0
40.7298,-73.9869,21,0,0,0
40.777,-74.011,19,0,0,0
40.7607,-73.9804,17,0,0,0
40.7115,-74.0061,20,1,0,0
40.7697,-73.9503,15,0,0,0
40.7707,-73.9539,8,0,0,0
40.7719,-73.9674,15,0,0,0
40.7631,-73.9919,4,0,0,0
40.8032,-73.9639,23,1,0,0
40.7562,-73.9869,20,0,0,0
40.6448,-73.782,18,0,0,0
40.755,-73.9847,19,0,0,0
40.7247,-73.6337,16,1,0,-1
40.7493,-74.0032,15,0,0,0
40.7561,-73.9872,18,0,0,0
40.7641,-73.9784,8,0,0,0
40.7401,-73.926,7,1,0,0
40.7589,-73.9802,17,0,0,0
40.7144,-74.0078,11,0,0,0
40.645,-73.7813,17,1,0,0
40.7534,-73.979,16,0,0,0
40.7192,-74.0089,19,0,0,0
40.7707,-73.992,8,0,0,0
40.7691,-73.9688,13,0,0,0
40.7315,-74.0031,18,0,0,0
40.7136,-74.016,20,0,0,0
40.7531,-73.9878,20,0,0,0
40.7383,-74.0039,7,0,0,0
40.7421,-73.9932,16,0,0,0
40.7516,-73.9773,19,0,0,0
40.765,-73.9835,4,1,0,0
40.7643,-73.9989,12,0,0,0
40.7641,-73.9589,17,0,0,0
40.7441,-73.9915,6,0,0,0
40.7798,-73.9846,17,0,0,0
40.7646,-73.9881,1,1,0,0
40.7273,-74.006,7,0,0,0
40.7575,-73.9716,18,0,0,0
40.7646,-73.9727,16,0,0,0
40.7685,-73.8626,10,0,0,0
40.7199,-74.0068,22,0,0,0
40.7798,-73.9862,21,0,0,0
40.7845,-73.9773,4,1,0,0
40.7549,-73.9878,17,0,0,0
40.7442,-73.9843,16,1,0,0
40.7462,-73.9893,19,0,0,0
40.7645,-73.9782,19,0,0,0
40.746,-73.9942,16,1,0,0
40.7707,-73.9918,22,0,0,0
40.7274,-73.9952,17,0,0,0
40.7414,-73.9849,16,0,0,0
40.7729,-73.9625,6,0,0,0
40.7276,-73.9911,13,0,0,0
40.8192,-73.952,20,1,0,0
40.7628,-73.9786,10,0,0,0
40.7584,-73.9867,23,0,0,0
40.7395,-73.9812,5,1,0,0
40.7859,-73.9431,9,0,0,0
40.7698,-73.9612,16,1,0,0
40.762,-73.9696,21,0,0,0
40.7752,-73.9606,8,0,0,0
40.7409,-74.0076,19,0,0,0
40.756,-73.979,21,0,0,0
40.8075,-73.9444,15,1,0,0
40.7218,-73.9849,3,1,0,0
40.7528,-73.9805,16,1,0,0
40.7077,-74.0169,4,0,0,0
40.7053,-74.0073,11,0,0,0
40.7093,-74.0105,1,0,0,0
40.7142,-74.0134,18,1,0,0
40.7729,-73.946,15,0,0,0
40.7353,-73.9952,16,0,0,0
40.7417,-73.9916,23,0,0,0
40.6751,-73.9814,19,0,0,0
40.7499,-73.9914,19,1,0,0
40.7635,-73.9595,20,0,0,0
40.7834,-73.957,18,0,0,0
40.7319,-74.0047,22,0,0,0
40.7604,-73.9798,14,0,0,0
40.6997,-73.9297,19,0,0,0
40.7425,-73.9803,12,0,0,0
40.7352,-73.9544,13,1,0,0
40.7555,-73.9822,14,0,0,0
40.7736,-73.9779,9,0,0,0
40.7198,-73.9876,20,1,0,0
40.7376,-73.9933,18,0,0,0
40.7426,-73.9921,22,0,0,0
40.7776,-73.9771,5,0,0,0
40.7128,-73.9588,21,1,0,0
40.7076,-73.9506,9,1,0,0
40.7416,-73.9834,17,1,0,0
40.7308,-73.9912,15,0,0,0
40.7611,-73.9234,21,0,0,0
40.7592,-73.961,17,0,0,0
40.7379,-73.9883,20,0,0,0
40.7738,-73.8721,20,0,0,0
40.7649,-73.9805,15,0,0,0
40.8668,-73.9307,22,1,0,0
40.7635,-73.9749,18,0,0,0
40.754,-73.9918,11,0,0,0
40.7649,-73.9625,18,0,0,0
40.7316,-73.9895,21,0,0,0
41.0278,-73.753,14,0,3,-1
40.7498,-73.9893,20,0,0,0
40.7311,-73.9886,21,0,0,0
40.7206,-73.9857,9,0,0,0
40.7336,-74.0086,20,0,0,0
40.8022,-73.964,21,0,0,0
40.7143,-73.9876,9,0,0,0
40.7403,-74.0037,16,1,0,0
40.8642,-73.9676,5,0,0,0
40.7535,-73.9927,8,0,0,0
40.7058,-74.0101,16,0,0,0
40.7841,-73.9779,16,1,0,0
40.7927,-73.964,7,0,0,0
40.7261,-73.9918,20,0,0,0
40.7669,-73.9833,18,1,0,0
40.6722,-73.9867,14,0,0,0
40.6934,-73.9995,10,0,0,0
40.7513,-73.994,8,0,0,0
40.7592,-73.9767,21,0,0,0
40.7661,-73.9698,19,0,0,0
40.7874,-73.9737,18,1,0,0
40.7495,-73.9799,9,0,0,0
40.7004,-73.9242,8,0,0,0
40.7053,-74.0072,14,0,0,0
40.7428,-73.9947,20,0,0,0
40.7296,-73.9984,0,0,0,0
40.7643,-73.9767,19,0,0,0
40.7171,-73.995,15,0,0,0
40.7436,-73.9884,15,0,0,0
40.7483,-73.9802,19,0,0,0
40.7515,-73.8293,18,1,0,0
40.7581,-73.9754,10,0,0,0
40.8141,-73.9497,13,0,0,0
40.7356,-73.997,19,0,0,0
40.7646,-73.9781,14,0,0,0
40.6484,-73.7829,17,0,0,0
40.726,-74.0014,12,0,0,0
40.7804,-73.9571,8,0,0,0
40.7554,-73.9837,17,0,0,0
40.7432,-74.0012,23,1,0,0
40.7584,-73.9784,17,0,0,0
40.7256,-74.0056,17,0,0,0
40.7185,-73.9833,14,0,0,0
40.7279,-74.003,23,0,0,0
40.7591,-73.9872,22,0,0,0
40.7318,-73.9891,1,1,0,0
40.7591,-73.9299,18,0,0,0
40.7987,-73.9479,14,1,0,0
40.7734,-73.9807,23,0,0,0
40.7418,-73.9993,17,0,0,0
40.7607,-73.9865,21,1,0,0
40.7111,-74.0161,5,0,0,0
40.7216,-73.9946,20,0,0,0
40.726,-73.9898,23,0,0,0
40.7561,-73.9746,14,1,0,0
40.7611,-73.9844,18,0,0,0
40.7158,-74.0035,17,0,0,0
40.7034,-74.0078,16,0,0,0
40.7544,-73.9674,16,0,0,0
40.7469,-73.9849,9,0,0,0
40.7555,-73.9856,19,0,0,0
40.7389,-74.0037,21,0,0,0
40.7437,-73.9926,18,0,0,0
40.7421,-74.0046,23,1,0,0
40.754,-73.9819,18,0,0,0
40.7385,-74.0036,7,0,0,0
40.7436,-73.9841,15,0,0,0
40.716,-73.9597,0,0,0,0
40.7562,-73.998,15,0,0,0
40.7421,-73.993,22,0,0,0
40.7271,-73.9981,15,0,0,0
40.7231,-74.0052,3,0,0,0
40.7498,-73.9818,15,0,0,0
40.6569,-73.8423,3,1,0,0
40.7083,-74.0063,23,1,0,0
40.7592,-73.961,9,0,0,0
40.7386,-73.974,9,1,0,0
40.7654,-73.9754,17,0,0,0
40.7567,-73.9886,18,0,0,0
40.7032,-74.0141,19,0,0,0
40.7186,-73.9905,14,0,0,0
40.6747,-73.9689,21,1,0,0
40.7434,-73.9883,14,0,0,0
40.7055,-74.0049,23,0,0,0
40.7276,-74.001,13,0,0,0
40.7447,-73.9815,23,0,0,0
40.748,-74.0002,17,1,0,0
40.748,-74.0051,20,1,0,0
40.746,-73.978,17,0,0,0
40.7183,-73.8405,21,0,0,0
40.7235,-74.011,22,0,0,0
40.717,-74.0122,10,0,0,0
40.7532,-73.9804,14,0,0,0
40.7781,-73.9849,21,0,0,0
40.7161,-74.0111,21,1,0,0
40.7747,-73.9579,7,0,0,0
40.7567,-73.9745,16,0,0,0
40.7467,-73.9808,20,0,0,0
40.7105,-74.0098,12,0,0,0
40.7346,-73.9863,11,0,0,0
40.685,-73.9785,11,1,0,0
40.7372,-73.9742,13,0,0,0
40.7616,-74.0003,19,0,0,0
40.7048,-73.9286,12,1,0,0
40.7665,-73.9534,7,0,0,0
40.7286,-74.0028,23,1,0,0
40.733,-73.9862,14,0,0,0
40.7499,-73.9837,18,0,0,0
40.7267,-73.9956,22,1,0,0
40.7314,-74.0066,23,1,0,0
40.7716,-73.9562,6,0,0,0
40.7609,-73.9791,17,0,0,0
40.7135,-73.9493,9,0,0,0
40.7194,-73.9849,4,0,0,0
40.7194,-73.9989,20,1,0,0
40.7907,-73.9515,14,0,0,0
40.7265,-73.9916,20,0,0,0
40.7172,-73.9553,20,1,0,0
40.7562,-73.9654,5,0,0,0
40.7658,-73.9836,16,0,0,0
40.7693,-73.9595,22,1,0,0
40.7741,-73.8719,22,1,0,0
40.7401,-74.0058,19,0,0,0
40.7279,-74.0089,14,0,0,0
40.7503,-73.9948,12,0,0,0
40.7482,-73.9739,23,0,0,0
40.7531,-73.9873,13,0,0,0
40.7702,-73.8649,21,1,0,0
40.7779,-73.9477,21,0,0,0
40.7457,-73.9844,9,0,0,0
40.7343,-74.003,21,1,0,0
40.7448,-73.8434,17,0,0,0
40.7364,-74.0069,0,1,0,0
40.718,-73.9975,15,1,0,0
40.7504,-73.9775,2,0,0,0
40.7574,-73.9855,7,0,0,0
40.7247,-74.0011,11,0,0,0
40.7625,-73.9748,16,1,0,0
40.7353,-74.0093,15,1,0,0
40.7337,-73.998,5,0,0,0
40.7454,-73.9886,19,0,0,0
40.733,-73.9885,15,0,0,0
40.7419,-73.9759,12,1,0,0
40.7644,-73.9808,16,0,0,0
40.7542,-73.9866,21,0,0,0
40.7173,-74.0144,10,0,0,0
40.7302,-73.9758,13,0,0,0
40.7497,-74.0051,23,1,0,0
40.6774,-73.9452,21,1,0,0
40.7509,-73.9726,16,0,0,0
40.7781,-73.9522,6,0,0,0
40.7445,-73.8848,0,0,0,0
40.6167,-74.0152,21,0,0,0
40.7604,-73.9718,18,0,0,0
40.7649,-73.9648,5,1,0,0
40.7665,-73.9782,19,1,0,0
40.6464,-73.789,22,1,0,0
40.7481,-73.9848,13,0,0,0
40.7177,-73.9634,14,1,0,0
40.72,-73.9988,11,1,0,0
40.7601,-73.9916,13,0,0,0
40.7857,-73.9802,11,0,0,0
40.762,-73.9701,16,0,0,0
40.7679,-73.8677,8,0,0,0
40.7492,-73.9724,14,0,0,0
40.7157,-73.9536,17,0,0,0
40.7738,-73.9639,9,1,0,0
40.7382,-73.991,14,0,0,0
40.7627,-73.9947,7,0,0,0
40.7186,-73.989,1,1,0,0
40.7828,-73.9753,14,0,0,0
40.6612,-73.9936,10,0,0,0
40.7052,-74.0076,11,1,0,0
40.7826,-73.9492,3,0,0,0
40.7433,-74.0089,22,0,0,0
40.727,-73.9909,12,0,0,0
40.751,-74.0041,18,0,0,0
40.7297,-74.011,22,1,0,0
40.7073,-74.0074,13,0,0,0
40.7556,-73.9948,17,1,0,0
40.7403,-73.9913,10,0,0,0
40.6686,-73.9441,16,1,0,0
40.7454,-73.9962,12,1,0,0
40.79,-73.9795,11,1,0,0
40.7576,-74.0002,17,0,0,0
40.7171,-74.0047,20,0,0,0
40.7589,-73.9783,16,0,0,0
40.8026,-73.9671,22,0,0,0
40.7577,-73.9827,22,0,0,0
40.7325,-73.9992,22,0,0,0
40.72,-74.0084,5,0,0,0
40.8029,-73.9636,13,0,0,0
40.7244,-73.9975,16,1,0,0
40.7444,-73.9889,17,0,0,0
40.7203,-73.94,20,0,0,0
40.7559,-73.9777,22,0,0,0
40.7411,-73.9927,20,1,0,0
40.7039,-73.9253,23,1,0,0
40.7371,-74.0003,6,0,0,0
40.7141,-73.9514,14,0,0,0
40.7018,-73.9828,9,0,0,0
40.742,-73.9851,18,0,0,0
40.7178,-73.9861,20,1,0,0
40.7343,-74.0028,17,1,0,0
40.7756,-73.9785,7,0,0,0
40.7258,-73.9974,14,0,0,0
40.7741,-73.8723,20,1,0,0
40.7578,-73.9824,21,1,0,0
40.756,-73.9713,17,0,0,0
40.783,-73.9798,7,0,0,0
40.6877,-74.1825,23,0,1,1
40.7735,-73.9579,6,0,0,0
40.7768,-73.9866,20,0,0,0
40.7271,-74.0001,7,0,0,0
40.7049,-73.934,13,0,0,0
40.7465,-73.9804,19,0,0,0
40.7226,-73.9481,17,1,0,0
40.7109,-73.8469,7,0,0,0
40.7021,-73.9237,4,0,0,0
40.677,-73.9979,16,0,0,0
40.7854,-73.9804,14,0,0,0
40.7487,-73.9889,20,0,0,0
40.7687,-73.9582,18,0,0,0
40.7154,-74.0135,11,0,0,0
40.7386,-73.9977,8,1,0,0
40.719,-73.9639,16,0,0,0
40.6749,-73.9529,18,0,0,0
40.7826,-73.9585,22,0,0,0
40.721,-73.9833,23,0,0,0
40.7394,-74.0018,10,1,0,0
40.7548,-73.9821,9,0,0,0
40.6956,-74.1779,17,0,1,1
40.7456,-73.9779,16,1,0,0
40.7245,-74.0078,15,0,0,0
40.7452,-74.0059,19,0,0,0
40.7358,-74.0059,0,1,0,0
40.746,-74.0042,7,0,0,0
40.7562,-73.9869,22,0,0,0
40.7877,-73.9812,18,0,0,0
40.7656,-73.9872,1,1,0,0
40.7648,-73.4746,19,1,-1,-1
40.758,-73.9643,22,0,0,0
40.7436,-74.0071,18,0,0,0
40.7504,-73.9852,17,0,0,0
40.7939,-73.97,19,1,0,0
40.7595,-73.9756,15,0,0,0
40.7649,-73.9823,21,0,0,0
40.741,-74.0078,22,0,0,0
40.7883,-74.0455,11,0,0,0
40.7262,-74.0076,14,0,0,0
40.6921,-73.9638,14,1,0,0
40.7535,-73.9666,14,0,0,0
40.7547,-73.9802,12,0,0,0
40.7697,-73.9648,8,0,0,0
40.7551,-73.9753,17,0,0,0
40.7565,-73.9626,9,0,0,0
40.7522,-73.9756,15,0,0,0
40.7317,-73.9893,21,0,0,0
40.7365,-73.9802,14,1,0,0
40.7741,-73.8724,17,1,0,0
40.7963,-73.9495,14,0,0,0
40.638,-73.9783,6,1,0,0
40.7441,-73.9952,21,0,0,0
40.7292,-74.0042,20,1,0,0
40.7211,-73.9982,6,1,0,0
40.6948,-74.178,17,0,1,1
40.7534,-73.9783,21,0,0,0
40.6916,-73.9597,12,1,0,0
40.7308,-74.0412,14,1,0,0
40.7318,-73.9884,16,0,0,0
40.7544,-73.9918,17,0,0,0
40.7752,-73.9634,6,0,0,0
40.7421,-74.0038,9,0,0,0
40.74,-73.9896,17,1,0,0
40.7346,-73.9965,11,0,0,0
40.7165,-73.9503,21,0,0,0
40.7539,-73.9644,17,0,0,0
40.7398,-73.9222,17,0,0,0
40.8007,-73.968,7,0,0,0
40.714,-74.0144,16,0,0,0
40.7303,-73.9937,14,0,0,0
40.23,-74.0013,20,1,-1,-1
40.6726,-73.9624,7,0,0,0
40.7453,-73.9816,19,0,0,0
40.7673,-73.9902,16,0,0,0
40.7301,-74.0069,13,0,0,0
40.7365,-73.9988,5,0,0,0
40.7325,-74.0053,9,0,0,0
40.6747,-73.9836,22,1,0,0
40.7529,-73.9892,8,0,0,0
40.6877,-73.9931,22,1,0,0
40.7264,-74.0059,20,0,0,0
40.7252,-73.9796,9,0,0,0
40.7229,-74.008,15,0,0,0
40.6445,-73.7827,5,0,0,0
40.7559,-74.0022,20,0,0,0
40.7588,-73.982,14,0,0,0
40.7618,-73.9708,16,0,0,0
40.7214,-74.0021,20,1,0,0
40.6877,-74.1816,20,1,1,1
40.7252,-74.0004,13,0,0,0
40.8003,-73.9634,10,0,0,0
40.7196,-74.0106,18,0,0,0
40.8203,-73.9577,9,0,0,0
40.728,-74.0022,20,0,0,0
40.7246,-74.0077,13,0,0,0
40.6407,-73.9757,20,0,0,0
40.7284,-73.9954,19,0,0,0
40.7429,-74.0039,15,1,0,0
40.764,-73.9761,21,0,0,0
40.7886,-73.9552,15,0,0,0
40.7161,-74.0043,1,1,0,0
40.7674,-73.9901,9,0,0,0
40.7102,-73.9847,15,1,0,0
40.7218,-73.9874,8,0,0,0
40.7378,-73.9925,14,0,0,0
40.7536,-73.981,0,1,0,0
40.7295,-73.9931,17,1,0,0
40.691,-74.1779,15,0,1,1
40.7536,-73.9733,21,0,0,0
40.7031,-73.9867,18,0,0,0
40.7284,-73.9502,16,0,0,0
40.7425,-73.9967,19,0,0,0
40.7213,-74.0115,16,1,0,0
40.7449,-74.2595,0,1,-1,-1
40.7237,-74.0036,0,1,0,0
40.7224,-73.9973,23,1,0,0
40.7327,-73.951,11,0,0,0
40.7707,-73.9885,19,0,0,0
40.7451,-73.8427,17,1,0,0
40.7725,-73.9586,16,0,0,0
40.6566,-73.9584,9,1,0,0
40.7227,-73.9829,6,0,0,0
40.7363,-73.9934,20,0,0,0
40.718,-74.0011,12,0,0,0
40.7582,-73.9601,9,0,0,0
40.7559,-73.9832,21,0,0,0
40.7783,-73.9814,12,0,0,0
40.6646,-73.9352,7,0,0,0
40.7199,-74.0002,16,0,0,0
40.7782,-73.9886,9,0,0,0
40.7512,-73.9732,21,0,0,0
40.7216,-74.0111,8,0,0,0
40.705,-74.0158,14,0,0,0
40.7462,-73.9826,19,0,0,0
40.7394,-74.0067,20,0,0,0
40.7683,-73.9825,15,1,0,0
40.6756,-73.998,19,0,0,0
40.7411,-74.0056,23,1,0,0
40.7433,-73.9917,18,0,0,0
40.7554,-73.9935,8,0,0,0
40.7583,-73.9785,14,0,0,0
40.7378,-74.0,15,0,0,0
40.7328,-74.0039,20,0,0,0
40.7101,-74.0104,10,0,0,0
40.6704,-73.9422,8,0,0,0
40.6482,-73.7827,16,1,0,0
40.7399,-73.9915,16,0,0,0
40.7194,-73.9997,19,0,0,0
40.7784,-73.9551,9,0,0,0
40.7636,-73.9777,17,0,0,0
40.7151,-73.9516,0,0,0,0
40.7816,-73.956,16,0,0,0
40.7277,-74.0032,18,0,0,0
40.7144,-73.9615,11,0,0,0
40.2846,-73.9882,1,1,-1,-1
40.7547,-73.9756,14,0,0,0
40.7082,-74.0061,8,0,0,0
40.7375,-73.9842,7,0,0,0
40.718,-74.003,1,1,0,0
40.828,-73.9464,13,0,0,0
40.7335,-73.9899,18,0,0,0
40.7537,-73.9824,18,0,0,0
40.7634,-73.9811,17,0,0,0
40.7459,-73.9901,12,1,0,0
40.6773,-73.9799,7,1,0,0
40.6459,-73.7767,0,0,0,0
40.7397,-74.0021,9,0,0,0
40.7712,-73.9599,9,1,0,0
40.7452,-73.9929,17,0,0,0
40.7531,-73.989,18,0,0,0
40.7227,-73.9959,15,1,0,0
40.7314,-73.9752,11,0,0,0
40.753,-73.9913,14,0,0,0
40.7056,-74.0169,18,0,0,0
40.7571,-73.9834,20,0,0,0
40.6753,-73.9519,7,0,0,0
40.6458,-73.7766,21,1,0,0
40.803,-73.9542,17,0,0,0
40.6705,-73.9891,20,1,0,0
40.7332,-73.991,15,0,0,0
40.724,-74.0032,23,0,0,0
40.7553,-73.9931,22,0,0,0
40.7584,-73.9729,8,0,0,0
40.6438,-73.9916,16,0,0,0
40.7106,-74.0093,16,0,0,0
40.7048,-74.0132,19,0,0,0
40.7721,-73.926,3,0,0,0
40.7508,-73.9977,14,1,0,0
40.7475,-73.9821,18,0,0,0
40.7587,-73.9874,10,0,0,0
40.7626,-73.9691,13,1,0,0
40.6617,-73.9794,21,0,0,0
40.7337,-74.0067,0,1,0,0
40.7581,-73.9628,3,0,0,0
40.737,-73.9971,11,0,0,0
40.7111,-73.9522,4,0,0,0
40.7309,-74.0008,3,0,0,0
40.7437,-73.9839,23,0,0,0
40.7389,-74.0088,19,0,0,0
40.7431,-73.9862,13,0,0,0
40.7202,-74.0086,21,1,0,0
40.7457,-74.0071,9,0,0,0
40.7633,-73.9402,12,0,0,0
40.7345,-74.0023,1,1,0,0
41.0448,-73.6887,15,0,-1,3
40.712,-73.9572,18,0,0,0
40.7647,-73.9785,0,1,0,0
40.7178,-73.9904,17,0,0,0
40.7324,-73.9948,13,0,0,0
40.7219,-73.9963,21,0,0,0
40.7693,-73.963,15,1,0,0
40.7615,-73.9862,20,0,0,0
40.7545,-73.9696,18,0,0,0
40.7409,-74.0076,9,0,0,0
40.7748,-73.991,16,1,0,0
40.76,-73.9806,22,0,0,0
40.7604,-73.966,21,0,0,0
40.6812,-73.9942,12,1,0,0
40.7714,-73.9533,16,0,0,0
40.726,-74.0075,17,0,0,0
40.7598,-73.9665,16,0,0,0
40.7896,-73.9796,5,0,0,0
40.7397,-73.9984,18,0,0,0
40.7387,-74.0055,23,1,0,0
40.6882,-73.9975,8,0,0,0
40.7643,-73.9717,18,0,0,0
40.7128,-73.9039,21,0,0,0
40.7522,-73.9756,18,1,0,0
40.7624,-73.9703,17,0,0,0
40.7436,-73.9838,19,1,0,0
40.7494,-73.9924,19,1,0,0
40.741,-73.998,17,1,0,0
40.6911,-73.9971,0,1,0,0
40.7748,-73.9639,23,0,0,0
40.7342,-73.9838,22,1,0,0
40.669,-74.0106,18,1,0,0
40.7165,-73.9885,13,1,0,0
40.6467,-73.8988,6,0,0,0
40.719,-74.0034,17,0,0,0
40.7793,-73.9529,5,1,0,0
40.7214,-74.0004,20,0,0,0
40.7405,-73.9892,18,0,0,0
40.7263,-73.9563,19,1,0,0
40.7812,-73.9799,10,0,0,0
40.726,-73.9984,17,0,0,0
40.7531,-73.9779,17,0,0,0
40.7223,-74.0017,18,0,0,0
40.6491,-74.0004,17,1,0,0
40.763,-73.9762,15,0,0,0
40.689,-73.966,13,0,0,0
40.6342,-73.958,6,0,0,0
40.7322,-74.0077,18,1,0,0
40.8,-73.9646,22,1,0,0
40.771,-73.8663,20,0,0,0
40.7324,-74.0034,22,0,0,0
40.7455,-74.0049,19,0,0,0
40.7226,-74.0035,8,0,0,0
40.7637,-73.9693,12,0,0,0
40.7843,-73.9833,9,0,0,0
40.6966,-73.9835,17,1,0,0
40.7235,-74.0028,21,0,0,0
40.7685,-73.8626,15,1,0,0
40.7237,-74.0109,8,0,0,0
40.7146,-74.0158,14,0,0,0
40.7567,-73.9844,19,0,0,0
40.7609,-73.999,17,0,0,0
40.7202,-73.9847,15,0,0,0
40.7701,-73.9592,6,0,0,0
40.7369,-73.988,17,0,0,0
40.7744,-73.9636,21,0,0,0
40.6925,-73.9483,12,1,0,0
40.7455,-73.9848,3,1,0,0
40.7682,-73.9845,13,0,0,0
40.6435,-73.7901,13,0,0,0
40.7712,-73.9566,18,0,0,0
40.7393,-73.978,6,1,0,0
40.7263,-74.0036,19,0,0,0
40.7613,-73.9738,16,0,0,0
40.7329,-73.986,7,0,0,0
40.7243,-73.9974,22,0,0,0
40.7401,-74.006,17,0,0,0
40.7706,-73.9199,16,1,0,0
40.7984,-73.9733,18,0,0,0
40.7744,-73.964,15,0,0,0
40.7264,-73.9893,22,1,0,0
40.7123,-73.9238,4,1,0,0
40.772,-73.9893,13,1,0,0
40.7747,-73.9561,13,0,0,0
40.7439,-73.9972,16,0,0,0
40.7189,-73.9566,13,1,0,0
40.7606,-73.986,19,0,0,0
40.7447,-73.9949,18,0,0,0
40.7579,-73.9736,12,0,0,0
40.7422,-74.004,13,0,0,0
40.7409,-74.0054,22,0,0,0
40.7698,-73.8644,16,1,0,0
40.7072,-73.9373,10,1,0,0
40.7806,-73.956,10,0,0,0
40.714,-73.9549,21,1,0,0
40.7557,-73.977,18,0,0,0
40.7516,-73.9753,18,0,0,0
40.7738,-73.8713,22,0,0,0
40.7374,-73.999,19,0,0,0
40.8248,-73.9525,13,0,0,0
40.7524,-73.9817,12,0,0,0
40.8158,-73.9605,3,0,0,0
40.7895,-73.9665,16,0,0,0
40.7302,-73.982,16,1,0,0
40.7645,-73.9688,20,1,0,0
40.7513,-73.9718,15,0,0,0
40.7741,-73.8724,13,1,0,0
40.852,-73.9347,21,1,0,0
40.7741,-73.8723,23,0,0,0
40.7923,-73.9719,15,1,0,0
40.6447,-73.7821,13,0,0,0
40.7295,-73.988,2,1,0,0
40.7592,-73.9956,7,0,0,0
40.8594,-73.9847,13,0,0,0
40.7379,-74.0019,22,0,0,0
40.7295,-73.987,10,0,0,0
40.7268,-73.989,0,1,0,0
40.7197,-74.0059,23,0,0,0
40.7427,-73.8255,21,1,0,0
40.6826,-73.9799,15,1,0,0
40.695,-74.1779,6,0,1,1
40.7091,-74.0107,17,0,0,0
40.7451,-73.977,18,0,0,0
40.7648,-73.988,8,0,0,0
40.7568,-73.9938,6,0,0,0
40.7347,-74.1647,18,0,1,1
40.7635,-73.9751,17,0,0,0
40.7256,-74.0039,17,0,0,0
40.7245,-73.9835,10,0,0,0
40.765,-73.9799,19,1,0,0
40.7813,-73.958,18,0,0,0
40.7075,-74.012,23,0,0,0
40.725,-73.9954,8,0,0,0
40.7559,-73.975,17,0,0,0
40.7498,-73.9922,17,0,0,0
40.7516,-73.9864,18,0,0,0
40.7653,-73.9789,23,0,0,0
40.7895,-73.9483,23,0,0,0
40.7657,-73.981,13,0,0,0
40.7282,-73.9758,0,0,0,0
40.7456,-73.9887,6,0,0,0
40.6684,-73.9906,15,0,0,0
40.7219,-73.9852,14,0,0,0
40.7117,-73.9949,20,0,0,0
40.6807,-73.9462,7,0,0,0
40.7641,-73.9727,12,0,0,0
40.7207,-74.0096,13,0,0,0
40.7122,-73.9637,14,0,0,0
40.7486,-73.9733,21,0,0,0
40.7305,-73.9833,0,1,0,0
40.7644,-73.9808,22,0,0,0
40.7562,-73.9717,19,0,0,0
40.7382,-73.9836,8,0,0,0
40.6134,-73.9551,7,0,0,0
40.7232,-74.0009,16,0,0,0
40.7291,-73.9921,22,0,0,0
40.7407,-74.0069,1,1,0,0
40.7513,-73.9933,18,0,0,0
40.7758,-73.9583,21,0,0,0
40.7311,-74.0086,18,0,0,0
40.7697,-73.984,22,0,0,0
40.7272,-74.0484,8,1,0,0
40.725,-73.9971,14,1,0,0
40.7229,-74.0612,17,0,0,0
40.7311,-73.984,16,0,0,0
40.735,-73.8793,0,1,0,0
40.7762,-73.9559,18,0,0,0
40.7621,-73.966,16,1,0,0
40.6687,-73.9578,7,1,0,0
40.7514,-73.9796,16,0,0,0
40.7247,-73.9918,12,1,0,0
40.7989,-73.9642,7,0,0,0
40.6602,-73.9603,7,0,0,0
40.7309,-73.9834,19,0,0,0
40.7308,-73.989,15,0,0,0
40.7208,-74.01,17,0,0,0
40.733,-74.0039,12,0,0,0
40.7534,-73.9729,21,0,0,0
40.7515,-74.0033,19,0,0,0
40.75,-73.9916,8,0,0,0
40.7789,-73.9581,20,0,0,0
40.7533,-73.9783,18,1,0,0
40.7822,-73.9579,7,0,0,0
40.6789,-73.9737,17,0,0,0
40.7512,-74.0067,11,0,0,0
40.7378,-74.0395,10,1,0,0
40.7055,-74.009,17,0,0,0
40.756,-73.9676,14,1,0,0
40.7827,-73.9787,19,0,0,0
40.7372,-74.0098,22,0,0,0
40.7388,-74.0082,1,1,0,0
40.7482,-73.9568,12,1,0,0
40.7695,-73.9623,16,0,0,0
40.7409,-74.0075,19,0,0,0
40.7721,-73.9673,13,0,0,0
40.6558,-73.9442,16,0,0,0
40.7499,-73.9902,22,1,0,0
40.7438,-74.0068,20,0,0,0
40.753,-73.9812,11,0,0,0
40.7472,-73.9858,18,0,0,0
40.7242,-73.9924,17,0,0,0
40.705,-74.0097,19,0,0,0
40.7985,-73.9339,10,0,0,0
40.7192,-73.9887,6,0,0,0
40.7582,-73.9712,15,0,0,0
40.7243,-73.9831,6,0,0,0
40.7489,-74.0034,1,1,0,0
40.7614,-73.9936,16,0,0,0
40.7604,-73.9761,17,0,0,0
40.6466,-73.7896,21,1,0,0
40.7326,-74.005,11,0,0,0
40.7606,-73.9677,12,1,0,0
40.7632,-73.9883,3,1,0,0
40.7531,-73.9791,10,0,0,0
40.7604,-73.9758,13,0,0,0
40.7821,-73.9479,10,0,0,0
40.6785,-73.9687,14,0,0,0
40.742,-73.976,9,1,0,0
40.756,-73.9791,19,0,0,0
40.6943,-74.182,16,0,1,1
40.7195,-73.9946,11,0,0,0
40.7555,-73.9877,13,0,0,0
40.6587,-73.9921,6,0,0,0
40.7627,-73.9805,1,1,0,0
40.7505,-73.9946,9,0,0,0
40.7246,-74.0081,19,0,0,0
40.6873,-73.9707,4,0,0,0
40.7797,-73.9462,11,0,0,0
40.7263,-73.9848,7,0,0,0
40.7483,-74.0037,16,0,0,0
40.7317,-73.9832,22,1,0,0
40.6593,-73.9605,7,0,0,0
40.7385,-73.9975,1,0,0,0
40.7359,-73.9766,13,1,0,0
40.7214,-73.9956,21,0,0,0
40.7242,-74.0024,14,0,0,0
40.7632,-73.9851,6,0,0,0
40.7217,-73.8026,18,1,0,0
40.762,-73.9143,12,1,0,0
40.7381,-74.0095,8,0,0,0
40.77,-73.8646,22,0,0,0
40.7795,-73.9778,15,1,0,0
40.7387,-73.9855,21,0,0,0
40.7618,-74.0011,13,1,0,0
40.7491,-73.992,9,1,0,0
40.8311,-73.9481,22,0,0,0
40.9144,-73.8374,3,0,0,-1
40.7595,-73.9636,22,0,0,0
40.7617,-73.9998,21,0,0,0
40.7515,-73.9939,17,0,0,0
40.6464,-73.7895,21,0,0,0
40.7106,-73.9657,15,1,0,0
40.7576,-73.9768,16,0,0,0
40.761,-73.9687,14,0,0,0
40.7624,-73.9823,18,0,0,0
40.7591,-73.9747,16,0,0,0
40.7921,-73.9772,10,0,0,0
40.6902,-74.1785,9,1,1,1
40.761,-73.9975,22,0,0,0
40.7721,-73.9468,10,0,0,0
40.7459,-74.0036,6,0,0,0
40.7081,-74.0088,8,0,0,0
40.6542,-73.9251,10,0,0,0
40.7595,-73.9817,22,0,0,0
40.7176,-74.0088,20,0,0,0
40.7644,-73.9754,16,1,0,0
40.6448,-73.7826,21,0,0,0
40.7317,-73.9886,3,1,0,0
40.7849,-73.9794,16,0,0,0
40.7377,-74.0018,9,0,0,0
40.6924,-73.9029,0,1,0,0
40.7905,-73.9756,14,0,0,0
40.7835,-73.9791,17,1,0,0
40.728,-73.9959,14,0,0,0
40.747,-73.9965,16,0,0,0
40.7453,-73.9949,7,0,0,0
40.7735,-73.9534,16,1,0,0
40.7224,-73.9887,2,1,0,0
40.7764,-73.9502,23,0,0,0
40.7521,-73.9733,10,1,0,0
40.7594,-73.8301,0,1,0,0
40.7567,-73.9889,16,0,0,0
40.7612,-73.9711,14,0,0,0
40.7553,-73.9716,17,0,0,0
40.7207,-73.9624,9,0,0,0
40.7606,-73.9755,15,0,0,0
40.7684,-73.8624,12,0,0,0
40.8691,-73.8269,20,0,0,0
40.7573,-73.9685,21,0,0,0
40.7555,-73.9974,17,0,0,0
40.6447,-73.7825,23,0,0,0
40.7428,-73.9926,12,0,0,0
40.761,-73.9711,15,0,0,0
40.7618,-73.9976,13,0,0,0
40.7214,-73.999,22,0,0,0
40.729,-73.979,21,0,0,0
40.7722,-73.9789,19,1,0,0
40.7451,-73.9886,20,0,0,0
40.7216,-74.0,15,0,0,0
40.7117,-74.0103,21,0,0,0
40.7445,-73.9859,21,1,0,0
40.7335,-73.9995,22,0,0,0
40.65,-74.0064,22,1,0,0
40.7412,-73.9932,2,1,0,0
40.7732,-73.8858,8,0,0,0
40.6836,-73.9414,19,1,0,0
40.7311,-74.003,20,0,0,0
40.6832,-73.9916,5,0,0,0
40.7751,-73.9813,20,0,0,0
40.7266,-73.9777,19,0,0,0
40.7537,-73.9933,12,0,0,0
40.7698,-73.9586,17,0,0,0
40.7568,-73.9889,13,0,0,0
40.753,-73.9929,17,1,0,0
40.751,-73.9751,12,0,0,0
40.6763,-73.9839,11,0,0,0
40.7591,-73.9727,17,0,0,0
40.7522,-73.9819,1,0,0,0
40.7701,-73.8158,16,0,0,0
40.7539,-73.9821,16,0,0,0
40.7742,-73.9628,14,1,0,0
40.7407,-74.0426,18,1,0,0
40.6988,-73.9923,17,0,0,0
40.7454,-73.9906,20,1,0,0
40.7571,-73.9767,21,0,0,0
40.7312,-73.9791,6,0,0,0
40.7458,-74.0073,14,0,0,0
40.7296,-73.9576,11,1,0,0
40.774,-73.8724,9,0,0,0
40.7926,-73.9235,17,1,0,0
40.7318,-73.9875,22,0,0,0
40.718,-74.0001,19,0,0,0
40.7461,-73.9867,15,1,0,0
40.7739,-73.8725,15,0,0,0
40.7213,-73.9875,21,0,0,0
40.747,-73.9732,17,0,0,0
40.6792,-73.9754,0,1,0,0
40.7873,-73.9782,15,0,0,0
40.6953,-74.1776,23,1,1,1
40.6642,-73.9806,17,1,0,0
40.7174,-74.005,3,1,0,0
40.8535,-73.9396,20,0,0,0
40.7119,-74.0106,16,0,0,0
40.804,-73.9575,14,1,0,0
40.7752,-73.9892,10,0,0,0
40.7357,-74.0007,2,0,0,0
40.742,-74.004,16,0,0,0
40.7326,-73.9901,8,0,0,0
40.6437,-73.7898,5,0,0,0
40.7029,-73.9255,7,1,0,0
40.7295,-73.9576,21,0,0,0
40.7181,-73.955,21,1,0,0
40.7649,-73.9831,18,0,0,0
40.7434,-73.9883,17,0,0,0
40.7132,-73.9926,7,0,0,0
40.7242,-73.9959,14,0,0,0
40.7517,-73.977,14,0,0,0
40.759,-73.9746,14,0,0,0
40.7316,-73.9822,6,0,0,0
40.75,-73.9833,10,0,0,0
40.7034,-74.0132,15,0,0,0
40.6962,-73.9681,17,1,0,0
40.7533,-73.9983,17,0,0,0
40.7732,-73.8856,19,0,0,0
40.6967,-73.9961,10,0,0,0
40.7705,-73.8651,10,0,0,0
40.727,-73.9928,10,0,0,0
40.6978,-73.985,9,0,0,0
40.7189,-73.9513,3,0,0,0
40.744,-73.9895,18,0,0,0
40.7826,-73.9594,23,0,0,0
40.7678,-73.9828,21,1,0,0
40.725,-73.8056,3,0,0,0
40.7255,-74.0004,4,0,0,0
40.7265,-74.0004,19,0,0,0
40.7407,-74.0017,20,0,0,0
40.7594,-73.9773,20,0,0,0
40.7746,-73.9632,16,0,0,0
40.6709,-73.9849,21,1,0,0
40.7605,-73.9584,4,0,0,0
40.7632,-73.9663,9,0,0,0
40.7633,-73.9964,21,0,0,0
40.7605,-74.0026,14,0,0,0
40.748,-74.0315,13,1,0,0
40.7547,-73.8455,21,0,0,0
40.7405,-74.0061,0,0,0,0
40.7534,-73.9889,12,1,0,0
40.6862,-73.9705,3,0,0,0
40.7655,-73.9759,13,0,0,0
40.6722,-74.0104,16,1,0,0
41.0174,-73.673,19,0,3,2
40.7214,-73.9886,17,1,0,0
40.7247,-73.9377,15,0,0,0
40.7631,-73.97,10,0,0,0
40.7207,-73.9954,15,0,0,0
40.7243,-73.9959,18,0,0,0
40.753,-73.9915,11,0,0,0
40.7685,-73.97,17,0,0,0
40.7609,-73.9906,21,0,0,0
40.7377,-73.9883,18,0,0,0
40.7601,-73.9711,18,0,0,0
40.7487,-73.9846,9,0,0,0
40.7579,-73.9791,17,0,0,0
40.7656,-73.9759,18,0,0,0
40.7409,-73.8235,10,0,0,0
40.7372,-73.9906,17,0,0,0
40.6485,-73.7835,7,0,0,0
40.7607,-73.9751,9,0,0,0
40.7326,-74.0034,21,0,0,0
40.7039,-74.0115,19,0,0,0
40.763,-73.9838,20,1,0,0
40.7705,-73.8653,19,0,0,0
40.7159,-73.9963,13,0,0,0
40.7738,-73.8711,21,1,0,0
40.7634,-73.9741,16,0,0,0
40.7524,-73.9723,18,0,0,0
40.6754,-74.0171,17,1,0,0
40.6718,-73.9829,8,0,0,0
40.7286,-74.0054,23,0,0,0
40.7927,-73.9649,21,0,0,0
40.781,-73.9501,18,1,0,0
40.7216,-74.0051,21,1,0,0
40.706,-74.0098,14,0,0,0
40.7495,-73.9799,15,0,0,0
40.7234,-73.9912,7,0,0,0
40.7613,-73.9721,19,0,0,0
40.7338,-74.0061,18,0,0,0
40.7596,-73.97,15,0,0,0
40.761,-73.98,19,0,0,0
40.6732,-73.9284,6,0,0,0
40.7003,-73.9249,4,0,0,0
40.7157,-74.0124,19,0,0,0
40.6849,-73.9652,21,0,0,0
40.7747,-73.9463,9,0,0,0
40.7043,-73.9297,7,1,0,0
40.7388,-74.0056,21,0,0,0
40.7238,-73.9854,17,0,0,0
40.7249,-74.0078,23,0,0,0
40.722,-74.0018,2,0,0,0
40.7792,-73.9591,16,0,0,0
40.7346,-74.0007,19,0,0,0
40.7538,-73.9645,21,0,0,0
40.7529,-73.9931,14,0,0,0
40.757,-73.9721,7,0,0,0
40.7471,-73.9775,3,1,0,0
40.7587,-73.9727,15,0,0,0
40.7189,-74.0052,16,0,0,0
40.7231,-74.0399,18,1,0,0
40.7357,-74.0281,23,1,0,0
40.7522,-73.9936,21,1,0,0
40.6854,-73.9829,11,0,0,0
40.7568,-73.9926,22,0,0,0
40.7611,-73.9674,23,0,0,0
40.7383,-73.9874,17,1,0,0
40.7288,-74.0004,12,1,0,0
40.7444,-74.0064,17,0,0,0
40.479,-74.41,0,0,-1,-1
40.7525,-73.986,16,1,0,0
40.7434,-73.9863,11,0,0,0
40.7701,-73.9686,15,1,0,0
40.7562,-73.9898,13,1,0,0
40.7485,-74.0058,11,0,0,0
40.7305,-73.9805,18,0,0,0
40.74,-74.0057,22,0,0,0
40.7303,-73.9778,14,1,0,0
40.7741,-73.8725,21,1,0,0
40.6978,-73.9928,5,0,0,0
40.7785,-73.9573,9,0,0,0
40.7352,-74.007,20,0,0,0
40.7742,-73.8725,21,0,0,0
40.7028,-73.7719,13,1,0,0
40.7608,-73.9878,5,0,0,0
40.7218,-73.958,17,0,0,0
40.7589,-73.994,5,0,0,0
40.7612,-73.9847,8,1,0,0
40.7321,-74.0045,16,0,0,0
40.7618,-73.9793,16,0,0,0
40.6859,-73.9903,8,0,0,0
40.7193,-73.9972,15,0,0,0
40.7613,-73.973,17,0,0,0
40.7586,-73.9729,17,0,0,0
40.7123,-73.9447,23,0,0,0
40.771,-73.9836,9,0,0,0
40.7367,-73.9869,7,0,0,0
40.7611,-73.9818,8,0,0,0
40.7667,-73.9867,21,0,0,0
40.7292,-73.9873,6,0,0,0
40.7516,-74.0019,18,0,0,0
40.7785,-73.9455,8,0,0,0
40.7645,-73.9786,19,0,0,0
40.7657,-73.9763,19,0,0,0
40.7488,-73.9782,23,0,0,0
40.7496,-73.9834,5,0,0,0
40.7961,-73.9723,9,0,0,0
40.7691,-73.9812,17,1,0,0
40.7468,-73.9411,3,0,0,0
40.7257,-73.9965,11,0,0,0
40.6571,-73.9623,10,0,0,0
40.7445,-73.9808,11,0,0,0
40.6448,-73.782,12,1,0,0
40.7388,-73.9906,6,0,0,0
40.7583,-73.9683,20,0,0,0
40.857,-74.0266,20,0,-1,-1
40.751,-73.9722,20,0,0,0
40.8476,-73.9031,20,1,0,0
40.7102,-74.0152,6,0,0,0
40.7409,-73.9893,17,1,0,0
40.7206,-73.9938,6,0,0,0
40.74,-74.0053,22,0,0,0
40.7207,-74.0037,9,1,0,0
40.7264,-74.0022,16,0,0,0
40.7379,-73.9887,19,0,0,0
40.7437,-73.9881,17,0,0,0
40.6874,-73.9901,13,0,0,0
40.6457,-73.7768,20,0,0,0
40.7301,-73.9558,5,0,0,0
40.7518,-73.9937,11,0,0,0
40.7534,-73.9922,17,0,0,0
40.7341,-73.9948,17,0,0,0
40.7888,-73.9551,20,0,0,0
40.7355,-73.994,16,0,0,0
40.7446,-73.976,0,1,0,0
40.7148,-74.0346,20,0,0,0
40.7451,-74.0058,22,1,0,0
40.6518,-73.9725,21,1,0,0
40.7683,-73.9845,13,0,0,0
40.7677,-73.9601,8,0,0,0
40.7407,-74.0076,20,0,0,0
40.6923,-73.9686,21,0,0,0
40.6908,-74.1776,20,0,1,1
40.7594,-73.9919,16,1,0,0
40.7421,-74.0046,16,0,0,0
40.7603,-73.9783,18,0,0,0
40.7382,-73.9836,21,0,0,0
40.7382,-74.0086,6,0,0,0
40.7223,-74.0026,12,0,0,0
40.7737,-73.9603,13,0,0,0
40.7834,-73.9473,19,1,0,0
40.7555,-73.9681,3,0,0,0
40.7317,-74.0044,7,0,0,0
40.7363,-73.9829,6,0,0,0
40.7944,-73.9663,23,0,0,0
40.8082,-73.9584,9,0,0,0
40.7217,-74.0647,1,0,0,0
40.744,-74.0065,5,0,0,0
40.7564,-73.9681,19,0,0,0
40.7871,-73.9778,15,0,0,0
40.7647,-73.9807,15,0,0,0
40.7115,-74.008,15,1,0,0
40.7342,-73.9815,16,0,0,0
40.7232,-74.0032,20,0,0,0
40.7589,-73.9643,17,0,0,0
40.7606,-73.9912,22,0,0,0
40.741,-73.9956,18,0,0,0
40.7355,-73.9831,9,0,0,0
40.7157,-74.0115,9,0,0,0
40.7592,-73.9944,20,0,0,0
40.7701,-73.9815,13,0,0,0
40.722,-73.9945,15,0,0,0
40.7042,-73.9866,5,0,0,0
40.7167,-73.9523,18,0,0,0
40.7553,-73.968,21,0,0,0
40.769,-73.886,21,0,0,0
40.762,-73.9788,18,0,0,0
40.7519,-73.9988,8,0,0,0
40.7112,-73.7668,12,0,0,0
40.781,-73.9493,20,0,0,0
40.7427,-73.9542,21,0,0,0
40.7213,-73.9888,19,1,0,0
40.7179,-73.993,20,0,0,0
40.7597,-73.9804,15,0,0,0
40.7176,-74.0075,0,1,0,0
40.7334,-73.9899,0,1,0,0
40.7476,-73.9966,22,1,0,0
40.7278,-73.9935,5,0,0,0
40.7402,-74.0058,18,0,0,0
40.745,-73.9841,20,1,0,0
40.7267,-73.9939,11,1,0,0
40.768,-73.9681,19,0,0,0
40.7646,-73.966,17,0,0,0
40.6937,-73.905,21,0,0,0
40.7376,-74.0082,10,0,0,0
40.7196,-73.9559,19,0,0,0
40.7185,-73.9636,17,0,0,0
40.7087,-74.0093,17,0,0,0
40.7662,-73.9777,14,1,0,0
40.7316,-73.9744,20,1,0,0
40.719,-74.0063,10,0,0,0
40.7411,-74.0078,13,0,0,0
40.6924,-73.9686,12,1,0,0
40.7502,-73.9766,14,0,0,0
40.7597,-73.9742,16,0,0,0
40.7353,-74.0083,9,1,0,0
40.748,-74.032,9,1,0,0
40.7614,-73.9999,7,0,0,0
40.7228,-73.9982,12,1,0,0
40.7398,-73.9911,23,1,0,0
40.7565,-73.9747,15,0,0,0
40.6877,-73.9987,10,0,0,0
40.767,-73.9841,18,0,0,0
40.7604,-73.9911,0,1,0,0
40.6906,-74.1783,17,0,1,1
40.7461,-74.0053,21,0,0,0
40.6469,-73.7901,20,0,0,0
40.7349,-73.9909,23,1,0,0
40.7792,-73.9749,17,1,0,0
40.7734,-73.9513,11,1,0,0
40.7366,-73.9891,23,1,0,0
40.742,-73.9828,19,1,0,0
40.759,-73.9785,19,0,0,0
40.748,-73.9892,16,0,0,0
40.7565,-73.9802,18,0,0,0
40.7408,-74.0049,19,0,0,0
40.7228,-73.9968,10,0,0,0
40.7883,-73.9706,6,0,0,0
40.7554,-73.9754,16,0,0,0
40.7544,-73.9817,23,0,0,0
40.7606,-73.9985,23,1,0,0
40.718,-74.0155,20,0,0,0
40.7518,-73.986,21,0,0,0
40.6904,-74.1783,8,0,1,1
40.7576,-73.9894,6,0,0,0
40.6483,-73.7827,18,0,0,0
40.7514,-73.9824,12,1,0,0
40.7437,-73.989,19,0,0,0
40.6942,-73.9464,19,1,0,0
40.722,-73.9933,14,1,0,0
40.7465,-74.0083,20,0,0,0
40.7236,-74.0037,9,0,0,0
40.758,-73.9707,8,0,0,0
40.7566,-73.9674,19,0,0,0
40.7566,-73.985,3,1,0,0
40.7612,-73.9731,21,0,0,0
40.7302,-73.9864,8,0,0,0
40.7298,-73.997,0,0,0,0
40.7594,-73.9681,17,0,0,0
40.7495,-73.9919,16,1,0,0
40.7173,-74.0091,11,0,0,0
40.7615,-74.0,17,0,0,0
40.7689,-73.9608,7,0,0,0
40.7826,-73.9767,16,0,0,0
40.7497,-73.9921,18,0,0,0
40.8698,-73.9776,21,0,0,-1
40.7237,-73.9404,19,1,0,0
40.7744,-73.9556,8,0,0,0
40.6886,-73.9965,16,0,0,0
40.6634,-73.9845,20,0,0,0
40.7739,-73.8719,18,0,0,0
40.7286,-73.9895,23,0,0,0
40.7118,-73.9626,5,0,0,0
40.741,-73.9883,12,0,0,0
40.74,-74.0057,23,0,0,0
40.7406,-73.9987,19,0,0,0
40.7236,-74.0074,21,0,0,0
40.6456,-73.7767,22,0,0,0
40.7339,-73.9778,8,0,0,0
40.7719,-73.9632,14,0,0,0
40.7735,-73.9821,22,0,0,0
40.7627,-73.9558,4,0,0,0
40.6448,-73.7824,19,0,0,0
40.693,-73.9892,12,0,0,0
40.564,-74.3068,8,0,-1,-1
40.7763,-73.9481,7,0,0,0
40.7462,-73.9821,13,0,0,0
40.699,-73.9327,8,0,0,0
40.7474,-73.9851,22,0,0,0
40.6777,-73.9601,14,0,0,0
40.7353,-74.0097,19,0,0,0
40.706,-73.9318,4,0,0,0
40.7444,-74.0022,17,0,0,0
40.7483,-73.9394,18,0,0,0
40.7547,-73.9661,20,0,0,0
40.7242,-73.9924,17,0,0,0
40.7177,-73.9922,21,1,0,0
40.711,-74.0137,18,0,0,0
40.7333,-74.0094,9,0,0,0
40.7618,-73.9714,20,0,0,0
40.6254,-73.9208,11,0,0,0
40.818,-73.9364,6,0,0,0
40.7069,-74.0124,13,0,0,0
40.7545,-73.9927,9,0,0,0
40.7561,-73.993,17,1,0,0
40.7591,-73.981,22,0,0,0
40.7586,-73.9947,8,0,0,0
40.7815,-73.9484,10,0,0,0
40.7243,-74.0049,16,0,0,0
40.7259,-74.0008,7,0,0,0
40.7686,-73.8626,17,0,0,0
40.7564,-73.9875,1,1,0,0
40.7434,-73.9853,20,0,0,0
40.6777,-73.9509,21,0,0,0
40.7316,-74.0032,14,0,0,0
40.732,-73.9959,23,0,0,0
40.6925,-73.9603,4,0,0,0
40.7052,-73.9429,19,0,0,0
40.7352,-73.9914,16,1,0,0
40.7234,-73.9912,18,0,0,0
40.7604,-74.0027,6,0,0,0
40.7981,-73.9399,5,0,0,0
40.7556,-73.9832,16,1,0,0
40.7369,-74.0311,1,1,0,0
40.7469,-73.9817,16,1,0,0
40.7539,-73.8185,15,1,0,0
40.7586,-73.991,10,1,0,0
40.7344,-73.9948,17,1,0,0
40.7094,-74.0175,5,0,0,0
40.7907,-73.9743,18,0,0,0
40.7832,-73.9745,18,0,0,0
40.7654,-73.9821,18,1,0,0
40.7526,-73.9847,18,0,0,0
40.7831,-73.9843,21,0,0,0
40.759,-73.9769,13,0,0,0
40.7755,-73.9289,11,1,0,0
40.7197,-73.9876,20,0,0,0
40.7627,-73.9742,16,1,0,0
40.773,-73.8855,19,0,0,0
40.7326,-73.9935,19,0,0,0
40.7615,-74.002,21,0,0,0
40.6669,-73.9574,12,0,0,0
40.7458,-73.8471,17,1,0,0
40.778,-73.9631,19,0,0,0
40.7165,-74.0092,6,0,0,0
40.7206,-74.0033,11,1,0,0
40.7653,-73.9752,10,0,0,0
40.7216,-73.9583,16,1,0,0
40.7684,-73.8624,19,0,0,0
40.7197,-74.0059,18,1,0,0
40.7545,-73.9634,21,0,0,0
40.6949,-74.1779,12,0,1,1
40.7664,-73.9779,7,0,0,0
40.7681,-73.9589,15,0,0,0
40.779,-73.9625,17,0,0,0
40.7183,-73.957,15,1,0,0
40.7307,-74.0016,20,0,0,0
40.7497,-73.9951,21,0,0,0
40.741,-73.9821,17,0,0,0
40.7295,-73.9933,18,0,0,0
40.6846,-73.9919,21,0,0,0
40.7785,-73.9793,21,1,0,0
40.7208,-73.9851,0,0,0,0
40.7612,-73.9694,20,0,0,0
40.7428,-73.9803,23,1,0,0
40.6417,-73.789,14,0,0,0
40.7309,-73.9892,23,1,0,0
40.7217,-74.0044,13,0,0,0
40.7281,-74.0,9,0,0,0
40.674,-73.956,18,0,0,0
40.7836,-73.9572,17,0,0,0
40.7314,-73.9886,2,1,0,0
40.7245,-73.9978,4,0,0,0
40.7624,-73.9788,13,0,0,0
40.719,-73.9901,17,0,0,0
40.7654,-73.9722,13,0,0,0
40.8311,-73.9267,21,0,0,0
40.7264,-73.9993,17,0,0,0
40.7443,-74.0067,3,1,0,0
40.6448,-73.7825,19,0,0,0
40.7235,-73.942,5,0,0,0
40.6647,-73.9789,22,0,0,0
40.7462,-74.0065,12,0,0,0
40.6833,-73.9432,4,1,0,0
40.7924,-73.9261,14,1,0,0
40.6938,-73.9825,16,0,0,0
40.7403,-73.9821,7,0,0,0
40.7228,-74.0032,15,0,0,0
40.7475,-73.9832,17,0,0,0
40.6449,-73.7823,15,1,0,0
40.7756,-73.9847,6,0,0,0
40.7295,-74.1595,20,0,1,1
40.7134,-74.0091,17,0,0,0
40.8143,-73.9446,20,0,0,0
40.7437,-73.9793,9,0,0,0
40.7514,-73.9866,18,0,0,0
40.7233,-73.9931,19,0,0,0
40.7572,-73.9773,14,1,0,0
40.7569,-73.9743,13,0,0,0
40.737,-73.9918,19,1,0,0
40.7729,-73.9626,19,0,0,0
40.7329,-73.9957,4,0,0,0
40.737,-74.0093,12,0,0,0
40.7415,-73.9784,14,0,0,0
40.751,-73.9751,7,1,0,0
40.7252,-74.0001,22,0,0,0
40.7071,-74.0121,22,1,0,0
40.7516,-73.9939,11,0,0,0
40.6848,-73.9791,7,0,0,0
40.7312,-73.9828,11,0,0,0
40.735,-73.9889,8,0,0,0
40.6774,-73.9983,22,1,0,0
40.7212,-74.0053,9,0,0,0
40.7747,-73.9521,16,0,0,0
40.7188,-74.0341,13,0,0,0
40.7267,-73.7044,8,0,0,0
40.7455,-73.9963,12,1,0,0
40.7194,-73.9996,13,1,0,0
40.7342,-73.9899,23,0,0,0
40.7529,-73.9677,16,0,0,0
40.6873,-73.935,8,0,0,0
40.7258,-73.9964,13,0,0,0
40.6842,-73.976,18,1,0,0
40.7761,-73.9559,23,1,0,0
40.7551,-73.9776,3,0,0,0
40.7647,-73.976,12,1,0,0
40.7386,-73.9938,12,0,0,0
40.7934,-73.9728,2,1,0,0
40.7639,-73.9752,8,0,0,0
40.7173,-74.005,4,0,0,0
40.7395,-73.992,17,0,0,0
40.6892,-73.9188,8,0,0,0
40.7179,-74.0149,9,0,0,0
40.7391,-74.0013,1,1,0,0
40.7384,-73.9841,7,0,0,0
40.7558,-73.9678,19,0,0,0
40.7359,-73.9854,14,1,0,0
40.723,-73.9905,22,1,0,0
40.8385,-73.9456,17,0,0,0
40.7498,-73.9833,8,1,0,0
40.708,-74.0015,13,0,0,0
40.7776,-73.9574,21,0,0,0
40.7209,-73.9948,18,0,0,0
40.7295,-73.9998,15,0,0,0
40.6786,-73.9481,16,0,0,0
40.7247,-73.9941,16,0,0,0
40.7783,-73.9533,5,0,0,0
40.766,-73.9781,21,1,0,0
40.7416,-74.0048,14,1,0,0
40.7186,-73.9832,21,0,0,0
40.8307,-73.9243,18,0,0,0
40.7836,-73.9835,7,0,0,0
40.7584,-73.9715,19,0,0,0
40.7265,-73.8143,10,0,0,0
40.7675,-73.9807,5,0,0,0
40.7914,-73.974,7,0,0,0
40.7325,-74.0005,23,1,0,0
40.7647,-73.9775,15,0,0,0
40.7246,-73.9916,20,0,0,0
40.7435,-74.0073,11,0,0,0
40.6687,-73.9852,22,1,0,0
40.6851,-73.9843,1,1,0,0
40.7243,-73.9827,4,0,0,0
40.7117,-73.5116,17,0,-1,-1
40.7357,-73.9814,15,0,0,0
40.7396,-73.9901,11,0,0,0
40.7853,-73.9349,12,1,0,0
40.7561,-73.9746,10,0,0,0
40.7548,-73.99,16,0,0,0
40.7607,-73.9734,19,0,0,0
40.7267,-73.9868,10,0,0,0
40.7247,-73.9996,14,0,0,0
40.7451,-74.0084,1,1,0,0
40.7481,-73.9888,20,1,0,0
40.7221,-73.9965,16,0,0,0
40.7301,-73.9837,21,0,0,0
40.6804,-73.9931,20,0,0,0
40.7169,-74.3581,20,0,-1,-1
40.7359,-73.9853,16,1,0,0
40.7592,-73.9809,14,0,0,0
40.7119,-74.0068,19,1,0,0
40.8131,-73.9562,20,0,0,0
40.7245,-73.9815,18,1,0,0
40.6485,-73.7826,22,0,0,0
40.7225,-73.9862,1,1,0,0
40.729,-73.987,11,1,0,0
40.7596,-73.9855,9,1,0,0
40.7556,-73.975,11,0,0,0
40.8202,-73.9533,21,1,0,0
40.7134,-73.9587,23,0,0,0
40.7631,-73.9765,19,0,0,0
40.7061,-74.0093,18,1,0,0
40.7665,-73.9818,8,0,0,0
40.7032,-73.9867,17,0,0,0
40.7631,-73.975,17,0,0,0
40.6666,-73.9568,20,0,0,0
40.718,-73.9932,10,0,0,0
40.7644,-73.9752,20,0,0,0
40.7584,-73.9928,18,0,0,0
40.781,-73.9548,14,0,0,0
40.753,-73.9967,22,1,0,0
40.7214,-74.0102,4,0,0,0
40.7756,-73.9626,17,0,0,0
40.7229,-73.9932,22,0,0,0
40.7598,-73.965,22,1,0,0
40.8066,-73.9538,1,0,0,0
40.6791,-73.9833,19,0,0,0
40.7782,-73.2852,15,0,-1,-1
40.7126,-73.9626,12,0,0,0
40.7384,-74.0055,17,1,0,0
40.7082,-74.0093,20,0,0,0
40.7397,-74.0053,18,1,0,0
40.7443,-73.996,20,1,0,0
40.7753,-73.9639,7,0,0,0
40.7149,-73.9518,22,0,0,0
40.7516,-73.9937,12,0,0,0
40.7669,-73.9819,8,0,0,0
40.8849,-73.8999,3,1,0,0
40.828,-73.9418,13,0,0,0
40.7141,-73.9518,1,1,0,0
40.7427,-73.9849,18,1,0,0
40.8673,-73.9266,10,0,0,0
40.6416,-73.7887,15,0,0,0
40.7709,-73.8658,21,0,0,0
40.7579,-73.9792,19,0,0,0
40.7095,-73.9589,15,0,0,0
40.7402,-74.0076,15,0,0,0
40.7625,-73.9653,9,0,0,0
40.7644,-73.9873,7,0,0,0
40.7596,-73.9788,23,0,0,0
40.7301,-74.003,5,0,0,0
40.7401,-73.9953,13,0,0,0
40.7584,-73.883,6,0,0,0
40.7616,-73.9905,21,1,0,0
40.7867,-73.9726,9,0,0,0
40.7267,-73.9963,12,0,0,0
40.6638,-73.9909,9,1,0,0
40.7621,-73.9857,3,0,0,0
40.7288,-73.9952,4,0,0,0
40.7579,-73.9726,20,0,0,0
40.7531,-74.0256,0,1,0,0
40.7455,-74.009,16,0,0,0
40.7725,-73.9567,8,0,0,0
40.6634,-73.9778,20,0,0,0
40.7408,-74.0052,15,1,0,0
40.6865,-73.9839,8,0,0,0
40.7304,-73.9929,16,0,0,0
40.7181,-74.0084,15,1,0,0
40.7727,-73.886,20,0,0,0
40.7511,-74.0043,18,0,0,0
40.806,-73.9671,8,1,0,0
40.8402,-73.8427,5,0,0,0
40.7366,-73.9973,18,1,0,0
40.8512,-73.9391,17,1,0,0
40.6305,-74.0282,18,1,0,0
40.726,-73.9896,21,0,0,0
40.7302,-73.9534,6,1,0,0
40.692,-73.9638,0,0,0,0
40.6687,-73.9766,23,0,0,0
40.765,-73.984,21,0,0,0
40.738,-74.0082,9,0,0,0
40.6879,-73.9728,17,0,0,0
40.7628,-73.9699,20,0,0,0
40.7558,-73.9746,14,0,0,0
40.7099,-74.009,9,0,0,0
40.7439,-73.9869,12,0,0,0
40.6984,-73.9963,22,0,0,0
40.7391,-74.0081,10,1,0,0
40.7394,-74.0014,0,1,0,0
40.8111,-73.9413,12,0,0,0
40.7623,-73.9785,2,0,0,0
40.6848,-73.8834,4,1,0,0
40.7652,-73.9616,20,0,0,0
40.7474,-73.9875,14,0,0,0
41.0404,-73.7551,9,1,3,-1
40.7229,-74.0009,16,0,0,0
40.7677,-73.88,1,1,0,0
40.7018,-74.0126,16,0,0,0
40.7273,-74.0065,15,0,0,0
40.7196,-73.9987,11,1,0,0
40.7161,-74.0074,7,0,0,0
40.7267,-74.0001,15,0,0,0
40.7227,-74.0048,8,0,0,0
40.7715,-73.9845,19,0,0,0
40.7207,-73.9982,22,0,0,0
40.74,-73.974,19,0,0,0
40.684,-73.9963,11,0,0,0
40.7336,-73.9901,8,0,0,0
40.6235,-74.0281,14,0,0,0
40.752,-73.9789,16,1,0,0
40.7744,-73.8717,8,0,0,0
40.7682,-73.8622,22,1,0,0
40.725,-73.9454,11,1,0,0
40.7222,-73.9803,22,0,0,0
40.7559,-74.0023,17,0,0,0
40.7231,-73.9838,19,1,0,0
40.7404,-73.9964,18,1,0,0
40.7419,-74.0036,0,0,0,0
40.6989,-73.9081,17,1,0,0
40.7421,-73.9829,5,1,0,0
40.7678,-73.9915,5,0,0,0
40.6907,-74.1776,12,0,1,1
40.7617,-73.9791,20,0,0,0
40.7506,-73.9899,18,0,0,0
40.7372,-74.0015,22,1,0,0
40.6881,-73.9607,5,0,0,0
40.7157,-74.006,14,0,0,0
40.769,-73.9811,1,1,0,0
40.7579,-73.9768,11,0,0,0
40.8517,-73.9417,11,0,0,0
40.744,-74.0081,23,0,0,0
40.7706,-73.9198,0,1,0,0
40.7587,-73.9705,15,1,0,0
40.7991,-73.9593,20,0,0,0
40.7203,-74.0023,6,0,0,0
40.7074,-73.9538,5,0,0,0
40.7402,-74.0021,14,0,0,0
40.7704,-73.8753,18,0,0,0
40.7382,-74.0081,2,1,0,0
40.7245,-73.9815,22,0,0,0
40.7071,-74.0172,19,0,0,0
40.7282,-73.9956,21,0,0,0
40.7625,-73.9963,6,0,0,0
40.6974,-73.9967,17,0,0,0
40.7562,-73.9768,18,0,0,0
40.723,-73.9827,8,0,0,0
40.7407,-73.9818,16,0,0,0
40.7504,-73.9739,17,0,0,0
40.746,-73.9925,13,0,0,0
40.7919,-73.9371,19,0,0,0
40.7646,-73.9702,15,1,0,0
40.755,-73.9799,17,0,0,0
40.6744,-73.9672,4,0,0,0
40.6447,-73.7822,22,0,0,0
40.7538,-73.9996,20,1,0,0
40.7656,-73.9528,11,0,0,0
40.72,-73.9554,22,1,0,0
40.7622,-73.975,8,1,0,0
40.826,-73.8895,13,0,0,0
40.7157,-74.0055,14,0,0,0
40.7629,-73.9628,11,0,0,0
40.7459,-73.9847,17,1,0,0
40.6752,-73.9782,8,0,0,0
40.7472,-73.9899,8,0,0,0
40.7707,-73.9804,19,1,0,0
40.6812,-73.9942,21,0,0,0
40.6924,-73.9853,4,0,0,0
40.7476,-74.0037,14,0,0,0
40.7603,-73.9765,14,0,0,0
40.7374,-73.9945,18,0,0,0
40.7693,-73.9831,22,0,0,0
40.7382,-73.992,16,0,0,0
40.7391,-74.1852,5,0,1,-1
40.6082,-73.9271,19,0,0,0
40.7233,-74.0064,12,0,0,0
40.6372,-73.9715,11,0,0,0
40.7278,-74.003,21,0,0,0
40.7563,-73.9797,21,0,0,0
40.7047,-73.9347,21,1,0,0
40.7292,-73.9772,18,0,0,0
40.7225,-73.9978,21,0,0,0
40.7694,-73.9559,8,0,0,0
40.7591,-73.965,19,0,0,0
40.6844,-73.9776,16,0,0,0
40.716,-74.0071,21,0,0,0
40.7051,-74.0079,17,1,0,0
40.7225,-74.0025,12,0,0,0
40.6954,-73.9918,23,0,0,0
40.74,-73.9857,7,0,0,0
40.6803,-73.825,23,1,0,0
40.7094,-74.0136,18,1,0,0
40.7204,-73.9951,14,1,0,0
40.7213,-73.9974,20,0,0,0
40.7309,-73.9783,7,0,0,0
40.7275,-74.0073,14,0,0,0
40.6819,-73.9666,1,1,0,0
40.7302,-73.9836,17,0,0,0
40.7572,-73.9823,9,1,0,0
40.7502,-73.9946,9,0,0,0
40.6862,-73.9734,6,0,0,0
40.7111,-74.0061,18,1,0,0
40.7577,-73.9753,17,0,0,0
40.7199,-73.9879,12,1,0,0
40.7778,-73.9755,7,0,0,0
40.6751,-73.9483,6,0,0,0
40.7473,-73.9723,22,0,0,0
40.6968,-73.9685,15,1,0,0
40.7094,-74.0148,4,0,0,0
40.7555,-73.9911,16,0,0,0
40.7048,-73.9285,10,0,0,0
40.6871,-73.9834,6,0,0,0
40.7253,-73.9926,0,1,0,0
40.7249,-73.9784,0,1,0,0
40.7076,-74.0039,13,0,0,0
40.6747,-74.016,18,1,0,0
40.7645,-73.9777,5,0,0,0
40.6416,-73.7889,6,0,0,0
40.7411,-74.006,12,0,0,0
40.7645,-73.9767,19,0,0,0
40.6992,-73.9922,17,0,0,0
40.7219,-74.0042,11,1,0,0
40.7501,-73.9738,11,0,0,0
40.7004,-74.0104,16,0,0,0
40.7523,-73.9774,13,1,0,0
40.7519,-74.0026,9,0,0,0
40.788,-73.9737,15,1,0,0
40.7313,-74.0,18,0,0,0
40.6831,-73.9322,15,1,0,0
40.7287,-74.0003,16,0,0,0
40.7196,-73.7973,11,1,0,0
40.7283,-73.9995,21,0,0,0
40.7614,-73.9841,21,0,0,0
40.7683,-73.8623,8,1,0,0
40.7582,-73.9854,17,0,0,0
40.7456,-74.001,17,0,0,0
40.7771,-73.9581,5,0,0,0
40.7399,-74.0024,10,1,0,0
40.7864,-73.9519,7,0,0,0
40.7344,-73.9891,13,1,0,0
40.7517,-73.8913,12,1,0,0
40.7458,-73.9845,18,1,0,0
40.7025,-74.0115,19,0,0,0
40.7607,-73.9978,18,1,0,0
40.7243,-73.9831,7,0,0,0
40.7628,-73.9951,4,0,0,0
40.7905,-73.9679,7,0,0,0
40.7291,-73.9886,22,1,0,0
40.6602,-73.9783,18,0,0,0
40.7657,-73.9625,10,0,0,0
40.7744,-73.9576,19,0,0,0
40.7619,-73.9653,20,0,0,0
40.7241,-74.0365,13,1,0,0
40.726,-73.9918,10,0,0,0
40.7512,-73.9932,12,0,0,0
40.7244,-73.9834,8,0,0,0
40.7287,-73.9949,19,0,0,0
40.7951,-73.9709,6,0,0,0
40.7627,-73.9792,20,0,0,0
40.745,-73.9849,18,0,0,0
40.7582,-73.988,22,1,0,0
40.7047,-73.9197,23,0,0,0
40.6966,-73.9833,7,0,0,0
40.7748,-73.9807,18,1,0,0
40.7728,-73.9895,15,0,0,0
40.7372,-73.9742,9,1,0,0
40.7389,-73.9897,18,0,0,0
40.7329,-74.0102,17,1,0,0
40.7298,-74.0044,20,1,0,0
40.7612,-73.9732,15,0,0,0
40.7638,-73.9886,23,1,0,0
40.6849,-73.9355,3,0,0,0
40.6889,-73.973,9,0,0,0
40.7778,-73.9837,19,1,0,0
40.7115,-74.0155,16,0,0,0
40.7464,-73.9801,7,0,0,0
40.7226,-73.9873,14,0,0,0
40.7775,-73.9832,16,1,0,0
40.7727,-74.0206,19,0,0,0
40.7189,-74.0066,16,0,0,0
40.6483,-73.9697,8,0,0,0
40.7525,-73.9792,22,0,0,0
40.8055,-73.962,11,0,0,0
40.7833,-73.9804,10,0,0,0
40.7433,-74.0528,6,1,0,0
40.7684,-73.8625,15,0,0,0
40.752,-73.9774,21,0,0,0
40.7826,-73.9491,20,0,0,0
40.7326,-74.005,22,1,0,0
40.6635,-73.9834,21,1,0,0
40.7613,-73.9998,15,1,0,0
40.7626,-73.9708,15,0,0,0
40.7449,-73.9873,20,0,0,0
40.661,-73.948,13,1,0,0
40.7771,-73.9891,12,0,0,0
40.7742,-73.987,7,0,0,0
40.7343,-74.0029,0,0,0,0
40.7468,-73.9825,19,0,0,0
40.7495,-73.9774,2,0,0,0
40.7325,-73.9936,7,0,0,0
40.7435,-73.9919,0,0,0,0
40.7592,-73.9196,22,0,0,0
40.7592,-73.9704,10,1,0,0
40.7413,-74.0052,17,0,0,0
40.7479,-73.9924,9,0,0,0
40.7237,-74.0036,14,0,0,0
40.7623,-73.9682,20,0,0,0
40.7714,-73.9894,16,0,0,0
40.7337,-73.9879,23,0,0,0
40.8081,-73.9584,8,1,0,0
40.7653,-73.9822,14,0,0,0
40.8125,-73.9633,19,0,0,0
40.7907,-73.9654,8,0,0,0
40.7771,-73.9774,8,0,0,0
40.733,-74.0032,1,0,0,0
40.6465,-73.7901,14,0,0,0
40.7529,-73.9792,17,0,0,0
40.721,-73.9937,0,0,0,0
40.7373,-73.9929,19,1,0,0
40.7363,-74.0078,22,0,0,0
40.7635,-73.9946,14,0,0,0
40.7691,-73.9675,19,0,0,0
40.6639,-73.9456,8,0,0,0
40.9065,-73.8976,10,0,0,0
40.7301,-73.9942,11,0,0,0
40.7185,-74.005,15,1,0,0
40.7269,-74.0002,23,0,0,0
40.7313,-74.01,17,0,0,0
40.7597,-73.9806,9,0,0,0
40.7613,-73.9869,0,1,0,0
40.7376,-74.0032,20,0,0,0
40.6885,-73.9991,6,0,0,0
40.6727,-73.9778,22,0,0,0
40.7259,-73.9423,7,0,0,0
40.7469,-73.9844,1,1,0,0
40.7511,-73.9714,8,0,0,0
40.7516,-73.995,9,0,0,0
40.7198,-74.0058,19,0,0,0
40.6447,-73.7819,5,0,0,0
40.7462,-73.9841,22,0,0,0
40.695,-73.9833,7,0,0,0
40.8207,-73.868,19,1,0,0
40.7711,-73.866,10,0,0,0
40.7404,-73.9944,7,1,0,0
40.7595,-73.9814,15,1,0,0
40.7048,-74.007,17,0,0,0
40.7246,-73.9936,12,0,0,0
40.7642,-73.9959,19,0,0,0
40.6458,-73.7767,21,0,0,0
40.7514,-74.0071,20,0,0,0
40.7542,-73.9846,20,0,0,0
40.7301,-74.0041,8,1,0,0
40.7237,-74.0006,13,0,0,0
40.7661,-73.9715,19,0,0,0
40.7163,-74.0148,17,1,0,0
40.7603,-73.9737,13,0,0,0
40.8461,-73.9427,5,0,0,0
40.7376,-73.9932,15,1,0,0
40.7553,-73.9837,15,0,0,0
40.7421,-74.004,1,1,0,0
40.743,-73.997,18,1,0,0
40.722,-74.0045,15,0,0,0
40.7302,-73.9757,9,0,0,0
40.7076,-74.008,6,0,0,0
40.7437,-73.9907,18,0,0,0
40.7783,-73.9505,7,0,0,0
40.7783,-73.9849,6,0,0,0
40.7022,-73.9828,8,0,0,0
40.7441,-73.9918,8,0,0,0
40.7173,-74.0099,7,0,0,0
40.7699,-73.9593,8,0,0,0
40.7631,-73.9782,19,0,0,0
40.7523,-73.9777,15,0,0,0
40.7192,-74.0102,12,1,0,0
40.7364,-73.9489,17,0,0,0
40.7236,-74.0016,0,1,0,0
40.7647,-73.9878,22,0,0,0
40.7117,-73.944,1,1,0,0
40.7404,-74.0057,17,0,0,0
40.7441,-73.9742,11,0,0,0
40.6359,-73.9627,11,0,0,0
40.7218,-74.0042,5,0,0,0
40.7714,-73.7841,16,1,0,0
40.7361,-73.9911,21,0,0,0
40.7652,-73.9723,10,0,0,0
40.753,-73.9658,10,0,0,0
40.7384,-73.9736,9,0,0,0
40.7109,-74.0078,0,1,0,0
40.7965,-73.9465,7,0,0,0
40.7285,-74.0051,0,1,0,0
40.674,-73.9806,11,0,0,0
40.7132,-73.9669,6,0,0,0
40.6464,-73.777,4,0,0,0
40.8461,-73.8623,17,0,0,0
40.7477,-74.002,6,0,0,0
40.7162,-73.9626,18,1,0,0
40.7685,-73.9499,5,0,0,0
40.7732,-73.9506,11,0,0,0
40.7774,-73.9566,8,0,0,0
40.7627,-73.9713,23,0,0,0
40.7708,-73.9682,17,0,0,0
40.7285,-73.9926,21,0,0,0
40.7741,-73.8726,23,1,0,0
40.7814,-73.9484,18,1,0,0
40.7644,-73.9556,14,0,0,0
40.7356,-73.9866,16,1,0,0
40.7112,-74.0092,15,0,0,0
40.7078,-74.0018,17,1,0,0
40.7043,-74.0064,14,0,0,0
40.7312,-73.9887,22,0,0,0
40.7613,-73.9989,16,0,0,0
40.715,-73.99,13,1,0,0
40.7669,-73.9845,19,0,0,0
40.773,-73.9782,20,0,0,0
40.7641,-73.9557,23,0,0,0
40.7247,-73.9841,7,0,0,0
40.75,-74.0025,21,0,0,0
40.7127,-73.9567,22,0,0,0
40.7833,-73.9528,19,0,0,0
40.7473,-73.9897,18,0,0,0
40.7852,-73.9487,7,0,0,0
40.737,-73.9981,21,1,0,0
40.7634,-73.9749,15,0,0,0
40.7256,-73.992,15,0,0,0
40.7862,-73.9438,22,0,0,0
40.7119,-73.9996,11,1,0,0
40.7453,-73.9945,7,0,0,0
40.679,-73.9974,6,1,0,0
40.7372,-74.005,8,0,0,0
40.7244,-73.9833,10,0,0,0
40.7252,-74.0034,23,1,0,0
40.7077,-74.0169,6,0,0,0
40.7201,-74.0046,2,1,0,0
40.7206,-73.9971,0,1,0,0
40.6467,-73.7893,7,0,0,0
40.7424,-73.9867,18,0,0,0
40.7597,-73.9953,7,0,0,0
40.7231,-73.9939,21,0,0,0
40.7645,-73.972,17,1,0,0
40.7655,-73.9634,8,1,0,0
40.6785,-73.9899,20,0,0,0
40.763,-73.9781,19,0,0,0
40.7183,-73.945,22,1,0,0
40.7594,-73.9724,3,0,0,0
40.7358,-73.9979,22,0,0,0
40.7456,-73.9464,18,0,0,0
40.7112,-73.9653,23,1,0,0
40.7284,-73.9797,23,1,0,0
40.785,-73.9824,20,0,0,0
40.7746,-73.9634,12,0,0,0
40.742,-74.004,8,0,0,0
40.7515,-73.9939,17,0,0,0
40.7407,-73.9799,16,1,0,0
40.7558,-73.9748,19,0,0,0
40.7232,-73.9912,11,1,0,0
40.7544,-73.9956,15,1,0,0
40.7396,-74.0023,18,0,0,0
40.747,-73.9791,0,1,0,0
40.739,-73.9733,17,1,0,0
40.7388,-74.0026,9,0,0,0
40.7606,-73.9776,21,0,0,0
40.81,-74.2171,3,0,-1,-1
40.8157,-73.9581,19,0,0,0
40.5913,-73.992,20,0,0,0
40.7135,-73.9629,17,1,0,0
40.7285,-73.9985,16,0,0,0
40.6218,-74.0145,5,0,0,0
40.708,-73.9444,11,1,0,0
40.7096,-74.014,22,0,0,0
40.7268,-74.0,22,0,0,0
40.8498,-73.9765,15,0,0,0
40.7534,-73.967,1,0,0,0
40.777,-73.952,17,1,0,0
40.7483,-74.008,15,0,0,0
40.7279,-74.0069,12,0,0,0
40.6742,-73.9486,17,1,0,0
40.7513,-73.994,21,0,0,0
40.7677,-73.9916,22,0,0,0
40.7154,-73.9811,6,0,0,0
40.7524,-73.9842,19,0,0,0
40.7005,-73.9009,10,0,0,0
40.7128,-73.9568,19,0,0,0
40.7205,-74.0084,16,0,0,0
40.7802,-73.9475,9,0,0,0
40.7664,-73.9822,15,0,0,0
40.7216,-73.9978,20,0,0,0
40.7553,-73.9853,21,0,0,0
40.7531,-73.9837,17,0,0,0
40.7309,-74.0064,13,0,0,0
40.6748,-73.9553,7,0,0,0
40.75,-73.9913,16,1,0,0
40.7386,-74.0054,0,0,0,0
40.7458,-73.9938,11,0,0,0
40.7308,-73.9928,10,0,0,0
40.7211,-73.9975,1,1,0,0
40.692,-73.9547,5,0,0,0
40.7256,-73.9949,20,1,0,0
40.723,-73.9999,8,0,0,0
40.7419,-74.0035,1,1,0,0
40.6683,-73.9757,6,0,0,0
40.7228,-74.0045,19,0,0,0
40.7366,-73.9889,8,1,0,0
40.7592,-73.9943,9,0,0,0
40.8037,-73.9535,9,1,0,0
40.7586,-73.9687,15,0,0,0
40.8384,-73.9437,10,1,0,0
40.7606,-73.9796,21,0,0,0
40.7321,-73.9821,23,0,0,0
40.7342,-74.0079,19,0,0,0
40.7468,-73.9817,10,0,0,0
40.6462,-73.9625,5,0,0,0
40.8427,-73.9431,18,0,0,0
40.7751,-73.9651,17,0,0,0
40.7213,-73.9876,4,0,0,0
40.6955,-74.178,17,0,1,1
40.7457,-73.8521,22,0,0,0
40.701,-73.8929,13,0,0,0
40.7697,-73.9577,0,1,0,0
40.7204,-73.9547,8,0,0,0
40.999,-73.6949,2,1,3,-1
40.721,-73.9948,22,1,0,0
40.7514,-73.9918,18,1,0,0
40.6952,-74.1787,11,0,1,1
40.7683,-73.9679,16,0,0,0
40.767,-73.9534,17,0,0,0
40.7223,-74.0098,19,0,0,0
40.7172,-73.9562,12,0,0,0
40.6447,-73.7821,20,0,0,0
40.7485,-73.986,22,0,0,0
40.7528,-73.985,2,1,0,0
40.7677,-73.9914,14,1,0,0
40.6202,-74.1564,6,0,-1,-1
40.727,-73.9968,18,0,0,0
40.7192,-73.9937,9,0,0,0
40.7268,-73.9779,2,1,0,0
40.6626,-73.9591,21,0,0,0
40.7381,-74.0084,6,0,0,0
40.7239,-73.9878,1,1,0,0
40.7244,-73.9974,15,0,0,0
40.7758,-73.9623,13,0,0,0
40.7766,-73.9555,20,0,0,0
40.7483,-73.9901,19,0,0,0
40.7017,-73.9867,12,0,0,0
40.666,-73.9823,6,0,0,0
40.7246,-73.9917,19,0,0,0
40.7737,-73.8716,6,0,0,0
40.7332,-74.0065,16,1,0,0
40.755,-73.9942,23,0,0,0
40.8085,-73.9663,14,0,0,0
40.7498,-73.9703,5,1,0,0
40.751,-73.9907,15,0,0,0
40.7544,-73.9993,16,0,0,0
40.7177,-74.0057,5,0,0,0
40.6978,-73.9849,20,0,0,0
40.7303,-73.9859,14,0,0,0
40.7265,-73.9958,21,0,0,0
40.7274,-73.9921,20,0,0,0
40.7097,-74.0082,18,0,0,0
40.7259,-73.9944,15,0,0,0
40.7677,-73.9705,16,0,0,0
40.7139,-74.0074,23,0,0,0
40.7619,-73.9788,11,0,0,0
40.8211,-73.9394,19,1,0,0
40.7633,-73.9717,20,0,0,0
40.7676,-73.9808,20,0,0,0
40.7545,-73.9774,21,0,0,0
40.7613,-74.0001,9,0,0,0
40.7296,-74.0046,18,0,0,0
40.7574,-73.9842,19,0,0,0
40.7601,-73.9836,17,0,0,0
40.7457,-73.9894,18,0,0,0
40.7414,-73.9855,16,0,0,0
40.7581,-73.9755,18,0,0,0
40.7207,-73.9809,16,1,0,0
40.7576,-73.9788,19,0,0,0
40.7478,-73.9883,19,0,0,0
40.7808,-73.9815,9,0,0,0
40.7506,-74.002,18,1,0,0
40.7601,-73.9733,16,0,0,0
40.7711,-73.9659,12,0,0,0
40.7612,-73.9798,22,0,0,0
40.7141,-73.9894,11,0,0,0
40.6985,-74.184,20,0,1,1
40.6436,-74.0167,16,1,0,0
40.6588,-73.9962,6,0,0,0
40.7837,-73.9794,9,0,0,0
40.7466,-74.0097,21,0,0,0
40.7119,-74.0085,17,0,0,0
40.7684,-73.969,22,1,0,0
40.7746,-73.9634,17,0,0,0
40.7565,-73.984,22,0,0,0
40.7601,-73.9693,21,0,0,0
40.7225,-74.0068,10,0,0,0
40.7455,-74.0333,11,1,0,0
40.7348,-73.9861,16,0,0,0
40.7579,-73.8343,18,1,0,0
40.7511,-74.0066,16,0,0,0
40.7268,-73.9946,22,1,0,0
40.691,-73.8163,9,1,0,0
40.7134,-73.9783,12,1,0,0
40.7685,-73.8627,15,0,0,0
40.7413,-73.9984,16,1,0,0
40.7056,-74.0068,7,0,0,0
40.7195,-73.9933,17,0,0,0
40.7601,-73.9963,11,1,0,0
40.7236,-74.0096,15,0,0,0
40.7303,-73.9529,6,0,0,0
40.744,-73.9734,15,1,0,0
40.7639,-73.9733,21,0,0,0
40.6858,-74.0013,21,0,0,0
40.7605,-73.9681,18,0,0,0
40.7405,-73.9893,13,0,0,0
40.7664,-73.9783,19,0,0,0
40.6965,-73.9183,11,1,0,0
40.7228,-73.9888,8,0,0,0
40.7056,-74.0053,0,0,0,0
40.7222,-73.9945,21,1,0,0
40.7508,-73.9789,17,0,0,0
40.7434,-74.0075,23,1,0,0
40.7648,-73.9726,21,0,0,0
40.7172,-74.0163,11,0,0,0
40.7311,-73.9888,23,0,0,0
40.7813,-73.9762,18,1,0,0
40.7396,-74.0021,1,0,0,0
40.7573,-73.9764,10,0,0,0
40.715,-74.0117,18,0,0,0
40.7712,-73.9679,21,0,0,0
40.7659,-73.9613,17,1,0,0
40.748,-74.0045,11,1,0,0
40.768,-73.9849,6,0,0,0
40.7588,-73.974,9,0,0,0
40.676,-73.9595,5,0,0,0
40.7563,-73.9855,18,0,0,0
40.7198,-74.0002,18,0,0,0
40.7414,-73.9897,16,0,0,0
40.7751,-73.961,6,0,0,0
40.7063,-74.0168,13,1,0,0
40.7374,-74.0412,1,0,0,0
40.7484,-73.9922,18,0,0,0
40.7684,-73.8626,11,0,0,0
40.7495,-73.9848,21,0,0,0
40.7255,-74.0034,23,0,0,0
40.7249,-73.9993,13,0,0,0
40.6958,-73.9467,6,1,0,0
40.7634,-73.9788,14,0,0,0
40.7683,-73.9822,19,0,0,0
40.7493,-73.9787,20,0,0,0
40.6587,-73.8032,21,1,0,0
40.7463,-74.0077,17,0,0,0
40.7134,-73.9442,5,0,0,0
40.7353,-74.0033,15,0,0,0
40.7097,-73.9481,18,0,0,0
40.8092,-73.941,12,0,0,0
40.7633,-73.9847,20,0,0,0
40.7837,-73.9518,6,0,0,0
40.7522,-73.9703,20,0,0,0
40.6448,-73.7826,23,0,0,0
40.751,-73.9743,18,1,0,0
40.7169,-73.9419,19,0,0,0
40.6961,-73.9965,4,1,0,0
40.7248,-73.9989,9,0,0,0
40.7347,-74.0001,22,0,0,0
40.7894,-73.9547,16,0,0,0
40.7303,-73.9866,21,1,0,0
40.7586,-73.9772,16,0,0,0
40.7667,-73.9512,22,0,0,0
40.7548,-73.9661,19,0,0,0
40.7251,-73.9958,17,0,0,0
40.7404,-73.9889,19,1,0,0
40.7652,-73.9774,20,1,0,0
40.7727,-73.9615,15,0,0,0
40.7903,-73.9753,21,0,0,0
40.7401,-74.0058,22,0,0,0
40.6757,-73.9722,19,0,0,0
40.7501,-74.0025,14,0,0,0
40.7632,-73.9818,21,0,0,0
40.763,-73.9832,3,0,0,0
40.7767,-73.9566,17,0,0,0
40.7425,-73.9825,23,0,0,0
40.7175,-73.9951,20,0,0,0
40.7454,-73.9715,9,0,0,0
40.6915,-73.9904,20,1,0,0
40.7325,-73.9873,11,0,0,0
40.7297,-73.9996,16,1,0,0
40.7682,-73.9826,23,0,0,0
40.7208,-73.9974,1,0,0,0
40.7398,-73.9926,10,0,0,0
40.7648,-73.9792,19,1,0,0
40.7933,-73.9763,22,0,0,0
40.6461,-73.7768,22,0,0,0
40.7437,-73.9838,15,0,0,0
40.7269,-73.9768,17,0,0,0
40.7559,-73.9688,16,0,0,0
40.753,-73.9857,16,0,0,0
40.7225,-73.996,17,1,0,0
40.7705,-73.9565,6,0,0,0
40.761,-73.9806,19,0,0,0
40.7774,-73.9752,6,0,0,0
40.678,-73.9612,18,0,0,0
40.7588,-73.9795,14,0,0,0
40.7636,-73.9823,21,0,0,0
40.7422,-74.0005,10,1,0,0
40.7142,-73.9652,2,1,0,0
40.7244,-73.9961,15,0,0,0
40.8603,-73.8825,18,0,0,0
40.7403,-73.994,20,1,0,0
40.7612,-73.9975,22,0,0,0
40.7612,-73.9776,11,0,0,0
40.7279,-73.9849,20,0,0,0
40.7509,-74.0057,17,0,0,0
40.7463,-73.9885,18,0,0,0
40.7208,-74.0019,23,0,0,0
40.7306,-74.0017,0,1,0,0
40.7216,-73.9934,10,0,0,0
40.746,-74.0016,21,0,0,0
40.7419,-73.9966,19,1,0,0
40.7945,-73.9718,23,0,0,0
40.7454,-73.9928,17,0,0,0
40.6791,-74.0109,22,1,0,0
40.7414,-73.9999,16,0,0,0
40.6324,-74.0318,12,0,0,0
40.6991,-73.9389,6,1,0,0
40.7516,-73.9938,5,1,0,0
40.7374,-73.9967,22,0,0,0
40.7527,-73.9275,19,0,0,0
40.742,-74.0042,9,0,0,0
40.7172,-74.0048,2,1,0,0
40.7397,-74.0062,2,1,0,0
40.754,-73.9884,14,0,0,0
40.7348,-73.9985,16,0,0,0
40.7261,-73.9986,19,0,0,0
40.678,-73.9845,18,0,0,0
40.7279,-74.0,23,1,0,0
40.706,-74.0092,20,0,0,0
40.7433,-73.9925,18,0,0,0
40.7441,-73.9873,15,1,0,0
40.7836,-73.9735,17,1,0,0
40.7148,-73.9494,22,0,0,0
40.7692,-73.9822,12,0,0,0
40.7609,-73.9722,0,0,0,0
40.66,-73.9948,0,0,0,0
40.7456,-73.9912,19,0,0,0
40.7826,-73.9589,17,1,0,0
40.7549,-73.9767,21,1,0,0
40.7863,-73.9718,18,0,0,0
40.776,-73.9763,18,0,0,0
40.726,-73.9836,0,1,0,0
40.6789,-73.9361,14,0,0,0
40.6881,-73.9606,17,1,0,0
40.7276,-74.0075,20,0,0,0
40.7207,-74.0054,9,0,0,0
40.7606,-73.9858,15,0,0,0
40.6689,-73.9899,2,1,0,0
40.8336,-73.9398,15,0,0,0
40.7356,-73.9927,20,0,0,0
40.7284,-73.9475,8,0,0,0
40.7624,-73.9805,20,0,0,0
40.7637,-73.9737,14,0,0,0
40.774,-73.8725,20,1,0,0
40.7643,-73.9814,20,0,0,0
40.7403,-73.925,14,0,0,0
40.6452,-73.92,18,0,0,0
40.7619,-73.9716,17,1,0,0
40.7253,-73.9835,21,0,0,0
40.6957,-73.9671,14,0,0,0
40.6997,-73.924,23,1,0,0
40.7219,-73.9854,1,0,0,0
40.762,-73.9723,17,0,0,0
40.7123,-73.954,18,0,0,0
40.7548,-73.9843,18,0,0,0
40.6912,-73.9976,16,0,0,0
40.7449,-73.982,20,0,0,0
40.7594,-73.9725,17,0,0,0
40.6947,-74.1779,8,0,1,1
40.7184,-73.9872,3,0,0,0
40.7341,-74.0083,20,0,0,0
40.6978,-73.9685,19,0,0,0
40.7813,-73.9811,13,0,0,0
40.749,-74.0033,20,0,0,0
40.7665,-73.9784,18,0,0,0
40.7192,-73.9998,16,0,0,0
40.72,-73.9991,19,0,0,0
40.7181,-73.9573,0,1,0,0
40.7679,-73.9828,22,0,0,0
40.7672,-73.9352,17,0,0,0
40.7502,-73.9878,18,0,0,0
41.0684,-73.7036,22,0,-1,-1
40.7454,-73.9903,7,0,0,0
40.748,-73.9951,8,0,0,0
40.7494,-73.9944,9,0,0,0
40.7123,-74.012,21,0,0,0
40.6388,-73.955,22,1,0,0
40.7578,-73.8243,9,0,0,0
40.6872,-73.9208,9,0,0,0
40.7478,-73.9567,2,1,0,0
40.7299,-73.9895,1,1,0,0
40.7111,-74.0055,9,0,0,0
40.7207,-73.9948,17,0,0,0
40.724,-73.9899,21,0,0,0
40.7383,-73.9968,0,0,0,0
40.756,-73.979,17,0,0,0
40.8084,-73.9429,14,0,0,0
40.756,-73.9913,16,0,0,0
40.7765,-73.9595,17,0,0,0
40.7199,-73.9641,6,0,0,0
40.7536,-73.9734,20,0,0,0
40.7728,-73.9668,16,1,0,0
40.6447,-73.7829,6,0,0,0
40.7541,-73.9887,21,0,0,0
40.8068,-73.9609,14,0,0,0
40.7617,-73.9782,12,0,0,0
40.7386,-73.9843,21,0,0,0
40.7546,-73.9992,15,0,0,0
40.7166,-73.9946,7,0,0,0
40.7357,-73.8599,2,1,0,0
40.7454,-73.9865,17,1,0,0
40.8022,-73.9623,20,0,0,0
40.7471,-73.991,16,0,0,0
40.7412,-73.9848,14,0,0,0
40.7771,-73.989,22,0,0,0
40.7067,-73.9494,8,1,0,0
40.7421,-73.9966,8,0,0,0
40.7159,-74.0089,17,0,0,0
40.748,-74.008,12,0,0,0
40.8869,-73.9084,12,1,0,0
40.7574,-73.9644,12,1,0,0
40.6783,-73.9674,6,0,0,0
40.7623,-74.001,17,0,0,0
40.6688,-73.927,6,0,0,0
40.7318,-73.9898,22,0,0,0
40.7685,-73.9652,10,0,0,0
40.7522,-73.9788,21,0,0,0
40.6933,-73.9546,8,0,0,0
40.6486,-73.7834,16,0,0,0
40.7629,-73.9821,18,0,0,0
40.7404,-74.0058,2,1,0,0
40.7137,-74.0069,4,0,0,0
40.6458,-73.7767,3,0,0,0
40.7788,-73.9624,12,0,0,0
40.6807,-73.9582,13,1,0,0
40.6908,-74.1781,14,0,1,1
40.7685,-73.8626,9,0,0,0
40.785,-73.9728,15,1,0,0
40.7741,-73.872,20,0,0,0
40.7244,-73.9834,14,0,0,0
40.7719,-73.9615,19,0,0,0
40.724,-74.0025,12,0,0,0
40.7647,-73.9784,19,0,0,0
40.7086,-74.0172,12,1,0,0
40.7591,-73.9797,12,0,0,0
40.7202,-74.0086,22,0,0,0
40.7465,-73.9715,22,0,0,0
40.7409,-73.9894,18,0,0,0
40.73,-73.9873,18,0,0,0
40.7143,-74.0156,20,1,0,0
40.7643,-73.9761,21,0,0,0
40.7667,-73.9787,19,0,0,0
40.7581,-73.9691,14,0,0,0
40.708,-74.0136,20,0,0,0
40.7166,-73.9612,1,1,0,0
40.8125,-73.9295,1,1,0,0
40.7415,-74.0009,11,0,0,0
40.7364,-73.9814,13,1,0,0
40.7275,-74.0075,18,0,0,0
41.1686,-74.0385,21,0,-1,-1
40.8062,-73.9466,11,0,0,0
40.7772,-73.9864,6,0,0,0
40.7569,-73.9671,15,1,0,0
40.7535,-73.9809,5,0,0,0
40.6921,-73.9514,21,0,0,0
40.7197,-73.9848,7,0,0,0
40.7098,-74.0115,19,0,0,0
40.7819,-73.9828,15,0,0,0
40.7211,-73.9814,8,0,0,0
40.7244,-74.0018,16,0,0,0
40.7566,-73.984,9,0,0,0
40.7782,-73.9781,16,0,0,0
40.7409,-74.0076,19,0,0,0
40.7497,-74.0049,12,0,0,0
40.7262,-73.9932,14,0,0,0
40.75,-73.9724,13,0,0,0
40.732,-74.0025,22,1,0,0
40.7816,-73.981,14,0,0,0
40.7521,-74.0052,21,0,0,0
40.7217,-74.006,11,0,0,0
40.7477,-73.993,13,0,0,0
40.7229,-73.9797,5,0,0,0
40.7257,-73.992,14,0,0,0
40.73,-74.0005,3,1,0,0
40.7346,-74.01,7,0,0,0
40.7324,-73.9962,7,0,0,0
40.7056,-73.9376,8,0,0,0
40.7604,-73.9618,22,0,0,0
40.7763,-73.9909,21,0,0,0
40.7162,-74.007,15,1,0,0
40.7034,-73.9325,23,0,0,0
40.7403,-74.0059,22,0,0,0
40.7708,-73.8656,14,0,0,0
40.7584,-73.971,17,0,0,0
40.756,-73.9873,12,0,0,0
40.7202,-73.9888,17,1,0,0
40.7569,-73.9787,18,0,0,0
40.6781,-73.9961,23,1,0,0
40.6461,-73.9789,7,1,0,0
40.7447,-73.9894,21,0,0,0
40.7839,-73.9815,9,0,0,0
40.7562,-73.9243,11,1,0,0
40.7227,-73.9941,23,1,0,0
40.7031,-73.8307,14,1,0,0
40.6676,-73.9917,5,0,0,0
40.7628,-73.9657,19,0,0,0
40.7436,-73.9985,0,0,0,0
40.6967,-73.9265,19,1,0,0
40.7443,-73.9958,14,0,0,0
40.7082,-74.0092,9,0,0,0
40.6448,-73.7819,9,0,0,0
40.7661,-73.9945,16,1,0,0
40.7348,-74.0035,19,0,0,0
40.7235,-74.0077,16,1,0,0
40.7502,-74.0043,15,0,0,0
40.8048,-73.9526,22,1,0,0
40.7584,-73.983,3,0,0,0
40.7606,-73.9741,12,0,0,0
40.7442,-73.9877,21,1,0,0
40.7685,-73.9848,8,0,0,0
40.7611,-73.9577,8,0,0,0
40.7585,-73.9614,15,0,0,0
40.7645,-73.978,20,0,0,0
40.752,-73.9731,16,0,0,0
40.7204,-73.8554,9,0,0,0
40.7259,-73.9981,12,0,0,0
40.7422,-73.9933,20,0,0,0
40.7706,-73.9565,7,0,0,0
40.7168,-74.0087,16,1,0,0
40.8015,-73.9663,8,0,0,0
40.7484,-73.9888,21,0,0,0
40.7216,-73.9936,1,1,0,0
40.7363,-73.9966,19,0,0,0
40.7509,-73.9909,21,0,0,0
40.7539,-73.9907,14,0,0,0
40.718,-74.0096,8,0,0,0
40.7327,-74.0004,15,0,0,0
40.7076,-73.945,9,0,0,0
40.7713,-73.9833,21,1,0,0
40.7663,-73.9795,20,0,0,0
40.7409,-73.9813,23,1,0,0
40.7384,-73.9001,20,1,0,0
40.7686,-73.9851,16,0,0,0
40.718,-73.95,22,0,0,0
40.7562,-73.9834,7,0,0,0
40.7819,-73.9774,14,0,0,0
40.7196,-73.8432,14,1,0,0
40.7387,-73.9998,8,0,0,0
40.7728,-73.9859,18,0,0,0
40.7421,-73.9926,16,0,0,0
40.7903,-73.9733,19,0,0,0
40.7641,-73.9707,14,1,0,0
40.794,-73.9629,20,0,0,0
40.7466,-74.0076,12,0,0,0
40.7521,-73.9798,13,0,0,0
40.7198,-73.9952,23,0,0,0
40.7473,-73.9879,19,0,0,0
40.6786,-73.9735,13,1,0,0
40.7465,-73.9913,16,1,0,0
40.758,-73.9996,0,0,0,0
40.7669,-73.979,21,0,0,0
40.7617,-73.9749,12,0,0,0
40.7583,-73.9927,7,0,0,0
40.7504,-73.9751,18,0,0,0
40.7196,-74.0103,17,0,0,0
40.7379,-74.0056,6,0,0,0
40.7533,-73.9872,14,0,0,0
40.745,-74.0029,21,1,0,0
40.7902,-73.9743,6,0,0,0
40.7703,-73.985,13,0,0,0
40.6911,-73.9556,8,0,0,0
40.7324,-73.9983,15,1,0,0
40.7616,-73.9708,16,0,0,0
40.7599,-73.9898,18,0,0,0
40.8225,-73.8715,1,1,0,0
40.7642,-73.9731,18,0,0,0
40.7584,-73.982,20,0,0,0
40.7201,-74.0752,7,1,0,0
40.7383,-73.9876,13,0,0,0
40.7509,-73.9942,14,1,0,0
40.7525,-73.9841,12,0,0,0
40.705,-74.0077,15,0,0,0
40.7643,-73.9711,17,0,0,0
40.7136,-74.0121,14,0,0,0
40.721,-73.9995,13,0,0,0
40.7607,-73.9607,19,1,0,0
40.7664,-73.9919,20,1,0,0
40.6796,-73.9759,5,0,0,0
40.7192,-74.0124,13,0,0,0
40.738,-73.9897,14,0,0,0
40.7733,-73.9545,7,0,0,0
40.7459,-73.9944,16,0,0,0
40.773,-73.9553,20,0,0,0
40.782,-73.9554,18,0,0,0
40.6792,-73.9812,16,0,0,0
40.7481,-74.0004,6,0,0,0
40.759,-73.9959,8,0,0,0
40.7105,-73.9346,17,0,0,0
40.7098,-74.0102,17,0,0,0
40.7333,-73.9956,7,0,0,0
40.7213,-74.0,13,1,0,0
40.7131,-73.9576,21,0,0,0
40.716,-73.962,22,1,0,0
40.7051,-74.0105,22,0,0,0
40.7675,-73.9811,20,1,0,0
40.7704,-73.9644,16,0,0,0
40.7205,-73.9874,22,0,0,0
40.7122,-73.9513,10,0,0,0
40.7491,-73.9798,9,0,0,0
40.7469,-73.9849,17,0,0,0
40.7256,-73.9841,10,0,0,0
40.7594,-73.9695,17,0,0,0
40.7278,-73.9422,14,0,0,0
40.7295,-73.9782,22,1,0,0
40.7666,-73.9782,21,0,0,0
40.8322,-73.9412,15,1,0,0
40.755,-73.9798,17,0,0,0
40.7141,-73.9808,15,1,0,0
40.7508,-74.0037,0,1,0,0
40.7211,-73.985,8,0,0,0
40.7214,-73.9832,13,0,0,0
40.7157,-74.0154,13,0,0,0
40.7268,-73.986,17,0,0,0
40.7582,-73.9662,21,0,0,0
40.6942,-73.9834,20,0,0,0
40.721,-73.9809,7,0,0,0
40.7209,-73.9567,16,1,0,0
40.7512,-73.9867,21,0,0,0
40.7215,-73.9935,23,1,0,0
40.7369,-74.0037,10,1,0,0
40.7633,-73.9808,20,0,0,0
40.7448,-73.9887,18,0,0,0
40.7126,-73.9902,13,1,0,0
40.7255,-73.9451,14,1,0,0
40.7425,-73.9975,10,1,0,0
40.738,-74.0056,8,0,0,0
40.7404,-74.0078,21,0,0,0
40.7555,-73.9766,13,0,0,0
40.7121,-73.9466,22,0,0,0
40.6752,-73.9617,13,0,0,0
40.7604,-73.9986,16,0,0,0
40.7741,-73.8715,1,1,0,0
40.6885,-73.9829,13,1,0,0
40.7771,-73.989,5,0,0,0
40.7499,-73.9902,21,0,0,0
40.6467,-73.7898,22,0,0,0
40.7535,-73.9867,17,0,0,0
40.7565,-73.9942,18,1,0,0
40.7743,-73.9594,6,0,0,0
40.7201,-74.0107,21,0,0,0
40.7307,-73.989,21,0,0,0
40.7234,-73.9985,17,0,0,0
40.7562,-73.9982,14,0,0,0
40.7575,-73.9931,8,0,0,0
40.7202,-73.9887,15,0,0,0
40.7422,-74.0061,20,0,0,0
40.8437,-73.9366,9,1,0,0
40.7326,-74.0033,21,0,0,0
40.7525,-73.9952,12,0,0,0
40.7244,-73.9833,22,0,0,0
40.7496,-74.0046,21,0,0,0
40.7372,-73.9923,0,1,0,0
40.774,-73.8724,13,0,0,0
40.7954,-73.9759,18,1,0,0
40.7633,-73.9649,12,0,0,0
40.7445,-73.9488,5,0,0,0
40.7185,-73.9893,1,1,0,0
40.7073,-74.0044,9,0,0,0
40.7628,-73.9776,8,0,0,0
40.7305,-74.0021,19,0,0,0
40.7413,-73.9789,8,0,0,0
40.7347,-73.9946,17,0,0,0
40.7314,-74.0088,13,0,0,0
40.7348,-74.004,20,0,0,0
40.7229,-74.0013,0,0,0,0
40.7682,-73.8619,13,1,0,0
40.7514,-73.982,18,0,0,0
40.7719,-73.9558,18,1,0,0
40.7364,-73.8576,18,0,0,0
40.6468,-73.7783,21,0,0,0
40.695,-74.1784,13,0,1,1
40.7167,-74.0051,18,0,0,0
40.7597,-73.9781,12,0,0,0
40.7468,-73.9918,3,1,0,0
40.742,-73.9933,21,0,0,0
40.7263,-74.0024,22,1,0,0
40.7715,-73.9508,10,0,0,0
40.7607,-73.9735,17,0,0,0
40.6893,-73.957,7,0,0,0
40.7673,-73.9835,15,1,0,0
40.7545,-73.9866,17,0,0,0
40.7239,-73.9981,15,0,0,0
40.7369,-74.0306,17,0,0,0
40.7418,-74.0051,12,0,0,0
40.7545,-73.9866,16,0,0,0
40.6928,-73.9738,19,0,0,0
40.7513,-73.993,20,1,0,0
40.741,-73.9986,20,0,0,0
40.7379,-73.9934,11,0,0,0
40.7597,-73.9956,17,0,0,0
40.6752,-74.0167,20,0,0,0
40.7567,-73.9982,17,0,0,0
40.759,-73.9816,21,1,0,0
40.77,-73.9575,23,1,0,0
40.7582,-73.9761,13,0,0,0
40.7513,-73.9765,14,0,0,0
40.7194,-73.9996,17,0,0,0
40.7453,-74.0084,15,0,0,0
40.6457,-73.7767,16,0,0,0
40.7574,-73.9717,19,0,0,0
40.7811,-73.9481,12,0,0,0
40.7587,-73.9687,14,0,0,0
40.7804,-73.9833,10,1,0,0
40.837,-73.9391,6,0,0,0
40.7394,-74.002,2,0,0,0
40.7393,-73.9935,21,0,0,0
40.7238,-73.9764,23,1,0,0
40.7526,-73.9729,14,0,0,0
40.7461,-73.9719,16,0,0,0
40.7239,-73.9936,20,1,0,0
40.7583,-73.9901,22,0,0,0
40.721,-73.9979,20,0,0,0
40.7845,-73.9472,17,1,0,0
40.7254,-73.997,17,0,0,0
40.7377,-73.984,6,0,0,0
40.7373,-73.9863,19,0,0,0
40.7002,-73.9949,5,1,0,0
40.7789,-73.9823,7,0,0,0
40.7426,-73.9946,23,1,0,0
40.9865,-73.7681,21,0,-1,-1
40.7754,-73.9649,16,1,0,0
40.763,-73.9781,17,0,0,0
40.7505,-73.9735,19,0,0,0
40.6906,-73.9957,2,0,0,0
40.6484,-73.7833,22,0,0,0
40.7281,-73.976,17,0,0,0
40.7363,-74.0077,4,0,0,0
40.699,-73.996,23,0,0,0
40.7462,-73.9832,12,0,0,0
40.7824,-73.9804,7,0,0,0
40.7654,-73.9837,11,0,0,0
40.7315,-73.9871,22,0,0,0
40.7496,-73.9719,19,0,0,0
40.7314,-74.0031,22,1,0,0
40.7175,-73.9917,14,1,0,0
40.7456,-73.9895,0,0,0,0
40.7591,-73.9885,17,0,0,0
40.737,-73.9882,23,0,0,0
40.7375,-74.0083,6,0,0,0
40.7076,-74.0101,14,1,0,0
40.753,-73.9836,20,1,0,0
40.7578,-73.989,15,0,0,0
40.7456,-73.9822,19,0,0,0
40.753,-73.975,20,0,0,0
40.7629,-73.9719,18,0,0,0
40.6449,-73.7822,5,0,0,0
40.6936,-73.9967,21,0,0,0
40.7379,-73.9881,20,0,0,0
40.7203,-73.9449,10,0,0,0
40.7539,-73.9995,17,0,0,0
40.7718,-73.9593,13,0,0,0
40.7685,-73.9602,9,0,0,0
40.7462,-73.9822,17,0,0,0
40.724,-73.9925,23,1,0,0
40.83,-73.9278,21,0,0,0
40.7347,-73.9919,18,0,0,0
40.7851,-73.9557,21,1,0,0
40.7321,-74.0015,23,1,0,0
40.7637,-73.9824,21,0,0,0
40.7201,-73.9899,17,1,0,0
40.7709,-73.9492,8,0,0,0
40.7153,-73.9562,8,0,0,0
40.7688,-73.9606,14,0,0,0
40.7824,-73.9506,16,0,0,0
40.759,-73.9728,18,0,0,0
40.7711,-73.8662,23,1,0,0
40.7411,-74.0018,21,0,0,0
40.656,-73.9144,6,1,0,0
40.755,-73.9737,9,0,0,0
40.7059,-73.9726,17,0,0,0
40.7257,-73.9967,22,0,0,0
40.6803,-73.9968,21,0,0,0
40.7589,-73.9704,11,0,0,0
40.7268,-74.0,19,1,0,0
40.747,-74.0094,21,0,0,0
40.7594,-73.9725,13,0,0,0
40.8052,-73.9393,14,1,0,0
40.8102,-73.9473,5,0,0,0
40.7561,-73.9832,20,0,0,0
40.7608,-73.9968,22,1,0,0
40.7433,-73.9883,18,0,0,0
40.7261,-73.5866,6,0,0,-1
40.7434,-73.9842,21,1,0,0
40.7639,-73.9683,15,0,0,0
40.7437,-73.9838,13,0,0,0
40.7695,-73.9809,9,1,0,0
40.6452,-73.9791,4,1,0,0
40.7899,-73.9734,8,0,0,0
40.8363,-73.9423,14,0,0,0
40.7081,-74.0011,18,1,0,0
40.7685,-73.9678,13,1,0,0
40.7638,-73.9759,10,0,0,0
40.7303,-73.9991,10,0,0,0
40.8093,-73.9538,5,0,0,0
40.7231,-73.9974,20,0,0,0
40.704,-73.9307,4,1,0,0
40.7588,-73.994,9,0,0,0
40.7679,-73.9917,7,0,0,0
40.7368,-73.993,11,0,0,0
40.7337,-73.9774,21,1,0,0
40.7266,-73.986,7,0,0,0
40.7869,-73.9412,9,1,0,0
40.7077,-74.008,16,0,0,0
40.7763,-73.9579,4,1,0,0
40.7528,-73.9807,16,1,0,0
40.6449,-73.7818,5,0,0,0
40.7814,-73.9802,12,1,0,0
40.7443,-74.0066,4,0,0,0
40.7575,-73.9857,17,0,0,0
40.7239,-73.9968,13,0,0,0
40.694,-73.9624,10,1,0,0
40.7625,-73.9887,19,0,0,0
40.7102,-74.0168,21,0,0,0
40.7369,-73.9917,18,0,0,0
40.7139,-74.0093,23,0,0,0
40.6844,-73.9662,14,1,0,0
40.7641,-73.9575,17,0,0,0
40.7523,-73.9669,21,0,0,0
40.8321,-73.944,17,0,0,0
40.7999,-74.0649,12,1,0,0
40.7376,-74.1742,11,0,1,1
40.7604,-73.9717,16,0,0,0
40.725,-74.0028,12,0,0,0
40.7552,-73.9942,20,0,0,0
40.7624,-73.9849,17,1,0,0
40.6724,-74.0117,18,1,0,0
40.7875,-73.9811,9,0,0,0
40.6106,-73.9867,9,0,0,0
40.7623,-73.9643,18,0,0,0
40.7551,-73.9751,17,0,0,0
40.7334,-73.9898,9,0,0,0
40.695,-74.178,8,0,1,1
40.719,-73.9902,1,1,0,0
40.7212,-73.9878,21,0,0,0
40.7125,-73.9422,0,1,0,0
40.7646,-73.9876,13,0,0,0
40.7139,-73.9597,16,0,0,0
40.6831,-73.9977,11,0,0,0
40.7678,-73.913,22,0,0,0
40.7439,-73.988,16,0,0,0
40.743,-74.0076,21,0,0,0
40.7536,-73.9839,19,0,0,0
40.7586,-73.9813,17,0,0,0
40.7379,-74.009,0,1,0,0
40.7669,-73.9677,22,0,0,0
40.718,-73.9535,19,0,0,0
40.7437,-74.0021,9,0,0,0
40.7807,-73.9856,16,1,0,0
40.6891,-74.1839,17,0,1,1
40.7518,-74.0022,19,1,0,0
40.7229,-74.005,17,1,0,0
40.7401,-73.9823,22,0,0,0
40.7655,-73.9803,15,0,0,0
40.7252,-73.9957,19,0,0,0
40.7207,-73.994,0,0,0,0
40.751,-73.9454,2,1,0,0
40.7792,-73.9551,18,0,0,0
40.7631,-73.9816,11,0,0,0
40.711,-74.0061,13,0,0,0
40.7191,-74.0002,8,0,0,0
40.7312,-73.9951,10,1,0,0
40.7517,-73.9772,20,0,0,0
40.7437,-74.0063,6,0,0,0
40.7407,-74.005,10,0,0,0
40.7603,-73.9968,21,0,0,0
40.7754,-73.9779,13,0,0,0
40.9414,-73.8379,5,0,0,-1
40.5758,-73.9934,8,0,0,0
40.7899,-73.9704,17,0,0,0
40.7164,-74.0112,17,0,0,0
40.7598,-73.9744,17,0,0,0
40.7405,-73.9891,19,1,0,0
40.7742,-73.8728,14,0,0,0
40.6877,-74.1824,21,0,1,1
40.7499,-73.9997,15,0,0,0
40.7299,-73.9917,4,0,0,0
40.7529,-73.9893,13,0,0,0
40.7827,-73.9493,15,1,0,0
40.8037,-73.9458,20,0,0,0
40.7516,-73.9939,8,0,0,0
40.6948,-74.1769,23,0,1,1
40.7657,-73.9816,8,0,0,0
40.7448,-73.993,16,0,0,0
40.7305,-74.0045,18,0,0,0
40.7263,-74.0464,7,0,0,0
40.7216,-74.0,18,0,0,0
40.774,-73.8718,17,1,0,0
40.7368,-74.0044,12,0,0,0
40.683,-73.9646,22,0,0,0
40.7662,-73.9916,8,0,0,0
40.7669,-73.9619,16,0,0,0
40.7285,-73.9873,14,1,0,0
40.7713,-73.8662,10,0,0,0
40.7696,-73.9821,15,0,0,0
40.7297,-73.9906,21,0,0,0
40.7553,-73.9775,9,0,0,0
40.7529,-73.9951,10,0,0,0
40.7564,-73.9625,16,1,0,0
40.7475,-74.0059,19,0,0,0
40.7043,-74.0119,6,0,0,0
40.7415,-73.987,21,0,0,0
40.7153,-74.0104,21,0,0,0
40.7617,-73.9725,13,0,0,0
40.6917,-74.1771,15,1,1,1
40.6252,-73.9612,21,0,0,0
40.7449,-73.9949,23,1,0,0
40.7903,-73.9657,14,0,0,0
40.6679,-73.9809,19,1,0,0
40.7069,-73.9522,5,1,0,0
40.7622,-73.97,13,0,0,0
40.725,-73.9983,11,1,0,0
40.7518,-73.9758,18,0,0,0
40.7316,-73.9967,23,0,0,0
40.6812,-73.9724,8,0,0,0
40.7604,-73.9912,16,1,0,0
40.6607,-73.8033,16,1,0,0
40.7575,-73.9742,20,0,0,0
40.7709,-73.8659,20,0,0,0
40.6448,-73.7818,23,1,0,0
40.6314,-73.9475,14,1,0,0
40.7633,-73.9719,19,0,0,0
40.7506,-73.9788,16,0,0,0
40.6445,-73.7829,17,0,0,0
40.7621,-73.9822,19,0,0,0
40.7506,-74.0034,18,0,0,0
40.7526,-73.9847,18,0,0,0
40.7805,-73.9591,20,0,0,0
40.751,-73.9738,13,0,0,0
40.7399,-74.0499,2,1,0,0
40.7739,-73.964,14,0,0,0
40.7592,-73.9748,18,1,0,0
40.7232,-74.0078,15,0,0,0
40.7419,-74.0047,22,0,0,0
40.7498,-73.9786,2,1,0,0
40.7123,-73.9638,20,1,0,0
40.831,-73.927,19,0,0,0
40.7423,-74.0042,0,0,0,0
40.7643,-73.9667,19,0,0,0
40.7817,-73.9813,2,0,0,0
40.7276,-73.9818,8,0,0,0
40.7635,-73.9749,17,0,0,0
40.7446,-73.9965,20,0,0,0
40.7577,-73.989,6,0,0,0
40.7424,-73.9846,20,0,0,0
40.7112,-73.9677,9,0,0,0
40.6853,-73.9398,0,1,0,0
40.7859,-73.9816,12,1,0,0
40.7738,-73.8717,17,0,0,0
40.7955,-73.9734,20,0,0,0
40.72,-73.9597,20,0,0,0
40.7263,-73.9785,9,0,0,0
40.7508,-73.9979,11,1,0,0
40.755,-73.8443,21,0,0,0
40.7485,-74.0059,17,0,0,0
40.7146,-74.0158,22,1,0,0
40.7126,-73.9582,22,0,0,0
40.7072,-74.0045,7,0,0,0
40.7771,-73.989,8,0,0,0
40.7233,-73.9995,16,1,0,0
40.6758,-73.9634,17,1,0,0
40.7411,-73.9943,19,0,0,0
40.7527,-73.9795,6,0,0,0
40.7475,-73.9853,12,0,0,0
40.7768,-73.9861,6,0,0,0
40.774,-73.872,14,0,0,0
40.7399,-74.0007,22,0,0,0
40.7383,-74.0024,6,0,0,0
40.7165,-74.0165,3,0,0,0
40.7445,-73.9731,8,0,0,0
40.7778,-73.9615,22,0,0,0
40.6888,-73.9542,9,1,0,0
40.737,-73.9901,14,0,0,0
40.7514,-73.9935,16,0,0,0
40.7453,-73.9961,12,0,0,0
40.7333,-74.0046,11,0,0,0
40.7222,-73.9963,15,0,0,0
40.7821,-73.9577,13,1,0,0
40.7732,-73.9545,8,0,0,0
40.7591,-73.9826,17,0,0,0
40.7248,-73.9989,14,1,0,0
40.7598,-73.9723,16,0,0,0
40.7394,-74.0019,22,0,0,0
40.7596,-73.9797,18,0,0,0
40.6681,-73.9504,20,0,0,0
40.7338,-73.9929,14,0,0,0
40.7382,-74.0355,4,0,0,0
40.7331,-73.9964,11,0,0,0
40.7233,-73.9975,19,0,0,0
40.7465,-74.0033,6,0,0,0
40.8079,-73.9665,7,0,0,0
40.7313,-74.0043,14,0,0,0
40.7812,-73.9599,15,0,0,0
40.7518,-73.844,20,1,0,0
40.7653,-73.9548,14,0,0,0
40.7685,-73.9815,16,0,0,0
40.777,-73.9818,7,0,0,0
40.7294,-73.978,20,0,0,0
40.7427,-73.9892,16,0,0,0
40.7491,-74.0032,17,0,0,0
40.7401,-74.006,13,0,0,0
40.747,-74.0046,16,1,0,0
40.7299,-73.9991,22,0,0,0
40.752,-73.9816,10,0,0,0
40.7862,-73.9486,15,0,0,0
40.7472,-73.9809,16,0,0,0
40.7557,-73.9755,19,0,0,0
40.8045,-73.9324,16,1,0,0
40.7489,-73.9921,16,0,0,0
40.7558,-73.9902,15,0,0,0
40.7662,-73.9542,16,0,0,0
40.7744,-73.981,8,0,0,0
40.7219,-73.9835,0,1,0,0
40.7277,-73.9891,11,1,0,0
40.7828,-73.9784,8,0,0,0
40.6918,-73.9844,3,1,0,0
40.7303,-74.007,3,0,0,0
40.6926,-73.7698,22,0,0,0
40.747,-73.9527,16,1,0,0
40.7376,-73.9841,9,0,0,0
40.7226,-74.0082,16,0,0,0
40.7595,-73.9954,16,1,0,0
40.7444,-73.9962,23,0,0,0
40.7645,-73.977,22,1,0,0
40.7168,-73.9909,17,1,0,0
40.7684,-73.9848,21,0,0,0
40.7609,-73.9808,15,0,0,0
40.7092,-73.9685,20,1,0,0
40.7685,-73.7679,14,1,0,0
40.6835,-73.9649,21,1,0,0
40.7544,-73.9887,20,0,0,0
40.7335,-73.9869,16,1,0,0
40.7746,-73.9562,6,1,0,0
40.7308,-73.9953,7,0,0,0
40.7436,-73.9905,17,0,0,0
40.7936,-73.9694,18,0,0,0
40.6966,-73.9934,8,0,0,0
40.7508,-73.9821,23,1,0,0
40.7376,-73.9937,22,0,0,0
40.7246,-73.8913,7,0,0,0
40.7738,-73.9487,19,0,0,0
40.7055,-73.9217,17,1,0,0
40.7691,-73.9692,18,0,0,0
40.6801,-73.968,23,1,0,0
40.7527,-73.9805,21,0,0,0
40.7338,-74.0015,23,0,0,0
40.7256,-73.9843,7,0,0,0
40.7778,-73.9548,11,0,0,0
40.7455,-73.9571,7,0,0,0
40.7647,-73.9721,16,0,0,0
40.7357,-74.0024,8,0,0,0
40.7584,-73.9636,6,0,0,0
40.7636,-73.9817,12,0,0,0
40.7586,-73.9626,22,1,0,0
40.7243,-73.9531,12,0,0,0
40.7221,-73.9833,23,1,0,0
40.7666,-73.9615,14,0,0,0
40.7204,-73.9616,9,0,0,0
40.75,-73.9904,23,1,0,0
40.7265,-74.0036,15,0,0,0
40.718,-74.0029,18,1,0,0
40.6884,-73.9846,19,0,0,0
40.6435,-73.9724,7,0,0,0
40.6849,-73.9916,21,1,0,0
40.756,-73.9868,16,0,0,0
40.7574,-73.9771,17,0,0,0
40.7797,-73.9542,20,0,0,0
40.7597,-73.9809,13,0,0,0
40.774,-73.8721,0,0,0,0
40.7656,-73.9758,11,1,0,0
40.7546,-73.9855,14,0,0,0
40.7547,-73.8539,18,1,0,0
40.7563,-74.0432,14,1,0,0
40.7236,-73.9996,16,0,0,0
40.6879,-74.1817,20,1,1,1
40.7519,-74.0303,21,0,0,0
40.754,-73.9833,19,0,0,0
40.6447,-73.7822,21,0,0,0
40.7538,-73.9744,16,0,0,0
40.7728,-73.9646,13,0,0,0
40.768,-73.9917,15,0,0,0
40.7361,-73.9872,5,0,0,0
40.7739,-73.8723,17,0,0,0
40.7313,-74.0101,8,1,0,0
40.7701,-73.9183,20,0,0,0
40.7453,-73.9768,5,0,0,0
40.7367,-73.9868,19,0,0,0
40.7646,-73.9957,15,0,0,0
40.7744,-73.9797,11,1,0,0
40.7576,-73.9694,18,0,0,0
40.7704,-73.8752,17,1,0,0
40.7813,-73.9521,22,0,0,0
40.7924,-73.9763,7,0,0,0
40.7556,-73.973,19,1,0,0
40.7492,-74.0394,18,0,0,0
40.7629,-73.985,18,0,0,0
40.7618,-73.9664,10,1,0,0
40.7095,-74.0144,16,0,0,0
40.7338,-74.0044,13,0,0,0
40.7742,-73.9615,7,0,0,0
40.7448,-73.9987,23,0,0,0
40.7343,-73.9924,17,0,0,0
40.7451,-73.9896,9,1,0,0
40.7602,-73.9779,15,0,0,0
40.732,-74.0092,13,0,0,0
40.7709,-73.8657,15,0,0,0
40.7732,-73.8857,13,1,0,0
40.7254,-73.9948,6,0,0,0
40.7129,-73.9851,8,0,0,0
40.7562,-73.9933,5,0,0,0
40.691,-73.9844,9,0,0,0
40.7359,-74.0008,17,0,0,0
40.7509,-73.9744,7,0,0,0
40.7194,-73.9561,23,1,0,0
40.7551,-73.9711,16,1,0,0
40.7435,-74.0074,19,0,0,0
40.725,-74.0016,14,1,0,0
40.7468,-73.9814,15,0,0,0
40.7743,-73.9566,14,0,0,0
40.7282,-73.9936,18,0,0,0
40.642,-73.7883,14,0,0,0
40.7606,-73.7664,6,1,0,4
40.7494,-73.9796,18,0,0,0
40.731,-73.9827,7,0,0,0
40.7429,-73.9925,10,0,0,0
40.7404,-73.8221,0,0,0,0
40.7188,-74.0105,23,1,0,0
40.7505,-73.9744,21,0,0,0
40.6952,-74.1776,11,1,1,1
40.7184,-73.9892,2,1,0,0
40.8048,-73.9502,7,1,0,0
40.7618,-73.9794,15,0,0,0
40.7438,-74.0062,7,0,0,0
40.7095,-74.0129,22,0,0,0
40.7469,-73.9928,13,0,0,0
40.7712,-73.8663,16,0,0,0
40.7514,-73.9719,18,1,0,0
40.82,-73.9457,11,0,0,0
40.7025,-73.9866,10,0,0,0
40.6445,-73.7829,6,0,0,0
40.7532,-73.9926,16,0,0,0
40.7313,-74.0059,0,0,0,0
40.7647,-73.9838,9,1,0,0
40.7346,-74.0006,15,0,0,0
40.703,-74.0142,10,0,0,0
40.732,-73.9935,9,0,0,0
40.7305,-73.9936,3,0,0,0
40.8351,-73.9488,13,0,0,0
40.7575,-73.9844,16,0,0,0
40.774,-73.8729,9,0,0,0
40.7242,-74.0068,13,0,0,0
40.7294,-73.9869,20,1,0,0
40.7834,-73.9789,18,1,0,0
40.7513,-73.9786,11,0,0,0
40.6896,-73.9712,23,1,0,0
40.7407,-73.9971,22,0,0,0
40.7732,-73.8856,6,0,0,0
40.7462,-73.9886,18,0,0,0
40.7438,-73.9775,17,0,0,0
40.7653,-73.9722,18,0,0,0
40.7331,-73.9546,19,0,0,0
40.7589,-73.9885,5,0,0,0
40.7568,-73.9985,18,1,0,0
40.7438,-74.0062,17,0,0,0
40.7445,-73.9811,20,0,0,0
40.7463,-73.9938,21,0,0,0
40.7788,-73.7714,7,0,0,4
40.7447,-73.9903,10,1,0,0
40.7686,-73.8625,20,0,0,0
40.7144,-73.9654,0,1,0,0
40.7671,-73.9824,12,0,0,0
40.7605,-73.9857,22,0,0,0
40.7061,-74.006,13,0,0,0
40.7364,-73.9909,19,0,0,0
40.7741,-73.8725,20,0,0,0
40.7428,-73.8259,20,0,0,0
40.7505,-73.9972,16,0,0,0
40.7445,-74.0022,17,0,0,0
40.7503,-73.9835,18,0,0,0
40.7489,-73.974,6,0,0,0
40.7157,-73.9645,22,0,0,0
40.737,-73.9794,20,1,0,0
40.747,-74.0023,17,0,0,0
40.7302,-73.998,19,0,0,0
40.7497,-73.992,23,0,0,0
40.7295,-74.007,16,0,0,0
40.6948,-74.1778,8,0,1,1
40.7344,-74.0024,21,1,0,0
40.7585,-73.9908,21,0,0,0
40.7035,-74.0099,16,0,0,0
40.7775,-73.9609,8,0,0,0
40.7442,-73.986,21,1,0,0
40.7642,-73.9764,22,0,0,0
40.6902,-73.9816,20,1,0,0
40.7634,-73.9869,18,0,0,0
40.6923,-73.9434,14,0,0,0
40.7153,-74.0065,5,0,0,0
40.7239,-73.9937,21,0,0,0
40.7312,-73.9913,16,0,0,0
40.7364,-73.9849,17,0,0,0
40.7189,-73.988,1,1,0,0
40.7203,-73.9551,11,1,0,0
40.7473,-73.9894,9,0,0,0
40.7571,-73.9776,17,0,0,0
40.7211,-73.9936,2,1,0,0
40.7545,-73.9869,17,0,0,0
40.6449,-73.7823,15,1,0,0
40.7721,-73.9827,22,1,0,0
40.7548,-73.9874,16,0,0,0
40.732,-73.998,0,1,0,0
40.7437,-73.9929,17,0,0,0
40.7647,-73.9706,16,0,0,0
40.7297,-73.9847,22,0,0,0
40.719,-74.0071,22,0,0,0
40.7299,-74.0092,19,0,0,0
40.7401,-74.0057,23,0,0,0
40.7548,-73.9916,15,0,0,0
40.7866,-73.9781,7,0,0,0
40.7597,-73.9855,19,0,0,0
40.7345,-74.0031,15,0,0,0
40.7384,-73.9841,6,0,0,0
40.7334,-74.0044,8,0,0,0
40.7699,-73.959,17,0,0,0
40.7238,-73.9964,21,1,0,0
40.7515,-73.9743,18,1,0,0
40.6251,-73.9614,14,0,0,0
40.7627,-73.986,12,0,0,0
40.7374,-74.0015,17,0,0,0
40.774,-73.9807,19,1,0,0
40.7613,-73.9998,6,0,0,0
40.7452,-73.9909,15,0,0,0
40.8006,-73.9286,9,0,0,0
40.7573,-73.9745,4,0,0,0
40.7203,-74.0117,20,0,0,0
40.7417,-73.9802,5,0,0,0
40.7255,-73.9841,18,0,0,0
40.7573,-73.879,10,0,0,0
40.7264,-73.9802,6,0,0,0
40.6938,-73.9626,23,1,0,0
40.7215,-74.0111,22,0,0,0
40.6648,-73.9807,6,0,0,0
40.7559,-73.9695,19,0,0,0
40.7377,-74.0046,0,1,0,0
40.8233,-73.931,19,0,0,0
40.7225,-73.9844,7,0,0,0
40.7354,-73.992,22,1,0,0
40.6449,-73.7821,20,1,0,0
40.7892,-73.9755,6,0,0,0
40.7607,-73.9753,20,0,0,0
40.7336,-74.0064,0,1,0,0
40.7644,-73.9708,13,0,0,0
40.7187,-73.9619,21,0,0,0
40.7445,-74.0066,20,0,0,0
40.6417,-73.7886,18,0,0,0
40.7079,-74.0034,15,0,0,0
40.7602,-73.9789,21,0,0,0
40.7495,-73.9872,22,0,0,0
40.7719,-73.9825,21,0,0,0
40.7387,-74.0088,8,0,0,0
40.7659,-73.9178,8,0,0,0
40.7272,-73.9936,1,0,0,0
40.7629,-73.983,16,0,0,0
40.7118,-73.9605,9,0,0,0
40.7253,-73.9841,23,0,0,0
40.7866,-73.9569,4,0,0,0
40.6903,-73.9121,9,0,0,0
40.7304,-73.9937,14,1,0,0
40.7193,-74.0062,20,1,0,0
40.7531,-73.9667,10,0,0,0
40.8183,-73.9393,14,0,0,0
40.7832,-73.982,8,0,0,0
40.7248,-73.988,7,0,0,0
40.7493,-73.9842,12,1,0,0
40.7673,-73.9685,15,0,0,0
40.7608,-73.9798,20,0,0,0
40.7048,-73.9341,17,0,0,0
40.6447,-73.7827,6,1,0,0
40.7432,-74.0066,23,0,0,0
40.7943,-73.9739,13,1,0,0
40.7453,-74.0078,19,0,0,0
40.7364,-73.9553,21,0,0,0
40.7284,-73.9995,15,1,0,0
40.7004,-73.9461,18,0,0,0
40.7088,-74.0108,19,0,0,0
40.7654,-73.9624,12,1,0,0
40.716,-74.0087,13,1,0,0
40.7647,-73.9878,2,1,0,0
40.7417,-73.9848,6,0,0,0
40.7639,-73.9294,10,0,0,0
40.7442,-73.9993,16,1,0,0
40.7559,-73.9679,10,1,0,0
40.7289,-73.9995,16,0,0,0
40.6925,-73.9493,20,0,0,0
40.7563,-74.0018,15,0,0,0
40.7417,-73.9897,20,0,0,0
40.7496,-73.9798,20,1,0,0
40.784,-73.9523,18,0,0,0
40.7376,-74.0085,6,0,0,0
40.7433,-73.9897,16,1,0,0
40.7368,-73.9933,16,0,0,0
40.7374,-74.0092,9,0,0,0
40.7573,-73.9737,9,0,0,0
40.7387,-74.008,15,1,0,0
40.7472,-73.9872,5,1,0,0
40.7736,-73.9836,17,0,0,0
40.7205,-73.9872,21,1,0,0
40.7473,-74.0035,16,1,0,0
40.6496,-73.9732,13,1,0,0
40.7214,-73.9948,13,0,0,0
40.6877,-73.9575,21,0,0,0
40.732,-73.9964,21,0,0,0
40.7455,-73.9945,21,1,0,0
40.7686,-73.9574,8,0,0,0
40.7381,-73.9909,18,0,0,0
40.7145,-73.9988,2,1,0,0
40.734,-73.9953,17,0,0,0
40.7667,-73.9922,13,0,0,0
40.7596,-73.9859,8,0,0,0
40.7579,-73.9816,20,0,0,0
40.6459,-73.7767,16,1,0,0
40.6642,-73.9921,20,0,0,0
40.7728,-73.9496,20,0,0,0
40.7348,-73.9884,22,0,0,0
40.7764,-73.9462,17,1,0,0
40.7247,-73.9988,12,0,0,0
40.6854,-73.9447,11,0,0,0
40.6447,-73.7821,16,0,0,0
40.659,-73.8921,19,0,0,0
40.7727,-73.9541,20,1,0,0
40.7512,-74.0055,21,0,0,0
40.7532,-73.979,16,0,0,0
40.7394,-74.0016,19,1,0,0
40.791,-73.9764,9,1,0,0
40.7715,-73.9508,9,0,0,0
40.7478,-73.995,14,0,0,0
40.7452,-73.995,6,0,0,0
40.7706,-73.9581,18,1,0,0
40.7671,-73.9917,7,0,0,0
40.7696,-73.9808,11,0,0,0
40.8679,-73.8277,18,1,0,0
40.77,-73.8646,20,0,0,0
40.784,-73.9485,18,1,0,0
40.728,-73.999,3,1,0,0
40.7406,-74.0051,0,1,0,0
40.7757,-73.9841,18,0,0,0
40.7342,-74.0031,11,0,0,0
40.7586,-73.9775,17,0,0,0
40.645,-73.7821,5,0,0,0
40.7827,-73.9808,8,0,0,0
40.7272,-74.0072,11,0,0,0
40.7624,-73.9752,21,0,0,0
40.6911,-73.9846,17,1,0,0
40.7823,-73.9503,16,0,0,0
40.7434,-73.9727,11,0,0,0
40.742,-74.0061,22,1,0,0
40.7656,-73.9247,15,1,0,0
40.7025,-73.815,6,1,0,0
40.7138,-74.014,18,1,0,0
40.7542,-73.9771,16,0,0,0
40.8169,-73.9479,11,1,0,0
40.7237,-73.9981,22,1,0,0
40.7289,-74.0077,19,0,0,0
40.716,-74.0071,13,1,0,0
40.6451,-73.7814,15,0,0,0
40.7375,-74.0358,2,0,0,0
40.7635,-73.989,17,0,0,0
40.7172,-74.003,22,0,0,0
40.8188,-73.945,17,0,0,0
40.758,-73.9621,7,0,0,0
40.7509,-73.9869,17,0,0,0
40.7312,-73.9826,21,0,0,0
40.7509,-74.0056,16,0,0,0
40.7668,-73.9693,7,1,0,0
40.7255,-73.9899,9,0,0,0
40.6761,-73.9806,13,0,0,0
40.7615,-73.9836,15,0,0,0
40.7621,-73.9831,0,0,0,0
40.7641,-73.9764,23,0,0,0
40.7277,-73.98,8,0,0,0
40.7347,-74.0098,20,1,0,0
40.7494,-73.9923,6,1,0,0
40.777,-73.9595,1,1,0,0
40.6871,-73.998,8,0,0,0
40.7788,-73.946,14,0,0,0
40.7287,-73.9985,7,0,0,0
40.7218,-73.8036,12,1,0,0
40.7275,-73.994,22,1,0,0
40.7652,-73.9614,11,0,0,0
40.745,-74.0018,12,1,0,0
40.7268,-73.9837,23,1,0,0
40.7643,-73.9788,13,1,0,0
40.7133,-74.04,0,0,0,0
40.6845,-73.9846,5,0,0,0
40.736,-74.0096,13,0,0,0
40.674,-73.9473,1,1,0,0
40.6714,-74.0125,19,0,0,0
40.7639,-73.975,20,0,0,0
40.7638,-73.9738,14,0,0,0
40.7265,-73.9901,2,0,0,0
40.7256,-74.0055,11,0,0,0
40.7533,-73.9806,12,1,0,0
40.7278,-74.0015,22,0,0,0
40.784,-73.9703,16,1,0,0
40.7655,-73.9527,13,0,0,0
40.7754,-73.9803,19,0,0,0
40.6663,-73.9511,10,1,0,0
40.742,-74.0075,16,0,0,0
40.7182,-73.9437,8,0,0,0
40.7641,-73.9545,10,0,0,0
40.7228,-73.9989,19,0,0,0
40.7624,-73.9895,1,1,0,0
40.7557,-73.975,15,0,0,0
40.7418,-74.0037,22,0,0,0
40.788,-73.971,18,0,0,0
40.7522,-73.9858,21,1,0,0
40.7582,-73.9841,19,0,0,0
40.7691,-73.9831,20,0,0,0
40.7227,-74.0082,14,0,0,0
40.752,-73.9793,10,0,0,0
40.7314,-74.0024,22,0,0,0
40.7193,-73.9902,22,0,0,0
40.7037,-74.0072,19,0,0,0
40.7502,-73.9747,17,1,0,0
40.7642,-73.971,16,1,0,0
40.7221,-73.95,3,1,0,0
40.7628,-73.995,20,1,0,0
40.7745,-73.9591,19,0,0,0
40.7351,-74.1652,11,1,1,1
40.756,-73.9238,23,0,0,0
40.7781,-73.9562,20,1,0,0
40.6457,-73.7767,21,0,0,0
40.7328,-74.0027,1,0,0,0
40.7506,-74.0034,19,1,0,0
40.6882,-73.9664,21,0,0,0
40.7611,-73.9857,15,1,0,0
40.7524,-73.9676,19,1,0,0
40.8015,-74.1698,22,0,-1,-1
40.7606,-73.9714,16,0,0,0
40.6657,-73.7849,2,0,0,0
40.7252,-73.9842,20,0,0,0
40.6723,-73.9474,14,1,0,0
40.7431,-73.98,15,0,0,0
40.7156,-74.0061,19,1,0,0
40.7139,-73.9246,5,1,0,0
40.755,-73.9725,19,0,0,0
40.7297,-73.9997,22,0,0,0
40.767,-73.9796,17,1,0,0
40.7707,-73.992,20,0,0,0
40.7467,-73.9844,19,0,0,0
40.8527,-73.9297,11,1,0,0
40.7544,-73.8466,21,1,0,0
40.6449,-73.7822,16,0,0,0
40.7308,-73.9759,11,0,0,0
40.7407,-73.9916,21,1,0,0
40.7756,-73.9542,17,0,0,0
40.763,-73.9595,16,0,0,0
40.754,-73.9764,10,0,0,0
40.6456,-73.9697,13,1,0,0
40.709,-73.7772,2,1,0,0
40.6445,-73.7819,22,1,0,0
40.7555,-73.9752,18,0,0,0
40.7732,-73.8856,20,0,0,0
40.7746,-73.9839,16,0,0,0
40.7661,-73.9597,19,0,0,0
40.6705,-73.9444,23,0,0,0
40.7814,-73.9603,16,0,0,0
40.774,-73.8716,17,1,0,0
40.7565,-73.9821,11,0,0,0
40.7435,-73.9726,22,0,0,0
40.7233,-73.9902,15,0,0,0
40.6949,-74.1773,13,0,1,1
40.758,-73.9929,13,0,0,0
40.7092,-74.0117,0,1,0,0
40.711,-74.0088,16,0,0,0
40.7419,-74.0056,2,1,0,0
40.7724,-73.9585,18,0,0,0
40.759,-73.9689,19,0,0,0
40.7309,-73.9954,7,0,0,0
40.7687,-73.9582,16,0,0,0
40.6871,-73.976,17,1,0,0
40.6724,-73.957,6,0,0,0
40.7294,-73.9782,16,0,0,0
40.7649,-73.9721,9,0,0,0
40.7621,-73.9865,20,0,0,0
40.7573,-73.8342,13,0,0,0
40.7621,-73.9836,23,0,0,0
40.7229,-73.9932,23,1,0,0
40.7597,-73.9741,16,0,0,0
40.6723,-73.9956,17,1,0,0
40.7791,-73.9766,11,0,0,0
40.741,-74.0054,2,1,0,0
40.7607,-73.9783,23,0,0,0
40.7453,-73.9945,19,1,0,0
40.763,-73.9624,6,0,0,0
40.7406,-73.9895,15,1,0,0
40.7708,-73.9478,6,0,0,0
40.7323,-74.0017,22,0,0,0
40.8535,-73.8902,2,0,0,0
40.7736,-73.9877,8,1,0,0
40.8069,-73.9612,20,0,0,0
40.7838,-73.9802,6,0,0,0
40.7254,-74.0041,19,0,0,0
40.7181,-73.9998,17,0,0,0
40.7401,-73.9823,18,1,0,0
40.7897,-73.9798,8,1,0,0
40.7325,-73.9893,11,0,0,0
40.7098,-74.013,19,0,0,0
40.6937,-73.9831,13,1,0,0
40.6673,-73.8948,18,0,0,0
40.7222,-73.9461,18,0,0,0
40.7591,-73.9945,16,0,0,0
40.7807,-73.9826,8,1,0,0
40.724,-73.9936,5,1,0,0
40.7784,-73.9591,21,0,0,0
40.7106,-74.01,17,0,0,0
40.7458,-73.9982,21,0,0,0
40.744,-73.9912,15,0,0,0
40.7581,-73.986,21,1,0,0
40.7117,-73.9502,6,0,0,0
40.7562,-73.9676,21,0,0,0
40.7539,-73.9264,15,0,0,0
40.6822,-73.8498,18,0,0,0
40.7692,-73.9693,20,1,0,0
40.7739,-73.9455,10,1,0,0
40.7796,-73.9881,16,1,0,0
40.6465,-73.79,11,0,0,0
40.7652,-73.9723,16,1,0,0
40.7556,-73.9709,19,0,0,0
40.7241,-73.9922,11,0,0,0
40.7188,-74.0104,19,1,0,0
40.709,-74.0095,12,0,0,0
40.7703,-73.9833,13,1,0,0
40.7267,-74.0035,17,0,0,0
40.7426,-73.9847,16,0,0,0
40.7807,-73.9498,5,0,0,0
40.7584,-73.9831,3,0,0,0
40.7865,-73.9423,17,0,0,0
40.7527,-73.9895,1,0,0,0
40.7529,-73.9792,23,0,0,0
40.764,-73.9762,18,0,0,0
40.7176,-73.9914,16,0,0,0
40.7274,-73.9791,7,0,0,0
40.703,-74.0116,1,1,0,0
40.7597,-73.9683,20,0,0,0
40.7222,-73.986,20,0,0,0
40.737,-74.0547,18,0,0,0
40.6448,-73.782,12,0,0,0
40.7223,-74.0081,21,0,0,0
40.7484,-73.971,15,1,0,0
40.7602,-73.9912,21,0,0,0
40.7621,-73.9792,18,0,0,0
40.7787,-73.9595,16,0,0,0
40.7433,-73.98,19,0,0,0
40.6857,-73.9786,16,0,0,0
40.7469,-74.0061,16,0,0,0
40.7371,-74.0553,11,1,0,0
40.7617,-73.9772,20,0,0,0
40.7179,-73.9575,17,1,0,0
40.741,-73.9921,16,0,0,0
40.7596,-73.9721,17,0,0,0
40.7625,-73.9633,15,0,0,0
40.7741,-73.8725,12,0,0,0
40.7203,-74.0011,16,0,0,0
40.7435,-73.9726,19,0,0,0
40.7576,-73.9734,17,0,0,0
40.7355,-73.9876,16,0,0,0
40.768,-73.9013,8,0,0,0
40.774,-73.872,19,1,0,0
40.775,-73.983,12,0,0,0
40.6859,-73.9843,11,0,0,0
40.7266,-73.9801,19,1,0,0
40.7226,-74.0072,18,0,0,0
40.7237,-74.0108,12,1,0,0
40.6901,-73.9357,8,0,0,0
40.7284,-73.9847,23,1,0,0
40.738,-73.9906,18,0,0,0
40.775,-73.9469,3,0,0,0
40.7224,-74.0097,20,0,0,0
40.7884,-73.9741,18,1,0,0
40.7621,-73.9824,18,0,0,0
40.7509,-73.9862,21,0,0,0
40.7141,-73.951,0,1,0,0
40.747,-74.0045,16,0,0,0
40.781,-73.9726,15,1,0,0
40.695,-73.9331,15,0,0,0
40.7615,-73.9753,13,0,0,0
40.7746,-73.9631,16,0,0,0
40.7639,-73.9351,7,0,0,0
40.7569,-73.7301,9,0,0,0
40.7459,-73.9819,21,0,0,0
40.7083,-73.951,18,0,0,0
40.7701,-73.9831,8,0,0,0
40.7327,-73.9918,13,0,0,0
40.7785,-73.9472,23,0,0,0
40.7326,-73.9961,23,0,0,0
40.7339,-73.9928,21,0,0,0
40.7186,-74.0053,0,0,0,0
40.7639,-73.9731,15,0,0,0
40.7159,-73.9619,21,0,0,0
40.7344,-73.9559,15,1,0,0
40.7591,-73.9747,13,0,0,0
40.724,-73.9768,21,0,0,0
40.721,-73.9936,1,1,0,0
40.7701,-73.9575,15,0,0,0
40.7174,-73.8337,18,0,0,0
40.7548,-73.9715,16,0,0,0
40.7091,-74.0089,16,0,0,0
40.7613,-73.978,18,0,0,0
40.7363,-73.9811,8,0,0,0
40.7192,-73.9999,21,1,0,0
40.7742,-73.9512,9,0,0,0
40.7352,-74.0061,15,1,0,0
40.6732,-73.9862,21,1,0,0
40.7466,-73.9937,23,1,0,0
40.7421,-73.9971,17,1,0,0
40.7466,-73.9859,18,0,0,0
40.7154,-73.8323,8,0,0,0
40.7273,-73.9917,20,0,0,0
40.6771,-73.9404,16,0,0,0
40.7428,-73.9948,19,0,0,0
40.7384,-73.9903,14,1,0,0
40.7598,-73.9937,9,0,0,0
40.8344,-73.948,14,0,0,0
40.7204,-73.9943,14,0,0,0
40.7684,-73.8724,7,0,0,0
40.6545,-73.9463,11,0,0,0
40.761,-73.9799,16,0,0,0
40.7719,-73.9653,9,1,0,0
40.7616,-73.9749,18,0,0,0
40.7481,-73.9875,23,0,0,0
40.7523,-73.9856,16,1,0,0
40.7608,-73.9687,18,0,0,0
40.7324,-74.0005,21,0,0,0
40.7458,-73.9936,20,0,0,0
40.724,-73.9972,16,0,0,0
40.7616,-73.9804,14,0,0,0
40.7467,-73.9904,16,0,0,0
40.7758,-73.9832,9,0,0,0
40.7276,-73.9833,8,0,0,0
40.7498,-73.9795,13,1,0,0
40.6759,-73.9808,16,0,0,0
40.7174,-74.0126,10,0,0,0
40.7761,-73.976,16,1,0,0
40.7409,-74.0055,20,0,0,0
40.6977,-73.9929,8,0,0,0
40.7577,-73.9851,12,0,0,0
40.6459,-73.7768,5,0,0,0
40.7286,-73.9591,15,0,0,0
40.7699,-73.9948,17,0,0,0
40.7442,-73.9586,0,1,0,0
40.7642,-73.9768,13,0,0,0
40.7155,-73.8209,5,0,0,0
40.722,-73.9864,1,1,0,0
40.7651,-73.9916,10,0,0,0
40.7843,-73.9834,10,1,0,0
40.6996,-73.8307,2,1,0,0
40.7148,-74.0057,18,0,0,0
40.7136,-74.0117,19,0,0,0
40.7291,-74.0023,15,1,0,0
40.7834,-73.9808,20,0,0,0
40.7574,-73.9669,18,0,0,0
40.7212,-73.9562,18,0,0,0
40.7783,-73.9527,14,0,0,0
40.6625,-73.94,8,0,0,0
40.7553,-73.9877,22,0,0,0
40.7076,-73.9407,17,0,0,0
40.7743,-73.8711,22,0,0,0
40.7395,-73.9854,21,0,0,0
40.7518,-73.9807,9,1,0,0
40.7665,-73.9851,12,1,0,0
40.7133,-73.9583,23,0,0,0
40.7389,-73.9896,21,0,0,0
40.7739,-73.8717,5,0,0,0
40.7615,-73.9998,9,0,0,0
40.7225,-74.0012,9,1,0,0
40.7638,-73.9798,9,0,0,0
40.7112,-73.9673,10,0,0,0
40.7709,-73.966,15,0,0,0
40.7442,-73.992,11,0,0,0
40.7361,-73.988,16,1,0,0
40.7595,-73.9751,13,0,0,0
40.8479,-73.9698,13,0,0,0
40.7502,-73.975,16,0,0,0
40.8035,-73.9522,17,0,0,0
40.713,-74.0094,11,0,0,0
40.7598,-73.9722,14,0,0,0
40.7303,-73.9929,6,0,0,0
40.7002,-73.9223,8,0,0,0
40.7047,-74.0115,12,0,0,0
40.7395,-73.9997,22,0,0,0
40.705,-74.0159,8,0,0,0
40.7626,-73.988,16,1,0,0
40.7709,-73.98,12,1,0,0
40.755,-74.0314,22,0,0,0
40.6706,-73.9892,11,1,0,0
40.7256,-74.0055,18,0,0,0
40.7632,-73.9386,21,0,0,0
40.722,-74.0028,12,0,0,0
40.7783,-73.9808,12,0,0,0
40.6936,-73.9888,22,1,0,0
40.7427,-73.9845,16,0,0,0
40.7591,-73.9746,18,0,0,0
40.7546,-73.9696,7,0,0,0
40.7423,-73.9851,21,0,0,0
40.7158,-73.9402,17,1,0,0
40.7222,-73.9995,17,1,0,0
40.7415,-73.98,20,1,0,0
40.7287,-73.8245,17,0,0,0
40.7223,-73.9882,19,0,0,0
40.8777,-73.8849,18,0,0,0
40.7527,-74.0065,15,0,0,0
40.7458,-73.988,17,1,0,0
40.7752,-73.9596,16,0,0,0
40.7532,-73.9787,21,1,0,0
40.7119,-73.9574,19,1,0,0
40.7504,-73.9717,12,0,0,0
40.7144,-74.0105,17,0,0,0
40.7426,-73.9901,13,0,0,0
40.7779,-73.9555,13,0,0,0
40.7216,-73.9921,1,1,0,0
40.731,-73.9913,13,0,0,0
40.7174,-73.9511,23,1,0,0
40.6892,-73.9681,17,0,0,0
40.728,-73.9822,2,1,0,0
40.7008,-73.9299,0,1,0,0
40.7538,-74.0287,12,1,0,0
40.7527,-73.993,15,0,0,0
40.7247,-73.992,7,0,0,0
40.6736,-73.9688,10,1,0,0
40.6483,-73.7827,0,0,0,0
40.7563,-73.9751,18,0,0,0
40.7506,-73.9703,21,1,0,0
40.7294,-74.0054,22,1,0,0
40.769,-73.9433,19,1,0,0
40.7219,-74.0002,19,0,0,0
40.7261,-73.9471,6,0,0,0
40.7378,-73.9977,12,1,0,0
40.7751,-73.9823,9,0,0,0
40.7507,-73.9808,15,0,0,0
40.6955,-74.1778,13,1,1,1
40.6712,-73.9852,10,0,0,0
40.6697,-73.9894,0,1,0,0
40.735,-73.9934,19,1,0,0
40.7316,-74.001,16,1,0,0
40.7563,-73.973,7,0,0,0
40.7288,-73.9941,15,0,0,0
40.7614,-73.9957,12,0,0,0
40.723,-73.9976,11,0,0,0
40.7212,-73.9563,6,0,0,0
40.6789,-74.0111,19,0,0,0
40.7386,-73.9842,7,0,0,0
40.7258,-73.9807,20,1,0,0
40.7528,-73.9792,14,0,0,0
40.7599,-73.8316,13,0,0,0
40.7546,-73.9843,20,0,0,0
40.7572,-73.9901,11,0,0,0
40.7219,-74.0041,7,0,0,0
40.7067,-74.0084,22,0,0,0
40.7109,-74.0092,20,0,0,0
40.7516,-73.9912,18,0,0,0
40.7441,-73.9826,6,0,0,0
40.7557,-73.9738,14,0,0,0
40.7729,-73.9601,6,0,0,0
40.7223,-73.9918,16,0,0,0
40.7694,-73.9577,7,0,0,0
40.733,-74.0086,7,0,0,0
40.6127,-74.035,11,1,0,0
40.7405,-73.982,5,1,0,0
40.7718,-73.9792,14,0,0,0
40.7254,-73.9952,19,0,0,0
40.7394,-74.0059,12,0,0,0
40.7177,-74.0109,11,0,0,0
40.729,-73.9766,17,1,0,0
40.7171,-73.9594,23,0,0,0
40.7168,-74.032,16,1,0,0
40.7497,-73.9777,14,1,0,0
40.7458,-73.992,15,0,0,0
40.7283,-73.9868,6,0,0,0
40.7389,-73.9849,22,0,0,0
40.7418,-73.9936,17,0,0,0
40.7503,-73.9913,12,1,0,0
40.73,-73.9985,22,0,0,0
40.8048,-73.9642,22,0,0,0
40.7425,-73.9969,16,0,0,0
40.7325,-73.994,15,0,0,0
40.7449,-73.9851,10,1,0,0
40.7547,-73.9998,20,0,0,0
40.7711,-73.9822,17,1,0,0
40.7673,-73.9648,11,1,0,0
40.7198,-74.0002,18,0,0,0
40.7151,-73.9997,22,0,0,0
40.6864,-73.9644,22,1,0,0
40.725,-73.9922,3,0,0,0
40.7407,-73.9839,18,0,0,0
40.7199,-74.0103,14,0,0,0
40.7246,-73.9916,5,0,0,0
40.7614,-73.9982,16,0,0,0
40.7491,-73.9777,1,1,0,0
40.7217,-73.9974,21,0,0,0
40.7443,-73.9769,7,0,0,0
40.7256,-74.0051,14,0,0,0
40.7181,-74.015,23,1,0,0
40.7629,-73.9697,20,0,0,0
40.6959,-73.9719,15,0,0,0
40.7272,-73.9841,8,0,0,0
40.7434,-73.9982,17,0,0,0
40.7445,-73.9917,13,0,0,0
40.6911,-73.9517,5,0,0,0
40.7077,-74.0137,18,0,0,0
40.7075,-74.0069,3,0,0,0
40.7767,-73.949,12,0,0,0
40.7561,-73.9927,8,0,0,0
40.7216,-73.9979,17,0,0,0
40.7145,-73.9447,17,0,0,0
40.7739,-73.8713,11,0,0,0
40.7982,-73.9722,17,0,0,0
40.7557,-73.9859,20,0,0,0
40.68,-73.9771,21,0,0,0
40.7618,-73.9707,13,0,0,0
40.7816,-73.9795,6,0,0,0
40.7384,-73.9408,1,1,0,0
40.6438,-73.7833,16,1,0,0
40.7461,-73.982,16,0,0,0
40.7107,-73.9681,11,0,0,0
40.7729,-73.9907,23,1,0,0
40.7416,-73.984,11,0,0,0
40.6867,-74.0009,20,1,0,0
40.6947,-74.1768,13,0,1,1
40.764,-73.9786,18,0,0,0
40.7402,-73.9935,15,0,0,0
40.6928,-73.9952,15,1,0,0
40.7627,-73.979,11,0,0,0
40.7694,-73.9881,10,0,0,0
40.7648,-73.9645,16,0,0,0
40.783,-73.9741,19,1,0,0
40.7654,-73.9215,16,1,0,0
40.7781,-73.9629,9,0,0,0
40.6689,-73.9902,16,1,0,0
40.7301,-73.955,7,0,0,0
40.7365,-73.9788,8,0,0,0
40.7435,-73.9923,16,0,0,0
40.7778,-73.9541,8,0,0,0
40.7576,-73.9681,21,0,0,0
40.7441,-73.9977,12,0,0,0
40.7948,-73.9718,21,0,0,0
40.7681,-73.9547,16,0,0,0
40.8469,-73.9361,13,0,0,0
40.7498,-73.9717,18,0,0,0
40.7054,-74.0171,16,0,0,0
40.7411,-74.0052,23,0,0,0
40.7396,-74.0026,16,0,0,0
40.7564,-73.9704,16,0,0,0
40.6483,-73.7827,21,0,0,0
40.8431,-73.9427,9,1,0,0
40.7209,-74.01,20,0,0,0
40.7424,-73.9849,20,0,0,0
40.751,-73.9864,21,0,0,0
40.7094,-73.967,10,0,0,0
40.6467,-73.7764,20,1,0,0
40.7358,-74.0068,19,1,0,0
40.7406,-74.0077,1,1,0,0
40.7437,-73.988,20,0,0,0
40.734,-73.871,16,0,0,0
40.7726,-73.9774,1,1,0,0
40.7523,-73.9345,17,0,0,0
40.6495,-73.9733,9,0,0,0
40.7733,-73.9542,8,0,0,0
40.7236,-74.0108,5,0,0,0
40.7986,-73.9707,22,1,0,0
40.7586,-73.9722,19,0,0,0
40.6792,-73.8494,9,1,0,0
40.7541,-73.9742,18,0,0,0
40.7604,-73.9738,12,0,0,0
40.7271,-73.9991,5,0,0,0
40.7407,-74.0049,19,0,0,0
40.7311,-73.9868,9,1,0,0
40.6648,-73.979,3,0,0,0
40.7528,-74.0036,6,0,0,0
40.6825,-73.9503,16,1,0,0
40.7514,-74.0034,20,0,0,0
40.6448,-73.8903,3,1,0,0
40.7378,-73.9818,19,1,0,0
40.7634,-73.9728,15,0,0,0
40.7258,-73.998,12,1,0,0
40.7746,-73.9482,23,1,0,0
40.686,-73.9942,15,0,0,0
40.7382,-73.9817,20,0,0,0
40.7388,-74.0055,3,1,0,0
40.6162,-74.0381,5,1,0,0
40.6964,-73.9944,14,0,0,0
40.7497,-73.9834,7,0,0,0
40.7612,-73.9688,7,0,0,0
40.7695,-73.9874,15,1,0,0
40.7183,-74.0151,7,1,0,0
40.7558,-73.9677,16,0,0,0
40.7157,-73.9897,12,1,0,0
40.7137,-73.9885,11,1,0,0
40.7562,-73.9861,16,0,0,0
40.743,-73.916,0,1,0,0
40.8093,-73.9413,9,0,0,0
40.7634,-73.9747,18,0,0,0
40.7139,-74.0147,21,0,0,0
40.7049,-74.0081,14,0,0,0
40.7373,-73.9945,18,1,0,0
40.7111,-73.9377,3,1,0,0
40.7271,-74.0037,14,0,0,0
40.7586,-73.8448,19,0,0,0
40.7486,-73.981,8,0,0,0
40.7154,-73.9625,17,1,0,0
40.7312,-73.9544,20,1,0,0
40.7538,-73.991,20,0,0,0
40.7562,-73.9906,14,0,0,0
40.7281,-74.0054,15,0,0,0
40.7742,-73.9617,18,1,0,0
40.6027,-73.9638,17,0,0,0
40.7115,-73.9949,18,0,0,0
40.7446,-73.9857,16,0,0,0
40.7427,-73.9964,8,0,0,0
40.6442,-73.7782,20,0,0,0
40.6828,-73.9423,14,1,0,0
40.7447,-74.0049,10,1,0,0
40.7111,-73.9675,22,1,0,0
40.6836,-73.9975,14,1,0,0
40.756,-73.979,13,0,0,0
40.7313,-73.9755,20,0,0,0
40.7206,-74.01,18,0,0,0
40.7217,-74.0056,10,0,0,0
40.6448,-73.7821,22,0,0,0
40.7573,-73.98,17,0,0,0
40.7084,-73.9416,17,1,0,0
40.7146,-74.036,21,0,0,0
40.7434,-74.0072,23,1,0,0
40.6872,-73.9287,11,1,0,0
40.6911,-73.9666,7,0,0,0
40.6016,-73.9665,20,0,0,0
40.7525,-73.9917,14,0,0,0
40.7827,-73.9832,13,1,0,0
40.7343,-74.0062,0,1,0,0
40.7321,-74.0015,7,0,0,0
40.7202,-74.0421,6,1,0,0
40.7276,-73.9933,6,0,0,0
40.7391,-73.9918,21,1,0,0
40.7031,-73.9867,18,0,0,0
40.7474,-73.9824,19,0,0,0
40.7418,-73.9922,8,0,0,0
40.7267,-73.9963,16,0,0,0
40.7994,-73.9615,16,0,0,0
40.7376,-73.9972,21,0,0,0
40.7548,-73.9895,16,0,0,0
40.7361,-73.9962,21,0,0,0
40.7506,-73.9787,13,0,0,0
40.6869,-73.9824,17,0,0,0
40.7177,-73.9604,9,0,0,0
40.7542,-73.9979,11,1,0,0
40.7772,-73.9753,10,0,0,0
40.7753,-73.959,18,0,0,0
40.726,-74.0057,19,0,0,0
40.7524,-73.9783,16,1,0,0
40.7741,-73.8726,14,0,0,0
40.7064,-74.0097,19,0,0,0
40.7614,-73.9702,23,0,0,0
40.7614,-73.9697,20,1,0,0
40.7566,-73.9829,20,0,0,0
40.7748,-73.9649,18,0,0,0
40.7275,-73.9951,9,0,0,0
40.7218,-73.9875,6,0,0,0
40.7788,-73.9601,17,1,0,0
40.6942,-74.1774,21,0,1,1
40.7574,-73.9666,21,0,0,0
40.7518,-73.9757,15,0,0,0
40.76,-73.986,6,0,0,0
40.7034,-74.0136,14,1,0,0
40.7183,-73.9855,14,1,0,0
40.7221,-74.008,8,0,0,0
40.7375,-74.035,7,0,0,0
40.7516,-73.9937,23,1,0,0
40.7208,-73.9906,7,0,0,0
40.7496,-73.9916,16,0,0,0
40.7422,-73.9949,7,0,0,0
40.7283,-73.9994,3,0,0,0
40.7285,-74.0465,1,1,0,0
40.7407,-74.0077,18,0,0,0
40.6792,-73.9876,17,0,0,0
40.7899,-73.9735,11,0,0,0
40.749,-73.9919,11,1,0,0
40.6943,-74.1775,16,0,1,1
40.738,-73.9921,11,0,0,0
40.733,-73.99,7,0,0,0
40.7663,-73.9682,17,0,0,0
40.7607,-73.9778,15,0,0,0
40.7546,-73.9638,17,0,0,0
40.7348,-74.0045,18,0,0,0
40.7197,-74.0008,20,0,0,0
40.7365,-73.9988,17,1,0,0
40.7272,-74.0053,19,0,0,0
40.7464,-73.9939,15,0,0,0
40.7206,-73.9999,16,0,0,0
40.7533,-73.9806,18,0,0,0
40.7601,-73.999,17,0,0,0
40.7731,-73.9602,6,1,0,0
40.7592,-73.994,18,0,0,0
40.7568,-73.9827,22,0,0,0
40.6485,-73.7836,19,0,0,0
40.7207,-73.9834,7,0,0,0
40.7408,-74.0073,21,1,0,0
40.7478,-73.985,11,0,0,0
40.7417,-73.996,11,0,0,0
40.707,-74.0129,18,0,0,0
40.7114,-74.0159,10,1,0,0
40.758,-73.9745,16,0,0,0
40.7212,-73.9815,12,0,0,0
40.7459,-73.9942,0,1,0,0
40.7578,-73.9821,21,0,0,0
40.7472,-73.982,13,0,0,0
40.7283,-73.9907,0,0,0,0
40.7182,-74.015,17,1,0,0
40.7577,-74.0004,16,0,0,0
40.7035,-74.0116,21,1,0,0
40.7827,-73.9847,16,0,0,0
40.67,-73.9554,13,0,0,0
40.762,-73.9871,12,0,0,0
40.7348,-73.9989,14,0,0,0
40.6743,-73.9567,20,0,0,0
40.707,-73.9397,11,0,0,0
40.7665,-73.9569,12,0,0,0
40.7627,-73.9699,10,0,0,0
40.756,-73.9906,4,0,0,0
40.7568,-73.9635,19,0,0,0
40.7561,-73.9832,16,0,0,0
40.7593,-73.9729,0,0,0,0
40.77,-73.8647,21,0,0,0
40.6415,-73.788,20,0,0,0
40.7518,-73.9848,12,0,0,0
40.7222,-73.9838,18,0,0,0
40.7279,-73.9491,4,0,0,0
40.7291,-73.9991,15,0,0,0
40.7481,-73.9829,7,0,0,0
40.7504,-73.9865,2,1,0,0
40.7569,-73.9678,19,0,0,0
40.7529,-73.9778,17,0,0,0
40.7773,-73.9123,11,0,0,0
40.7384,-73.9822,18,0,0,0
40.7516,-74.0051,17,0,0,0
40.725,-74.0077,19,0,0,0
40.7066,-74.0024,15,0,0,0
40.6485,-73.7826,15,1,0,0
40.7735,-73.9655,9,0,0,0
40.7107,-74.0074,13,0,0,0
40.7063,-74.0056,17,0,0,0
40.7716,-73.9613,7,0,0,0
40.7321,-73.992,11,0,0,0
40.7592,-73.9726,4,0,0,0
40.7067,-74.0059,14,0,0,0
40.7615,-73.9746,12,0,0,0
40.7666,-73.9649,6,0,0,0
40.7077,-74.0052,5,0,0,0
40.7344,-73.9884,22,0,0,0
40.7737,-73.8716,16,1,0,0
40.7684,-73.9573,7,0,0,0
40.7607,-73.9687,5,0,0,0
40.7724,-73.9529,7,0,0,0
40.7075,-74.0056,18,1,0,0
40.7768,-73.9463,5,0,0,0
40.7452,-73.9772,16,0,0,0
40.7473,-73.8534,16,1,0,0
40.752,-73.9791,16,0,0,0
40.7763,-73.7921,18,0,0,0
40.7968,-73.971,17,0,0,0
40.7323,-74.0077,18,1,0,0
40.7366,-73.9927,21,0,0,0
40.7256,-74.0055,20,0,0,0
40.6889,-73.997,13,0,0,0
40.7428,-73.9541,1,0,0,0
40.689,-73.988,9,0,0,0
40.7628,-73.9716,18,0,0,0
40.7532,-73.9862,9,0,0,0
40.6901,-73.9781,11,0,0,0
40.7232,-73.9956,0,1,0,0
40.7854,-73.9717,0,1,0,0
40.7286,-73.9844,15,0,0,0
40.7643,-73.987,1,1,0,0
40.7026,-74.0137,21,0,0,0
40.7401,-74.0078,15,1,0,0
40.7253,-73.9924,18,0,0,0
40.7208,-73.981,15,0,0,0
40.7557,-73.9666,18,0,0,0
40.7309,-73.9741,9,0,0,0
40.7621,-73.9788,1,0,0,0
40.7811,-73.948,15,0,0,0
40.7436,-73.9844,21,0,0,0
40.6949,-74.1781,13,1,1,1
40.7744,-73.9831,6,0,0,0
40.7904,-73.9737,6,0,0,0
40.764,-73.994,7,1,0,0
40.7414,-73.9893,14,0,0,0
40.742,-73.9893,21,0,0,0
40.7084,-73.9485,22,1,0,0
40.738,-73.989,20,0,0,0
40.6978,-73.9679,16,0,0,0
40.7685,-73.8627,14,0,0,0
40.7444,-73.973,20,0,0,0
40.6899,-73.9228,21,1,0,0
40.7337,-73.9953,12,1,0,0
40.7615,-73.9731,15,1,0,0
40.7685,-73.8624,9,0,0,0
40.7609,-73.9702,18,0,0,0
40.7546,-74.0071,22,0,0,0
40.7446,-73.957,14,1,0,0
40.7402,-73.9884,14,0,0,0
40.7578,-73.9719,18,0,0,0
40.7449,-73.992,22,1,0,0
40.7476,-73.897,11,0,0,0
40.6336,-73.9478,11,1,0,0
40.6935,-73.9663,22,1,0,0
40.7412,-73.9966,11,0,0,0
40.7632,-73.9609,21,1,0,0
40.7303,-74.008,20,0,0,0
40.7398,-74.0059,1,1,0,0
40.7293,-73.9894,1,1,0,0
40.805,-73.9388,13,0,0,0
40.7459,-73.9118,14,0,0,0
40.7723,-73.9671,16,0,0,0
40.7295,-74.0017,23,1,0,0
40.6925,-73.991,5,0,0,0
40.7143,-73.9878,20,0,0,0
40.7319,-73.9966,13,1,0,0
40.7388,-74.0092,8,0,0,0
40.761,-73.9781,20,0,0,0
40.7522,-73.9836,14,0,0,0
40.6449,-73.7822,20,0,0,0
40.6717,-73.9739,15,1,0,0
40.7733,-73.9781,16,1,0,0
40.7462,-73.9943,15,0,0,0
40.7593,-73.9652,20,0,0,0
40.7478,-73.9771,7,0,0,0
40.8568,-73.936,17,1,0,0
40.7196,-74.0017,21,0,0,0
40.7176,-73.958,23,0,0,0
40.7326,-73.9941,19,1,0,0
40.6599,-73.9807,9,1,0,0
40.7579,-73.9895,22,0,0,0
40.7291,-74.0112,14,0,0,0
40.6828,-73.9636,2,1,0,0
40.7327,-73.9876,20,1,0,0
40.7604,-73.9645,17,1,0,0
40.7188,-73.9884,14,0,0,0
40.7407,-74.0003,15,1,0,0
40.7653,-73.9537,11,0,0,0
40.7485,-74.0082,9,0,0,0
40.7576,-73.9867,0,1,0,0
40.6783,-73.9655,17,0,0,0
40.7744,-73.9816,7,0,0,0
41.0549,-73.5406,21,1,-1,-1
40.752,-73.9848,19,0,0,0
40.7225,-73.9824,6,0,0,0
40.7263,-73.9802,6,1,0,0
40.7645,-73.9958,14,0,0,0
40.715,-73.9543,3,1,0,0
40.7448,-73.9787,16,0,0,0
40.772,-73.9818,15,0,0,0
40.6476,-73.9978,4,1,0,0
40.7503,-73.9698,8,1,0,0
40.6852,-73.9683,23,1,0,0
40.762,-73.9731,15,0,0,0
40.7664,-73.9619,12,1,0,0
40.7643,-73.9735,9,0,0,0
40.7565,-73.9978,20,1,0,0
40.69,-73.963,6,0,0,0
40.734,-73.991,20,0,0,0
40.7634,-73.9754,18,0,0,0
40.7571,-73.9844,8,0,0,0
40.7332,-74.0029,16,0,0,0
40.7241,-73.7076,2,0,0,0
40.7256,-74.0049,17,1,0,0
40.7535,-73.9746,15,0,0,0
40.7628,-73.9819,10,0,0,0
40.6949,-74.178,19,0,1,1
40.7269,-73.9917,23,0,0,0
40.7444,-73.9846,23,1,0,0
40.771,-73.9831,6,0,0,0
40.6737,-73.9991,17,0,0,0
40.711,-74.0055,12,0,0,0
40.7278,-74.0014,19,0,0,0
40.7512,-73.9371,5,0,0,0
40.7217,-74.0091,11,0,0,0
40.7209,-74.0084,20,0,0,0
40.7305,-74.1716,23,1,1,1
40.7472,-73.9897,5,0,0,0
40.7803,-73.9551,18,0,0,0
40.7741,-73.8727,15,0,0,0
40.7626,-73.9593,21,0,0,0
40.7265,-73.9832,5,0,0,0
40.7381,-74.0056,21,1,0,0
40.7142,-74.0096,18,0,0,0
40.6449,-73.7822,16,0,0,0
40.7535,-73.9925,18,0,0,0
40.7743,-73.9823,18,0,0,0
40.645,-73.7895,15,0,0,0
40.7722,-73.9602,22,1,0,0
40.6733,-73.9326,10,1,0,0
40.7578,-73.9794,6,0,0,0
40.7468,-73.99,12,0,0,0
40.7551,-73.9876,22,0,0,0
40.7327,-74.009,5,0,0,0
40.7755,-73.9564,7,0,0,0
40.7281,-73.9829,11,1,0,0
40.7273,-73.9936,14,0,0,0
40.7508,-73.9786,0,0,0,0
40.7686,-73.8627,7,0,0,0
40.7149,-73.992,20,0,0,0
40.7916,-73.9792,9,0,0,0
40.7309,-73.864,11,0,0,0
40.7585,-73.9854,20,0,0,0
40.7595,-73.9776,14,0,0,0
40.7394,-73.9866,18,1,0,0
40.7533,-73.9903,17,0,0,0
40.7601,-73.9877,21,1,0,0
40.6914,-74.177,18,0,1,1
40.7638,-73.9814,11,0,0,0
40.7152,-74.0102,21,0,0,0
41.0616,-73.8387,15,0,-1,-1
40.7378,-73.9797,13,0,0,0
40.731,-73.9594,14,1,0,0
40.7186,-73.9604,22,0,0,0
40.7048,-74.0079,4,0,0,0
40.7615,-73.9744,12,0,0,0
40.6907,-73.9961,16,1,0,0
40.7343,-74.0028,2,1,0,0
40.6834,-73.9755,14,0,0,0
40.7567,-73.9788,16,0,0,0
40.7706,-73.8653,14,0,0,0
40.7456,-73.9891,19,0,0,0
40.744,-73.9242,7,0,0,0
40.7277,-73.9857,11,0,0,0
40.7548,-73.9878,20,0,0,0
40.7476,-74.004,3,0,0,0
40.749,-73.9778,18,0,0,0
40.7278,-73.9857,0,1,0,0
40.7423,-73.9806,21,0,0,0
40.7628,-73.9792,14,0,0,0
40.7219,-73.9866,15,1,0,0
40.7672,-73.9352,17,1,0,0
40.7554,-73.9711,21,1,0,0
40.7245,-73.9966,18,0,0,0
40.7786,-73.958,9,0,0,0
40.6453,-73.9603,14,0,0,0
40.7393,-74.0055,0,1,0,0
40.7059,-74.0042,6,0,0,0
40.7384,-73.9933,21,0,0,0
40.6307,-73.9311,2,0,0,0
40.7214,-74.0017,21,0,0,0
40.7226,-73.9849,17,0,0,0
40.6955,-73.9485,2,0,0,0
40.763,-73.9716,16,0,0,0
40.7684,-73.8625,19,0,0,0
40.7332,-73.9985,16,0,0,0
40.7193,-73.9914,18,0,0,0
40.6948,-73.9301,11,1,0,0
40.7406,-74.0064,1,1,0,0
40.7386,-73.9856,20,0,0,0
40.7588,-73.9723,10,0,0,0
40.7739,-73.9799,0,0,0,0
40.7629,-73.9716,12,0,0,0
40.7247,-73.9974,20,0,0,0
40.7987,-73.6636,21,0,6,-1
40.7501,-73.9815,12,0,0,0
40.753,-74.0248,19,1,0,0
40.7526,-74.0042,20,1,0,0
40.7131,-73.9665,8,0,0,0
40.7672,-73.9876,11,0,0,0
40.7733,-73.9818,10,0,0,0
40.7685,-73.9615,20,0,0,0
40.7258,-73.9898,21,0,0,0
40.7641,-73.9753,18,0,0,0
40.7668,-73.967,22,0,0,0
40.7741,-73.9791,19,0,0,0
40.7294,-73.99,2,1,0,0
40.7227,-74.0013,16,0,0,0
40.7375,-74.0073,18,0,0,0
40.7369,-73.997,8,0,0,0
40.762,-73.9661,15,0,0,0
40.7189,-73.9985,18,0,0,0
40.7744,-73.9456,21,0,0,0
40.7155,-73.9602,4,0,0,0
40.7403,-74.0058,19,0,0,0
40.6555,-74.0087,17,0,0,0
40.676,-73.9444,9,0,0,0
40.7272,-73.9765,12,0,0,0
40.7592,-73.9834,14,0,0,0
40.7158,-74.0158,10,0,0,0
40.7302,-73.9935,7,0,0,0
40.7584,-73.9729,22,0,0,0
40.7716,-73.9821,19,0,0,0
40.756,-73.9766,18,0,0,0
40.7319,-74.0008,10,1,0,0
40.7527,-73.9856,19,0,0,0
40.7533,-73.978,17,0,0,0
40.6868,-73.9757,23,0,0,0
40.7141,-74.0069,11,1,0,0
40.7709,-73.8661,10,0,0,0
40.6652,-73.7882,19,1,0,0
40.7244,-73.9831,21,0,0,0
40.7221,-73.9873,21,0,0,0
40.7291,-73.9921,1,1,0,0
40.7615,-73.9797,19,0,0,0
40.7627,-73.9733,15,0,0,0
40.7177,-73.98,9,0,0,0
40.7582,-73.9873,22,0,0,0
40.7469,-73.9564,9,0,0,0
40.7904,-73.9769,3,0,0,0
40.7692,-73.9855,7,0,0,0
40.74,-74.0061,3,1,0,0
40.7744,-73.9892,7,0,0,0
40.7499,-73.9939,14,0,0,0
40.72,-74.0052,19,0,0,0
40.7538,-73.9794,10,0,0,0
40.7394,-74.0043,20,0,0,0
40.7493,-73.9727,14,0,0,0
40.779,-73.7818,18,0,0,0
40.7614,-73.9728,15,0,0,0
40.659,-73.9834,7,0,0,0
40.7518,-73.9685,6,0,0,0
40.7285,-73.9515,10,0,0,0
40.7276,-73.9908,20,0,0,0
40.7577,-73.9732,13,0,0,0
40.7428,-74.0037,22,0,0,0
40.6465,-73.79,21,0,0,0
40.7738,-73.9582,7,0,0,0
40.6104,-74.0119,21,0,0,0
40.7348,-73.9917,9,0,0,0
40.7251,-73.9812,8,1,0,0
40.7822,-73.9826,19,0,0,0
40.7539,-73.9888,11,0,0,0
40.774,-73.8726,18,1,0,0
40.6778,-73.9698,4,0,0,0
40.7725,-73.9629,14,0,0,0
40.7991,-73.9645,2,1,0,0
40.745,-73.9861,7,0,0,0
40.7688,-73.9813,0,0,0,0
40.7224,-73.9881,19,0,0,0
40.7653,-73.9785,16,0,0,0
40.7585,-73.9752,15,0,0,0
40.7616,-73.9839,21,0,0,0
40.7564,-73.9936,17,0,0,0
40.8067,-73.9464,18,0,0,0
40.7531,-73.9869,18,0,0,0
40.6904,-74.1789,14,0,1,1
40.6694,-73.9234,0,0,0,0
40.7586,-73.9708,14,0,0,0
40.7432,-73.9525,20,0,0,0
40.7091,-74.0159,8,0,0,0
40.7396,-73.9872,22,1,0,0
40.7784,-73.9853,15,0,0,0
40.7653,-73.9971,9,1,0,0
40.751,-74.0041,21,0,0,0
40.6485,-73.7828,18,1,0,0
40.6997,-73.9295,8,1,0,0
40.7299,-74.0007,21,0,0,0
40.761,-73.987,20,0,0,0
40.7586,-73.9688,18,0,0,0
40.7533,-73.9872,13,0,0,0
40.6739,-73.9803,23,0,0,0
40.7668,-73.989,20,1,0,0
40.7403,-73.9941,23,0,0,0
40.7224,-73.9494,17,0,0,0
40.7549,-73.9999,22,0,0,0
40.7145,-74.0079,22,1,0,0
40.7555,-73.9751,16,0,0,0
40.7273,-73.9936,21,0,0,0
40.7324,-73.9952,18,0,0,0
40.7237,-74.0047,22,1,0,0
40.7479,-73.9564,9,0,0,0
40.6883,-73.9894,12,1,0,0
40.7372,-73.9943,9,0,0,0
40.7478,-74.0045,8,0,0,0
40.745,-73.9869,10,0,0,0
40.7679,-73.9834,18,0,0,0
40.7706,-73.8655,22,0,0,0
40.7143,-73.9876,15,0,0,0
40.7208,-73.9994,14,0,0,0
40.7528,-73.9751,7,0,0,0
40.7242,-73.9887,14,1,0,0
40.7591,-73.9881,16,1,0,0
40.7537,-74.0,22,1,0,0
40.6873,-73.9775,15,1,0,0
40.7359,-73.9973,2,1,0,0
40.7205,-73.9834,7,0,0,0
40.7706,-73.9919,18,0,0,0
40.7113,-74.0054,15,0,0,0
40.7532,-73.9893,11,0,0,0
40.6788,-74.0111,21,1,0,0
40.7317,-74.0043,6,0,0,0
40.7762,-73.9467,21,0,0,0
40.7645,-73.9778,14,0,0,0
40.7383,-73.9931,18,0,0,0
40.7274,-74.0016,22,0,0,0
40.7785,-73.9812,8,0,0,0
40.6869,-73.9777,17,0,0,0
40.7397,-73.9897,14,0,0,0
40.7054,-74.0092,15,0,0,0
40.706,-74.0087,8,1,0,0
40.6448,-73.7815,18,0,0,0
40.7315,-73.9827,22,1,0,0
40.7325,-73.995,16,0,0,0
40.7563,-73.9747,13,0,0,0
40.7269,-74.0021,15,0,0,0
40.7315,-73.9973,19,1,0,0
40.6736,-73.9687,12,1,0,0
40.7641,-73.9542,23,1,0,0
40.7689,-73.9684,14,0,0,0
40.7657,-73.9762,4,0,0,0
40.7376,-74.0087,9,0,0,0
40.7368,-73.9906,21,0,0,0
40.7606,-73.9871,22,0,0,0
40.724,-74.0033,10,0,0,0
40.7815,-73.946,0,1,0,0
40.7591,-73.9919,6,0,0,0
40.7644,-73.9689,15,0,0,0
40.7263,-73.996,19,0,0,0
40.7342,-74.0046,15,1,0,0
40.7433,-73.9959,12,0,0,0
40.752,-73.9733,16,0,0,0
40.7332,-74.0029,0,1,0,0
40.7684,-73.9557,13,1,0,0
40.7847,-73.9498,18,0,0,0
40.7576,-73.9691,16,0,0,0
40.7606,-73.9805,19,0,0,0
40.7346,-74.0022,23,0,0,0
40.7714,-73.9832,21,1,0,0
40.7409,-74.0077,18,1,0,0
40.7893,-73.0983,18,1,-1,-1
40.7266,-74.0022,11,0,0,0
40.8049,-73.9661,3,1,0,0
40.7252,-74.0101,8,0,0,0
40.7184,-73.9909,0,1,0,0
40.7708,-73.8657,16,0,0,0
40.7406,-74.0087,21,1,0,0
40.8273,-73.9747,14,1,0,0
40.7155,-73.9907,9,0,0,0
40.6983,-73.9338,19,0,0,0
40.7185,-73.9854,14,1,0,0
40.7653,-73.8933,13,0,0,0
40.734,-73.9993,7,0,0,0
40.6914,-73.9983,6,0,0,0
40.7237,-73.9852,0,1,0,0
40.7188,-73.9892,1,0,0,0
40.7268,-74.0056,18,0,0,0
40.7467,-74.0014,18,0,0,0
40.746,-73.9999,16,1,0,0
40.726,-73.9919,5,0,0,0
40.7451,-73.9826,7,0,0,0
40.7199,-74.0106,15,0,0,0
40.7708,-73.9609,10,0,0,0
40.7685,-73.9874,3,0,0,0
40.7214,-73.9981,14,0,0,0
40.7903,-73.9751,21,0,0,0
40.7394,-74.0058,15,0,0,0
40.7607,-73.9667,21,0,0,0
40.8088,-73.9635,13,0,0,0
40.7396,-73.996,18,1,0,0
40.6777,-73.9838,3,1,0,0
40.7475,-74.0059,17,1,0,0
40.7409,-74.0089,1,1,0,0
40.7211,-73.9938,21,0,0,0
40.7217,-73.9976,10,0,0,0
40.7557,-73.9779,9,0,0,0
40.7874,-73.9805,18,0,0,0
40.7599,-73.9728,17,0,0,0
40.6543,-74.0043,14,0,0,0
40.7725,-73.967,11,0,0,0
40.714,-74.0143,19,0,0,0
40.808,-73.9293,17,0,0,0
40.7235,-74.0088,19,0,0,0
40.7481,-74.003,6,0,0,0
40.7479,-73.9831,16,0,0,0
40.6952,-73.991,9,0,0,0
40.7472,-73.9897,14,1,0,0
40.7666,-73.9861,10,0,0,0
40.642,-73.7884,19,1,0,0
40.7615,-73.9745,18,0,0,0
40.7411,-74.0054,2,1,0,0
40.7651,-73.9909,20,0,0,0
40.7503,-73.9731,18,0,0,0
40.7641,-73.9611,18,0,0,0
41.0232,-73.7132,15,0,3,3
40.7174,-74.0161,17,0,0,0
40.7743,-73.8715,18,0,0,0
40.7268,-73.9995,18,0,0,0
40.7389,-74.0098,15,0,0,0
40.7753,-73.9629,13,0,0,0
40.7682,-73.8621,17,0,0,0
40.751,-74.0042,22,0,0,0
40.7678,-73.9915,5,0,0,0
40.6819,-74.0022,23,0,0,0
40.702,-73.9898,7,0,0,0
40.7234,-73.9997,17,0,0,0
40.726,-74.0072,0,1,0,0
40.7192,-73.9946,16,0,0,0
40.7562,-73.9835,0,0,0,0
40.7013,-73.9305,0,1,0,0
40.7495,-73.9918,19,0,0,0
40.7535,-73.9807,20,0,0,0
40.6443,-73.7836,17,1,0,0
40.7312,-73.9757,19,0,0,0
40.8031,-73.9676,20,0,0,0
40.7445,-73.9833,15,0,0,0
40.7552,-73.9756,14,0,0,0
40.7782,-73.9541,21,1,0,0
40.6608,-73.9835,17,1,0,0
40.7414,-73.9811,7,0,0,0
40.7748,-73.991,9,0,0,0
40.7529,-73.993,10,0,0,0
40.7502,-73.9833,10,0,0,0
40.7794,-73.9474,17,1,0,0
40.7178,-74.0142,9,0,0,0
40.7224,-73.95,0,1,0,0
40.7697,-73.981,16,0,0,0
40.7533,-73.981,22,0,0,0
40.7482,-73.9888,19,0,0,0
40.7578,-73.9905,16,0,0,0
40.7609,-73.9741,8,0,0,0
40.7099,-74.0098,17,0,0,0
40.7586,-73.9646,21,0,0,0
40.7493,-73.984,15,1,0,0
40.7411,-73.9788,8,0,0,0
40.7463,-73.9871,8,0,0,0
40.7413,-74.006,16,0,0,0
40.7451,-73.9978,7,1,0,0
40.7642,-73.9763,22,0,0,0
40.7406,-73.987,21,0,0,0
40.747,-73.9935,18,0,0,0
40.7327,-73.9934,8,1,0,0
40.7646,-73.9758,14,0,0,0
40.7303,-73.9935,13,1,0,0
40.7061,-73.9335,13,0,0,0
40.8243,-73.9098,12,1,0,0
40.725,-73.9983,18,0,0,0
40.7336,-74.063,17,0,0,0
40.673,-73.9832,11,1,0,0
40.705,-74.0159,17,0,0,0
40.7432,-73.9842,17,0,0,0
40.7798,-73.9487,19,0,0,0
40.8151,-73.9433,22,0,0,0
40.7231,-73.9974,18,0,0,0
40.7539,-73.9915,10,0,0,0
40.7483,-73.9394,16,0,0,0
40.7596,-74.2959,18,0,-1,-1
40.7421,-73.987,15,0,0,0
40.7605,-73.9703,14,0,0,0
40.6417,-73.7887,13,0,0,0
40.7235,-73.983,9,0,0,0
40.7475,-73.9825,21,1,0,0
40.7648,-73.917,15,1,0,0
40.7534,-73.9889,22,1,0,0
40.742,-74.0076,15,0,0,0
40.7421,-74.004,14,0,0,0
40.7531,-73.9965,14,0,0,0
40.7204,-73.9979,19,0,0,0
40.7616,-73.9663,10,1,0,0
40.7671,-73.9667,15,1,0,0
40.7384,-74.0038,12,1,0,0
40.7412,-74.0,6,0,0,0
40.7562,-73.9932,7,0,0,0
40.7239,-73.9759,18,0,0,0
40.7488,-73.9959,22,0,0,0
40.6458,-73.7768,5,0,0,0
40.6461,-73.7768,5,1,0,0
40.7889,-73.9404,0,1,0,0
40.6484,-73.7826,20,0,0,0
40.6772,-73.9984,0,0,0,0
40.7266,-73.9957,13,1,0,0
40.774,-73.9818,7,1,0,0
40.7154,-74.0148,19,1,0,0
40.7287,-74.0001,18,0,0,0
40.7483,-73.9938,20,0,0,0
40.7133,-73.9442,14,0,0,0
40.7431,-73.9933,20,0,0,0
40.7048,-74.0097,20,0,0,0
40.7633,-73.9794,21,0,0,0
40.709,-73.9414,0,0,0,0
40.725,-73.9924,22,0,0,0
40.7434,-73.9939,14,0,0,0
40.7229,-73.9945,7,0,0,0
40.7559,-74.0025,19,0,0,0
40.7432,-74.0067,6,0,0,0
40.7706,-73.9565,16,0,0,0
40.7706,-73.957,17,0,0,0
40.6796,-73.9736,13,0,0,0
40.7431,-73.9822,15,1,0,0
40.7713,-73.9898,18,0,0,0
40.7258,-74.0055,10,0,0,0
40.7654,-73.9548,16,0,0,0
40.6958,-73.9597,12,0,0,0
40.7495,-73.9726,11,0,0,0
40.7602,-73.9597,6,0,0,0
40.7562,-73.9982,15,0,0,0
40.6856,-73.9431,16,0,0,0
40.7271,-73.9507,7,0,0,0
40.733,-73.9796,18,0,0,0
40.7669,-73.9872,1,1,0,0
40.7144,-73.9981,19,0,0,0
40.7581,-73.9924,18,0,0,0
40.7559,-73.9944,14,1,0,0
40.7274,-73.9851,2,1,0,0
40.7603,-73.9716,17,0,0,0
40.7053,-74.0165,1,0,0,0
40.7819,-73.9829,6,0,0,0
40.7311,-73.9887,20,0,0,0
40.7332,-73.99,0,1,0,0
40.7237,-74.0111,12,0,0,0
40.726,-74.0028,6,0,0,0
40.7258,-73.9903,23,1,0,0
40.7286,-73.9801,16,0,0,0
40.7679,-73.9914,17,1,0,0
40.764,-73.9923,23,0,0,0
40.7707,-73.9608,17,1,0,0
40.7373,-73.9902,20,0,0,0
40.6813,-73.9846,5,1,0,0
40.7708,-73.8657,8,0,0,0
40.6647,-74.2039,7,0,7,1
40.7397,-73.9926,17,0,0,0
40.7216,-74.0099,14,0,0,0
40.6718,-73.9517,20,0,0,0
40.8107,-73.9603,19,0,0,0
40.7886,-73.976,19,1,0,0
40.7268,-74.0,20,0,0,0
40.7689,-73.982,18,0,0,0
40.7534,-73.9854,16,0,0,0
40.7874,-73.9803,6,0,0,0
40.783,-73.9444,5,0,0,0
40.7448,-73.8436,23,0,0,0
40.7467,-73.9837,14,0,0,0
40.682,-73.9224,0,0,0,0
40.742,-74.0038,4,0,0,0
40.6448,-73.7819,20,1,0,0
40.7738,-73.8714,10,0,0,0
40.761,-73.9691,18,0,0,0
40.7144,-74.0153,11,0,0,0
40.7375,-73.9932,8,0,0,0
40.7281,-73.9936,9,0,0,0
40.8207,-73.9365,11,0,0,0
40.8634,-73.9287,7,0,0,0
40.7173,-73.9642,19,0,0,0
40.7326,-73.9773,20,1,0,0
40.7154,-74.0129,16,0,0,0
40.7236,-74.0109,14,0,0,0
40.7414,-73.9939,12,0,0,0
40.7116,-74.007,16,0,0,0
40.7558,-73.9834,17,0,0,0
40.7305,-73.9834,8,0,0,0
40.75,-73.9785,12,1,0,0
40.7262,-74.0027,19,1,0,0
40.7731,-73.8857,7,0,0,0
40.7168,-73.9648,5,0,0,0
40.7514,-73.9976,16,0,0,0
40.7379,-74.0308,1,1,0,0
40.7621,-73.9679,11,1,0,0
40.7457,-74.0057,16,0,0,0
40.7231,-73.9987,19,0,0,0
40.7633,-73.9768,11,0,0,0
40.7802,-73.9441,20,0,0,0
40.7608,-73.9798,17,0,0,0
40.748,-73.9843,20,0,0,0
40.7218,-73.9873,21,0,0,0
40.7306,-74.0004,14,0,0,0
40.742,-74.0046,18,0,0,0
40.7173,-73.9954,13,0,0,0
40.7728,-73.9585,16,0,0,0
40.7607,-73.9969,11,0,0,0
40.7547,-73.8538,6,1,0,0
40.7556,-73.9916,14,1,0,0
40.7646,-73.9718,17,0,0,0
40.7248,-73.9504,16,1,0,0
40.7271,-74.0074,14,0,0,0
40.713,-73.9676,7,0,0,0
40.7947,-73.9346,21,1,0,0
40.7398,-74.0005,15,0,0,0
40.7199,-74.0083,8,0,0,0
40.7248,-73.9874,8,0,0,0
40.7706,-73.9547,18,1,0,0
40.7059,-74.0093,22,0,0,0
40.8242,-73.9531,18,0,0,0
40.6435,-73.7898,18,1,0,0
40.7625,-73.9787,20,0,0,0
40.753,-73.9855,6,0,0,0
40.72,-74.0086,17,0,0,0
40.7852,-73.9713,9,0,0,0
40.7975,-73.9943,11,1,0,0
40.7327,-74.0002,3,1,0,0
40.7096,-73.9615,21,0,0,0
40.7326,-73.9972,14,0,0,0
40.7259,-73.9836,20,0,0,0
40.7839,-73.9777,19,0,0,0
40.7662,-73.9794,18,0,0,0
40.6467,-73.7902,20,0,0,0
40.6875,-73.9919,5,0,0,0
40.7196,-73.956,1,1,0,0
40.7989,-73.9707,9,1,0,0
40.7229,-74.0115,13,0,0,0
40.7149,-74.0098,8,0,0,0
40.7841,-73.9546,17,0,0,0
40.7639,-73.9791,20,0,0,0
40.7749,-73.9632,10,0,0,0
40.7686,-73.8626,11,0,0,0
40.7487,-73.9961,8,0,0,0
40.7514,-73.9868,20,0,0,0
40.7552,-73.984,12,0,0,0
40.7643,-73.9558,11,0,0,0
40.7821,-73.9458,20,0,0,0
40.7758,-73.7031,2,0,0,-1
40.7485,-73.9806,19,0,0,0
40.7129,-73.9441,22,0,0,0
40.7681,-73.9629,10,0,0,0
40.6735,-73.9827,12,1,0,0
40.675,-73.9296,7,0,0,0
40.7404,-74.0057,2,1,0,0
40.7334,-73.9892,10,1,0,0
40.7617,-73.9745,12,1,0,0
40.7127,-73.9522,21,0,0,0
40.747,-73.9871,8,0,0,0
40.8079,-73.9668,10,0,0,0
40.7463,-73.9837,20,0,0,0
40.7765,-73.9602,13,0,0,0
40.7519,-73.9848,19,1,0,0
40.7252,-73.9997,17,0,0,0
40.7329,-73.9863,4,0,0,0
40.7214,-74.0023,17,0,0,0
40.7631,-73.9819,17,0,0,0
40.7415,-73.9897,0,0,0,0
40.7558,-73.9761,15,0,0,0
40.6931,-73.996,10,0,0,0
40.7325,-74.0034,22,1,0,0
40.7555,-73.9709,14,0,0,0
40.792,-73.9481,15,0,0,0
40.7462,-73.9948,19,0,0,0
40.7342,-73.999,21,0,0,0
40.6483,-73.7825,23,1,0,0
40.7513,-74.0068,21,0,0,0
40.7591,-73.9701,14,1,0,0
40.7632,-73.9628,16,0,0,0
40.7536,-73.9867,9,0,0,0
40.7266,-73.9924,21,0,0,0
40.6467,-73.7894,13,0,0,0
40.733,-73.9962,10,0,0,0
40.7408,-73.9983,21,0,0,0
40.774,-73.8738,15,1,0,0
40.7419,-73.9895,20,0,0,0
40.7763,-73.9765,13,0,0,0
40.7429,-73.9892,23,0,0,0
40.7462,-73.9862,12,0,0,0
40.7691,-73.981,11,0,0,0
40.7574,-73.9756,21,0,0,0
40.7218,-73.958,21,0,0,0
40.769,-73.9812,11,0,0,0
40.7558,-74.0018,15,0,0,0
40.7182,-73.8399,10,0,0,0
40.7278,-73.9866,0,1,0,0
40.6418,-73.7886,23,0,0,0
40.7196,-73.9828,21,1,0,0
40.6895,-73.972,22,0,0,0
40.7677,-73.9684,8,0,0,0
40.7441,-73.9881,14,0,0,0
40.7528,-73.9796,17,0,0,0
40.7111,-74.0056,21,0,0,0
40.7405,-74.0061,13,0,0,0
40.761,-73.961,11,1,0,0
40.717,-73.9908,7,0,0,0
40.7815,-73.9557,8,0,0,0
40.7395,-73.9987,17,0,0,0
40.6969,-73.9969,23,0,0,0
40.7559,-73.9753,16,0,0,0
40.744,-74.0508,18,0,0,0
40.741,-73.9191,4,1,0,0
40.718,-74.0047,7,0,0,0
40.7602,-73.9807,22,0,0,0
40.8187,-73.938,9,1,0,0
40.7762,-73.98,16,0,0,0
40.7288,-73.9877,21,0,0,0
40.7566,-73.9742,16,0,0,0
40.7196,-73.958,9,1,0,0
40.72,-73.999,22,0,0,0
40.771,-73.8659,15,0,0,0
40.7733,-73.9591,5,0,0,0
40.7785,-73.9533,21,0,0,0
40.706,-74.013,17,0,0,0
40.7793,-73.9813,8,1,0,0
40.7318,-74.0011,10,0,0,0
40.7277,-74.0016,22,0,0,0
40.7497,-73.9838,22,0,0,0
40.7786,-73.9837,17,0,0,0
40.7501,-73.9731,15,0,0,0
40.716,-74.004,5,0,0,0
40.7544,-73.8462,14,1,0,0
40.7418,-73.9786,13,1,0,0
40.7485,-74.0057,16,0,0,0
40.7203,-74.0032,5,0,0,0
40.7724,-73.982,11,0,0,0
40.7241,-74.0001,18,0,0,0
40.7061,-73.9289,9,0,0,0
40.7741,-73.8723,22,1,0,0
40.7265,-73.9992,9,0,0,0
40.7738,-73.8719,16,0,0,0
40.7872,-73.9776,15,0,0,0
40.7674,-73.8817,19,0,0,0
40.7599,-73.9765,22,0,0,0
40.7455,-73.9852,16,0,0,0
40.7638,-73.9847,20,0,0,0
40.7137,-73.9571,7,0,0,0
40.7163,-74.0154,18,0,0,0
40.7984,-73.9351,15,0,0,0
40.7545,-73.9913,14,0,0,0
40.7401,-73.9948,13,0,0,0
40.7571,-73.9686,22,0,0,0
40.7375,-74.0061,15,0,0,0
40.7622,-73.9661,15,0,0,0
40.7676,-73.8811,15,1,0,0
40.7377,-73.9826,7,0,0,0
40.6997,-73.979,14,0,0,0
40.767,-73.9841,17,0,0,0
40.7303,-73.9934,7,0,0,0
40.7613,-73.9697,9,1,0,0
40.764,-73.9712,14,0,0,0
40.8423,-73.9422,11,0,0,0
40.7211,-73.984,11,0,0,0
40.7561,-73.9832,7,0,0,0
40.7474,-73.9769,19,0,0,0
40.7209,-73.9841,10,1,0,0
40.762,-73.9858,19,1,0,0
40.735,-73.9915,16,0,0,0
40.7698,-73.9609,17,0,0,0
40.7282,-73.9792,2,1,0,0
40.7579,-74.0005,15,0,0,0
40.6962,-73.9425,14,1,0,0
40.7382,-74.0096,19,0,0,0
40.6911,-73.9664,14,0,0,0
40.773,-73.9565,9,0,0,0
40.717,-74.0037,4,1,0,0
40.7114,-73.9577,6,0,0,0
40.7336,-73.9952,5,0,0,0
40.7548,-73.9734,17,0,0,0
40.6699,-73.9583,23,0,0,0
40.7248,-74.0077,17,1,0,0
40.7507,-74.002,3,1,0,0
40.6447,-73.7818,17,1,0,0
40.733,-73.9756,16,0,0,0
40.74,-73.9249,14,0,0,0
40.7607,-73.9847,15,0,0,0
40.7746,-73.9634,21,1,0,0
40.6894,-73.9741,19,1,0,0
40.7548,-73.984,21,0,0,0
40.6484,-73.783,18,0,0,0
40.7219,-74.001,8,0,0,0
40.7417,-74.0051,20,1,0,0
40.6716,-73.9392,19,0,0,0
40.7594,-73.9696,16,0,0,0
40.6352,-74.0832,17,1,-1,-1
40.7754,-73.9783,5,0,0,0
40.6971,-73.9871,15,0,0,0
40.6944,-73.9309,9,1,0,0
40.6918,-73.924,1,0,0,0
40.7334,-73.9915,21,0,0,0
40.742,-73.9831,5,1,0,0
40.7561,-74.0018,15,0,0,0
40.7484,-74.0019,15,1,0,0
40.7063,-74.0097,6,1,0,0
40.7585,-73.9773,20,0,0,0
40.7348,-73.9968,6,0,0,0
40.76,-73.9724,22,0,0,0
40.7456,-73.9984,19,0,0,0
40.7695,-73.96,7,0,0,0
40.7612,-73.9829,8,0,0,0
40.7404,-74.004,13,1,0,0
40.7739,-73.8725,22,1,0,0
40.6736,-73.9825,20,0,0,0
40.7151,-74.0161,21,0,0,0
40.6753,-73.9811,17,0,0,0
40.8134,-73.4845,12,1,-1,-1
40.6648,-73.9515,12,1,0,0
40.759,-73.9622,19,0,0,0
40.7225,-73.9594,14,1,0,0
40.6888,-73.989,11,1,0,0
40.7481,-74.008,16,0,0,0
40.7554,-73.9208,8,0,0,0
40.7376,-73.9902,12,0,0,0
40.7581,-73.9735,12,0,0,0
40.7271,-73.9588,19,1,0,0
40.6811,-74.0017,11,0,0,0
40.7296,-73.9983,22,0,0,0
40.7287,-73.9901,18,0,0,0
40.7846,-73.9719,18,0,0,0
40.7163,-73.9551,22,1,0,0
40.7255,-73.9932,5,0,0,0
40.7159,-74.01,22,1,0,0
40.8016,-73.9345,16,1,0,0
40.6463,-73.7897,16,0,0,0
40.7418,-74.001,15,0,0,0
40.6947,-73.9311,21,1,0,0
40.732,-73.9894,5,0,0,0
40.6745,-73.9785,15,0,0,0
40.7634,-73.9486,19,0,0,0
40.7447,-73.9887,18,0,0,0
40.7439,-74.0064,16,0,0,0
40.7804,-73.9517,23,0,0,0
40.7558,-73.9885,17,0,0,0
40.7661,-73.952,6,0,0,0
40.7452,-73.9768,18,0,0,0
40.7624,-73.9827,12,0,0,0
40.7496,-73.992,16,0,0,0
40.721,-73.9948,20,0,0,0
40.7309,-74.0058,22,0,0,0
40.7473,-74.0082,15,0,0,0
40.6912,-73.9899,7,0,0,0
40.742,-74.0038,16,1,0,0
40.7251,-74.003,18,0,0,0
40.7487,-74.0276,21,0,0,0
40.6931,-73.9459,11,1,0,0
40.7536,-73.9988,10,0,0,0
40.7521,-73.9403,10,1,0,0
40.7422,-73.9748,19,0,0,0
40.7059,-74.0131,17,1,0,0
40.7219,-74.0042,6,0,0,0
40.7251,-73.9996,15,0,0,0
40.7425,-73.9922,13,0,0,0
40.7147,-74.0159,13,1,0,0
40.8763,-73.8576,14,1,0,0
40.7519,-74.0048,1,1,0,0
40.7357,-74.0068,12,0,0,0
40.6859,-73.973,22,0,0,0
40.7745,-73.9495,7,0,0,0
40.7222,-73.9888,19,0,0,0
40.7409,-73.9861,16,0,0,0
40.7646,-73.9694,15,0,0,0
40.7611,-73.9909,22,0,0,0
40.7096,-74.0126,20,1,0,0
40.7409,-73.9909,9,0,0,0
40.7674,-73.8672,13,0,0,0
40.7224,-74.0111,9,0,0,0
40.7611,-73.9712,12,0,0,0
40.7202,-73.8448,0,1,0,0
40.764,-73.9761,20,1,0,0
40.6871,-73.9547,23,1,0,0
40.6771,-73.9741,18,0,0,0
40.7514,-74.0032,13,0,0,0
40.7537,-73.9786,17,0,0,0
40.6817,-73.8025,8,0,0,0
40.7653,-73.9706,16,0,0,0
40.6989,-74.0133,22,0,0,0
40.775,-73.9548,16,1,0,0
40.723,-74.0051,13,0,0,0
40.7361,-74.0041,15,0,0,0
40.7472,-73.9131,18,1,0,0
40.7213,-73.9879,6,0,0,0
40.7299,-74.0083,12,0,0,0
40.7339,-74.0045,15,0,0,0
40.7564,-73.9703,10,1,0,0
40.7459,-73.9867,17,0,0,0
40.7228,-73.9851,11,0,0,0
40.7611,-73.9837,1,0,0,0
40.6446,-73.7828,21,1,0,0
40.7688,-73.9844,8,0,0,0
40.7697,-73.9565,7,0,0,0
40.7221,-74.1583,18,1,1,1
40.7081,-74.013,4,0,0,0
40.7337,-73.9553,8,0,0,0
40.7385,-74.0037,2,0,0,0
40.7421,-74.0003,12,0,0,0
41.0384,-73.7665,12,0,3,-1
40.7189,-74.011,20,1,0,0
40.741,-74.0073,21,0,0,0
40.6799,-73.9624,6,0,0,0
40.7742,-73.8724,11,0,0,0
40.709,-73.96,11,0,0,0
40.7502,-73.9912,16,0,0,0
40.758,-73.9776,19,0,0,0
40.7227,-73.9978,16,0,0,0
40.6888,-73.9857,0,0,0,0
40.7508,-74.0054,16,0,0,0
40.7487,-74.0037,14,0,0,0
40.7573,-73.9697,20,0,0,0
40.788,-74.0076,12,0,0,0
40.7578,-73.9821,16,0,0,0
40.6915,-73.9656,9,0,0,0
40.7557,-73.9793,16,0,0,0
40.7861,-73.9791,14,1,0,0
40.7234,-73.9883,0,1,0,0
40.7623,-73.9936,20,0,0,0
40.7869,-73.9772,9,0,0,0
40.7726,-73.9665,14,0,0,0
40.7421,-73.9764,18,0,0,0
40.8233,-73.9504,7,1,0,0
40.7338,-73.9863,0,0,0,0
40.727,-73.9782,18,1,0,0
40.6986,-73.9213,9,0,0,0
40.7617,-73.9684,13,0,0,0
40.7257,-74.009,5,0,0,0
40.7148,-74.0111,8,0,0,0
40.7339,-73.9809,15,1,0,0
40.7703,-73.9803,13,0,0,0
40.7033,-73.9284,5,0,0,0
40.7288,-74.0004,20,0,0,0
40.7602,-73.9812,21,0,0,0
40.6798,-73.9661,14,0,0,0
40.7699,-73.9869,2,0,0,0
40.7277,-73.9934,13,0,0,0
40.7384,-73.9822,14,0,0,0
40.7443,-73.9843,18,1,0,0
40.722,-74.0008,18,0,0,0
40.7665,-73.9648,18,0,0,0
40.7597,-73.9843,17,1,0,0
40.7555,-73.9869,20,0,0,0
40.7527,-73.9784,21,0,0,0
40.7202,-73.9993,17,0,0,0
40.7361,-73.9961,7,0,0,0
40.7803,-73.9477,7,1,0,0
40.761,-73.983,20,0,0,0
40.7179,-74.0086,20,0,0,0
40.7514,-74.0032,17,1,0,0
40.719,-73.9889,18,0,0,0
40.7522,-73.9676,12,1,0,0
40.722,-73.9933,20,0,0,0
40.7574,-73.9857,5,0,0,0
40.7254,-74.0092,9,0,0,0
40.743,-73.9802,0,1,0,0
40.6644,-73.9484,19,1,0,0
40.733,-73.9753,7,0,0,0
40.6763,-74.0171,23,0,0,0
40.7746,-73.9582,17,0,0,0
40.7514,-73.9938,16,0,0,0
40.7722,-73.9673,16,0,0,0
40.7528,-73.9927,17,0,0,0
40.7629,-73.9778,17,0,0,0
40.7248,-73.999,20,0,0,0
40.7856,-73.9721,20,1,0,0
40.7141,-73.9928,18,0,0,0
40.7624,-73.9814,13,1,0,0
40.7538,-73.9787,19,0,0,0
40.7537,-73.9848,18,0,0,0
40.7214,-73.999,16,0,0,0
40.7653,-73.9181,19,0,0,0
40.7589,-73.9879,12,1,0,0
40.73,-73.9542,10,1,0,0
40.797,-73.9337,9,0,0,0
40.7521,-73.9935,0,0,0,0
40.7361,-73.9876,15,0,0,0
40.7905,-73.9758,8,0,0,0
40.6897,-73.9732,14,1,0,0
40.7589,-73.9725,9,0,0,0
40.745,-73.9841,7,0,0,0
40.6306,-74.0229,10,1,0,0
40.7244,-73.9974,14,0,0,0
40.7062,-74.0091,23,1,0,0
40.753,-73.973,13,0,0,0
40.7562,-73.9849,20,0,0,0
40.7442,-73.9955,16,1,0,0
40.7054,-74.0102,20,0,0,0
40.7304,-73.8626,19,0,0,0
40.7172,-73.9945,18,0,0,0
40.7597,-73.9894,18,0,0,0
40.7476,-73.9709,10,0,0,0
40.7443,-73.9748,12,0,0,0
40.6104,-73.9534,12,0,0,0
40.7319,-74.0008,23,1,0,0
40.7392,-73.9818,17,0,0,0
40.7216,-73.9843,2,0,0,0
40.7206,-73.9953,12,0,0,0
40.7582,-73.9713,14,0,0,0
40.7657,-73.9631,9,0,0,0
40.7019,-73.9896,3,0,0,0
40.7741,-73.8724,21,1,0,0
40.7635,-73.9678,0,0,0,0
40.7724,-73.9534,7,0,0,0
40.6421,-73.7882,5,0,0,0
40.7392,-73.9899,16,0,0,0
40.7176,-73.9917,16,0,0,0
40.7311,-73.9756,11,0,0,0
40.7671,-73.9564,23,1,0,0
40.6912,-73.7148,11,0,0,0
40.7614,-73.9756,18,0,0,0
40.7308,-73.993,8,0,0,0
40.7795,-73.7997,7,1,0,4
40.6483,-73.7827,18,0,0,0
40.7467,-73.9937,18,0,0,0
40.7738,-73.8714,21,1,0,0
40.7796,-73.9559,10,1,0,0
40.6911,-73.9418,5,0,0,0
40.7616,-73.8039,19,1,0,0
40.7752,-73.9821,16,1,0,0
40.7185,-73.9852,6,0,0,0
40.7654,-73.9824,12,1,0,0
40.7333,-74.0047,5,0,0,0
40.7331,-73.9866,8,1,0,0
40.7254,-74.0045,8,0,0,0
40.7257,-73.9975,20,1,0,0
40.7605,-73.9911,16,0,0,0
40.7024,-73.987,22,0,0,0
40.717,-74.001,15,0,0,0
40.7205,-73.9454,7,0,0,0
40.7497,-74.0065,10,0,0,0
40.7528,-73.9875,17,0,0,0
40.7591,-73.981,20,0,0,0
40.7618,-74.0006,20,1,0,0
40.7308,-73.9955,14,1,0,0
40.7582,-73.9861,7,0,0,0
40.767,-73.9937,19,0,0,0
40.678,-73.92,18,0,0,0
40.7335,-73.999,7,1,0,0
40.7594,-73.9872,11,0,0,0
40.774,-73.8728,9,0,0,0
40.7363,-74.0014,21,0,0,0
40.7385,-73.9855,16,0,0,0
40.7691,-73.9633,8,0,0,0
40.7495,-73.9944,15,0,0,0
40.778,-73.9784,18,0,0,0
40.7171,-74.0018,8,0,0,0
40.7031,-73.9851,8,0,0,0
40.6923,-73.9557,11,1,0,0
40.7534,-73.9835,10,0,0,0
40.7652,-73.9752,14,1,0,0
40.7683,-73.8622,13,1,0,0
40.754,-73.9886,19,0,0,0
40.7614,-73.9743,11,0,0,0
40.7635,-73.9242,18,0,0,0
40.7197,-73.9602,14,0,0,0
40.7433,-73.9183,10,0,0,0
40.7158,-74.0084,21,0,0,0
40.7518,-73.9821,22,0,0,0
40.7389,-73.9982,4,1,0,0
40.7359,-73.9895,23,1,0,0
40.77,-73.9573,7,0,0,0
40.7465,-73.9818,15,1,0,0
40.7428,-74.0062,12,0,0,0
40.7501,-73.9793,16,0,0,0
40.7989,-73.9644,19,0,0,0
40.7664,-73.9861,0,0,0,0
40.7636,-73.9767,14,0,0,0
40.7205,-73.9927,13,0,0,0
40.7516,-73.994,20,1,0,0
40.7653,-73.9876,19,0,0,0
40.6877,-74.1817,15,0,1,1
40.7404,-74.0079,23,0,0,0
40.7245,-73.9934,7,0,0,0
40.7525,-73.9791,20,0,0,0
40.8056,-73.9606,20,0,0,0
40.7307,-74.0016,9,0,0,0
40.7331,-74.0033,17,0,0,0
40.7723,-73.9548,7,0,0,0
40.7591,-73.9766,17,0,0,0
40.6812,-73.9297,8,0,0,0
40.7101,-74.0059,18,0,0,0
40.7035,-73.9129,16,1,0,0
40.7455,-73.9783,23,1,0,0
40.7568,-73.9785,16,0,0,0
40.7678,-73.9597,14,0,0,0
40.7488,-73.9911,17,0,0,0
40.744,-73.976,11,1,0,0
40.7679,-73.97,9,0,0,0
40.7212,-74.0014,19,0,0,0
40.7145,-73.9579,2,1,0,0
40.745,-73.982,16,1,0,0
40.7614,-73.9993,7,0,0,0
40.7298,-73.9989,8,0,0,0
40.7396,-73.9896,19,0,0,0
40.7823,-73.9571,13,0,0,0
40.7577,-73.9788,20,0,0,0
40.6754,-73.9888,18,0,0,0
40.764,-73.9704,19,0,0,0
40.7635,-73.9868,13,0,0,0
40.7254,-73.9781,21,1,0,0
40.7696,-73.982,16,1,0,0
40.7388,-73.9849,6,0,0,0
40.7612,-73.9784,14,0,0,0
40.7477,-74.0042,7,0,0,0
40.6806,-73.9831,6,1,0,0
40.7573,-73.9788,15,0,0,0
40.7699,-73.9545,17,1,0,0
40.645,-73.782,17,1,0,0
40.7783,-73.9588,19,1,0,0
40.7482,-73.9873,22,0,0,0
40.7773,-73.9522,19,1,0,0
40.7674,-73.9898,12,0,0,0
40.7474,-73.9939,21,0,0,0
40.747,-73.9527,0,1,0,0
40.7397,-73.9827,16,0,0,0
40.7435,-73.9884,11,1,0,0
40.7791,-73.9469,16,1,0,0
40.7681,-73.9541,8,0,0,0
40.7613,-73.9857,20,0,0,0
40.7647,-73.9736,18,0,0,0
40.7602,-73.9698,17,0,0,0
40.6875,-73.9923,17,0,0,0
40.6741,-73.9766,20,0,0,0
40.753,-73.9728,18,0,0,0
40.7578,-73.9854,3,1,0,0
40.7232,-74.008,18,0,0,0
40.75,-73.9919,22,0,0,0
40.7526,-73.9812,16,0,0,0
40.6914,-73.9977,12,1,0,0
40.6814,-73.9277,6,0,0,0
40.764,-73.9763,21,0,0,0
40.7513,-73.9942,11,1,0,0
40.7397,-73.9826,12,0,0,0
40.7374,-74.0083,15,0,0,0
40.6655,-73.9926,7,0,0,0
40.7732,-73.955,7,0,0,0
40.7358,-73.998,16,0,0,0
40.7707,-73.8656,11,0,0,0
40.6759,-74.4135,13,0,-1,-1
40.7627,-73.9803,18,0,0,0
40.7202,-74.0085,22,0,0,0
40.7239,-74.0042,15,0,0,0
40.7638,-73.9563,16,0,0,0
40.76,-73.9669,20,0,0,0
40.7052,-74.0178,22,0,0,0
40.7229,-73.989,5,0,0,0
40.7638,-73.9764,8,1,0,0
40.711,-73.9684,22,0,0,0
40.7511,-73.9852,21,0,0,0
40.7577,-73.9739,17,0,0,0
40.8024,-73.9638,23,0,0,0
40.7213,-73.9816,5,0,0,0
40.6975,-73.9312,5,1,0,0
40.7547,-74.0071,19,1,0,0
40.7089,-73.7361,4,0,0,-1
40.7334,-74.0046,8,0,0,0
40.741,-74.0017,23,0,0,0
40.7578,-73.9773,15,0,0,0
40.7299,-73.999,20,1,0,0
40.7603,-73.9738,19,0,0,0
40.7681,-73.9679,19,1,0,0
40.7337,-74.0029,22,0,0,0
40.6978,-73.9123,21,0,0,0
40.7508,-73.9945,17,1,0,0
40.7614,-73.9899,13,1,0,0
40.7397,-74.0065,22,0,0,0
40.712,-73.9525,19,1,0,0
40.7767,-73.9773,17,0,0,0
40.714,-74.0093,17,0,0,0
40.7282,-73.9879,20,0,0,0
40.7725,-73.8302,15,0,0,0
40.7169,-74.0123,7,0,0,0
40.7442,-73.9956,12,0,0,0
40.7115,-74.0155,17,0,0,0
40.7306,-74.009,16,1,0,0
40.7157,-73.9906,5,0,0,0
40.7348,-74.1649,10,0,1,1
40.7544,-73.9721,21,0,0,0
40.7024,-74.0127,16,1,0,0
40.7584,-73.9769,17,0,0,0
40.7625,-73.9941,18,0,0,0
40.751,-73.9906,15,0,0,0
40.7852,-73.9577,22,0,0,0
40.7325,-73.9901,15,0,0,0
40.724,-73.9963,13,0,0,0
40.6879,-74.1814,15,1,1,1
40.7832,-73.9488,9,0,0,0
40.6075,-73.7395,14,0,2,5
40.6945,-73.9711,12,0,0,0
40.7261,-73.995,0,0,0,0
40.6894,-73.994,9,0,0,0
40.7614,-73.9731,19,0,0,0
40.7879,-73.9758,6,1,0,0
40.7671,-73.9618,17,0,0,0
40.7615,-73.9638,10,0,0,0
40.7541,-73.9822,19,0,0,0
40.7332,-74.0064,16,0,0,0
40.761,-73.9731,15,0,0,0
40.7638,-73.982,18,1,0,0
40.7556,-73.9751,19,0,0,0
40.7592,-73.9737,17,0,0,0
40.7246,-73.9941,15,0,0,0
40.7503,-73.9726,22,0,0,0
40.7916,-73.979,16,0,0,0
40.7582,-73.9816,21,0,0,0
40.7759,-73.9763,6,0,0,0
40.745,-73.9307,12,0,0,0
40.7652,-73.977,10,1,0,0
40.7548,-73.9819,22,1,0,0
40.7209,-73.9582,17,0,0,0
40.7713,-73.9622,12,0,0,0
40.6944,-73.9957,14,0,0,0
40.7627,-73.9823,14,0,0,0
40.7593,-73.9683,20,0,0,0
40.7569,-73.967,23,0,0,0
40.7632,-73.9797,22,0,0,0
40.8098,-73.9502,15,0,0,0
40.6611,-74.174,16,1,7,1
40.7301,-73.9978,17,0,0,0
40.7332,-74.003,23,0,0,0
40.6853,-73.9872,22,0,0,0
40.732,-73.994,5,0,0,0
40.7901,-73.9784,15,0,0,0
40.7592,-73.9947,16,1,0,0
40.7214,-73.9476,20,0,0,0
40.7201,-74.0026,18,0,0,0
40.6936,-74.0009,13,1,0,0
40.7209,-74.0042,10,0,0,0
40.7552,-73.9862,20,0,0,0
40.7924,-73.9264,18,0,0,0
40.7588,-73.9617,12,0,0,0
40.7265,-74.0058,18,0,0,0
40.735,-73.9913,14,0,0,0
40.7168,-74.0058,8,0,0,0
40.7204,-73.9967,6,0,0,0
40.751,-73.9348,9,0,0,0
40.7196,-74.0006,13,0,0,0
40.6916,-74.1771,20,1,1,1
40.7672,-73.9903,8,0,0,0
40.713,-73.9574,2,1,0,0
40.7326,-73.9815,8,0,0,0
40.7363,-73.921,9,0,0,0
40.727,-74.0019,22,0,0,0
40.6485,-73.7835,14,0,0,0
40.7145,-74.0149,15,0,0,0
40.7357,-74.0068,17,0,0,0
40.6956,-73.7449,13,1,0,0
40.7622,-73.9954,7,0,0,0
40.7323,-73.9892,7,0,0,0
40.7643,-73.9739,17,0,0,0
40.6655,-73.9523,8,0,0,0
40.7617,-73.9978,16,1,0,0
40.7637,-73.9841,19,0,0,0
40.7973,-73.9704,19,0,0,0
40.6619,-73.4829,21,1,-1,-1
40.7521,-73.9754,14,0,0,0
40.7192,-73.9453,0,1,0,0
40.7444,-74.0066,23,0,0,0
40.7575,-73.9838,19,0,0,0
40.7605,-73.98,14,1,0,0
40.6485,-73.7832,20,0,0,0
40.7253,-74.0004,19,0,0,0
40.7301,-73.9939,14,0,0,0
40.7355,-73.9939,17,0,0,0
40.751,-73.9826,15,0,0,0
40.7228,-73.9983,20,0,0,0
40.8181,-73.9444,8,0,0,0
40.4932,-74.4437,21,0,-1,-1
40.7611,-73.9851,15,1,0,0
40.7391,-74.0318,17,0,0,0
40.7598,-73.9873,7,0,0,0
40.7341,-73.9778,3,1,0,0
40.756,-73.9707,17,0,0,0
40.7646,-73.977,8,0,0,0
40.7744,-73.9796,8,0,0,0
40.728,-73.9909,12,1,0,0
40.7554,-73.9837,17,0,0,0
40.7476,-73.9811,10,0,0,0
40.7259,-74.0075,12,0,0,0
40.7592,-73.9645,7,0,0,0
40.6445,-73.7817,20,1,0,0
40.7857,-73.9762,19,0,0,0
40.7251,-73.9841,0,1,0,0
40.7577,-73.9752,19,0,0,0
40.7403,-74.0043,7,0,0,0
40.7571,-73.9733,18,0,0,0
40.7434,-73.9936,14,0,0,0
40.616,-73.9227,13,0,0,0
40.7419,-73.9789,19,1,0,0
40.6848,-73.9702,18,1,0,0
40.7642,-73.9982,2,0,0,0
40.7252,-73.9998,16,0,0,0
40.7738,-73.988,6,0,0,0
40.7426,-73.993,15,0,0,0
40.7016,-73.9382,11,0,0,0
40.7268,-73.9779,5,1,0,0
40.7355,-73.9915,18,0,0,0
40.7417,-73.9333,16,0,0,0
40.7289,-73.9809,17,1,0,0
40.7592,-73.9955,12,1,0,0
40.7004,-73.922,2,1,0,0
40.7557,-73.9762,17,0,0,0
40.728,-73.993,21,1,0,0
40.7128,-73.9588,19,0,0,0
40.643,-73.789,18,0,0,0
40.7399,-74.0068,14,1,0,0
40.7864,-73.9685,5,0,0,0
40.713,-74.0082,20,0,0,0
40.7618,-73.9727,17,0,0,0
40.7497,-74.0048,16,0,0,0
40.75,-73.9844,22,1,0,0
40.7384,-73.9992,6,0,0,0
40.7376,-74.0041,21,0,0,0
40.6448,-73.782,14,0,0,0
40.7165,-74.0024,15,0,0,0
40.7643,-73.9735,17,0,0,0
40.7509,-73.9906,15,0,0,0
40.7494,-73.9771,16,0,0,0
40.7386,-73.9824,22,0,0,0
40.7649,-73.9536,0,0,0,0
40.7602,-73.9843,3,1,0,0
40.7492,-73.9919,19,0,0,0
40.7593,-73.9867,18,0,0,0
40.7171,-74.0036,14,0,0,0
40.7311,-74.0084,12,0,0,0
40.7652,-73.9833,6,0,0,0
40.7149,-73.8232,5,1,0,0
40.7434,-73.9891,20,0,0,0
40.7661,-73.9836,20,1,0,0
40.7215,-74.0048,12,1,0,0
40.7276,-73.9934,5,0,0,0
40.639,-73.9668,5,0,0,0
40.6683,-73.9162,10,0,0,0
40.7767,-73.9848,9,1,0,0
40.7538,-73.9858,6,0,0,0
40.7327,-73.9775,4,1,0,0
40.7349,-73.991,12,0,0,0
40.7683,-73.9826,20,1,0,0
40.7245,-74.0084,19,0,0,0
40.7756,-73.956,20,1,0,0
40.7502,-73.9948,18,0,0,0
40.6815,-73.994,23,1,0,0
40.74,-73.9798,8,0,0,0
40.7152,-74.0144,18,0,0,0
40.6602,-73.8403,19,0,0,0
40.7676,-73.9908,23,0,0,0
40.7458,-73.9019,22,1,0,0
40.7497,-73.9717,1,0,0,0
40.7515,-73.9939,20,1,0,0
40.7888,-73.9757,6,0,0,0
40.7408,-73.9873,21,0,0,0
40.7393,-73.9901,9,0,0,0
40.7508,-73.9875,11,1,0,0
40.7783,-73.9528,6,0,0,0
40.7038,-74.0072,16,0,0,0
40.7483,-74.0056,15,0,0,0
40.7209,-74.003,11,0,0,0
40.7347,-74.0091,8,0,0,0
40.7872,-73.9563,22,0,0,0
40.7482,-73.9734,12,0,0,0
40.7043,-74.0075,16,1,0,0
40.716,-74.0152,20,1,0,0
40.7609,-73.9678,15,0,0,0
40.7514,-73.994,7,0,0,0
40.6752,-73.9503,22,1,0,0
40.7395,-74.0042,18,0,0,0
40.7391,-73.9931,16,0,0,0
40.7695,-73.9748,15,0,0,0
40.6464,-73.7902,15,0,0,0
40.7587,-73.9643,12,0,0,0
40.7338,-74.0014,16,1,0,0
40.7208,-73.9567,21,1,0,0
40.7642,-73.9586,9,1,0,0
40.7092,-74.0054,21,1,0,0
40.7604,-73.9757,15,1,0,0
40.7595,-73.9731,23,0,0,0
40.7249,-73.9514,21,0,0,0
40.6816,-74.0019,20,0,0,0
40.7732,-73.8855,17,0,0,0
40.7732,-73.952,8,0,0,0
40.7764,-73.9616,13,0,0,0
40.7514,-73.9858,3,0,0,0
40.6726,-73.9523,19,0,0,0
40.7466,-74.0013,19,0,0,0
40.6801,-73.9635,6,0,0,0
40.7069,-74.005,10,0,0,0
40.6678,-73.9978,11,1,0,0
40.6508,-73.9779,17,1,0,0
40.7375,-73.9895,14,0,0,0
40.6943,-73.9915,5,0,0,0
40.6542,-73.949,8,1,0,0
40.7448,-73.9858,15,0,0,0
40.8091,-73.9464,5,1,0,0
40.7272,-74.0033,17,0,0,0
40.7428,-73.9871,19,0,0,0
40.7417,-73.9919,9,0,0,0
40.7285,-73.9956,0,0,0,0
40.7647,-73.9896,16,0,0,0
40.6444,-73.782,17,1,0,0
40.7321,-73.9845,13,1,0,0
40.7319,-73.986,17,1,0,0
40.8184,-73.9605,18,1,0,0
40.7589,-73.9646,21,0,0,0
40.7773,-73.95,14,0,0,0
40.6483,-73.7827,11,0,0,0
40.7777,-73.9548,5,0,0,0
40.7222,-74.0006,15,1,0,0
40.7038,-74.0116,14,0,0,0
40.7171,-74.0142,8,1,0,0
40.6773,-73.9621,22,1,0,0
40.7434,-74.036,15,1,0,0
40.7223,-73.9872,0,1,0,0
40.7287,-73.9803,11,0,0,0
40.6871,-73.9901,13,1,0,0
40.7457,-74.0076,17,0,0,0
40.716,-74.0153,12,1,0,0
40.7626,-73.9966,16,1,0,0
40.7272,-73.9827,23,0,0,0
40.7786,-73.9888,17,0,0,0
40.7745,-73.8723,21,1,0,0
40.7366,-74.0052,20,1,0,0
40.7672,-73.9687,16,0,0,0
40.7139,-74.009,21,0,0,0
40.7561,-73.9911,17,1,0,0
40.7774,-73.9522,9,0,0,0
40.7721,-73.9202,11,0,0,0
40.7333,-74.0049,6,0,0,0
40.7082,-74.0064,18,0,0,0
40.7385,-73.9916,22,0,0,0
40.7339,-73.99,14,0,0,0
40.6878,-73.9179,1,1,0,0
40.7713,-73.8661,19,0,0,0
40.6736,-73.9672,15,1,0,0
40.7405,-74.0057,22,0,0,0
40.7531,-73.9721,20,0,0,0
40.7672,-73.9542,8,1,0,0
40.7501,-74.0025,21,0,0,0
40.7289,-74.0092,16,0,0,0
40.7767,-73.9466,21,0,0,0
40.7857,-73.9765,23,1,0,0
40.6467,-73.9623,6,0,0,0
40.7372,-73.9868,9,0,0,0
40.7903,-73.9753,7,0,0,0
40.7199,-73.9884,19,0,0,0
40.6415,-73.7881,19,1,0,0
40.7443,-73.9762,8,0,0,0
40.7669,-73.9689,13,0,0,0
40.7634,-73.9778,20,0,0,0
40.7385,-73.9885,23,0,0,0
40.7505,-73.9915,18,1,0,0
40.7588,-73.9817,17,0,0,0
40.7594,-73.9732,19,0,0,0
40.7386,-73.9854,0,0,0,0
40.7622,-73.9748,20,0,0,0
40.7259,-73.9455,0,1,0,0
40.7261,-73.98,6,0,0,0
40.7592,-73.9676,20,0,0,0
40.73,-73.99,2,1,0,0
40.7174,-73.9992,18,0,0,0
40.757,-73.9272,7,0,0,0
40.7296,-73.9748,8,0,0,0
40.6691,-73.9874,11,0,0,0
40.7513,-74.0067,12,0,0,0
40.6751,-74.0166,12,0,0,0
40.7752,-73.9779,6,0,0,0
40.7067,-74.007,8,0,0,0
40.7224,-74.0098,20,0,0,0
40.7443,-73.9839,17,1,0,0
40.7442,-73.9959,8,0,0,0
40.774,-73.8718,21,1,0,0
40.7732,-73.8855,21,0,0,0
40.6978,-73.9308,23,0,0,0
40.7177,-73.959,13,1,0,0
40.7557,-73.9821,7,0,0,0
40.756,-73.9847,16,0,0,0
40.8718,-73.8843,13,1,0,0
40.7266,-73.9773,7,0,0,0
40.7566,-73.9856,18,0,0,0
40.7625,-73.9711,12,0,0,0
40.7447,-73.9821,16,0,0,0
40.7194,-73.9976,21,0,0,0
40.7741,-73.8721,18,1,0,0
40.6446,-73.783,16,0,0,0
40.7444,-73.9957,19,0,0,0
40.7755,-73.9623,15,0,0,0
40.7197,-73.9995,12,0,0,0
40.7139,-74.0067,11,1,0,0
40.7595,-73.9678,16,0,0,0
40.7248,-73.9807,5,0,0,0
40.6794,-74.0118,22,0,0,0
40.6446,-73.7821,14,0,0,0
40.7393,-74.0064,7,0,0,0
40.7586,-73.9727,13,0,0,0
40.7456,-73.9877,15,0,0,0
40.7096,-74.0101,4,0,0,0
40.7453,-74.0044,19,0,0,0
40.7779,-73.9779,9,0,0,0
40.7281,-73.8618,5,0,0,0
40.7082,-74.0145,22,0,0,0
40.7544,-73.9923,16,0,0,0
40.742,-73.9847,16,0,0,0
40.7672,-73.8827,14,1,0,0
40.753,-74.0073,18,0,0,0
40.7173,-74.0028,8,0,0,0
40.7396,-73.9874,11,0,0,0
40.7742,-73.9614,11,0,0,0
40.8472,-73.9381,12,1,0,0
40.7413,-73.9792,18,0,0,0
40.6831,-73.9811,20,0,0,0
40.7386,-74.0081,16,0,0,0
40.7739,-73.8725,17,0,0,0
40.7514,-73.8888,8,0,0,0
40.7768,-73.953,6,0,0,0
40.694,-73.9484,17,0,0,0
40.7491,-73.9923,8,0,0,0
40.7638,-73.9961,11,0,0,0
40.687,-73.9509,19,0,0,0
40.7227,-73.9831,22,1,0,0
40.6458,-73.7768,17,0,0,0
40.7254,-73.9843,1,1,0,0
40.7556,-73.9823,15,0,0,0
40.7816,-73.9488,9,0,0,0
40.7471,-73.9872,19,0,0,0
40.704,-73.9865,13,0,0,0
40.7241,-73.9979,1,1,0,0
40.7488,-73.9738,8,1,0,0
40.753,-73.9838,3,0,0,0
40.755,-73.9754,15,0,0,0
40.7114,-73.934,20,1,0,0
40.7132,-74.0072,18,0,0,0
40.7636,-73.9651,15,0,0,0
40.7061,-74.013,9,0,0,0
40.7062,-74.009,21,0,0,0
40.7598,-73.9783,15,0,0,0
40.7526,-73.965,12,0,0,0
40.7609,-73.9755,19,0,0,0
40.6876,-74.1814,13,0,1,1
40.7397,-73.9844,22,0,0,0
40.7219,-73.9933,20,0,0,0
40.7388,-73.9886,21,0,0,0
40.76,-73.9857,21,1,0,0
40.7635,-73.9928,20,0,0,0
40.6754,-73.9887,15,0,0,0
40.765,-73.9766,19,0,0,0
40.7907,-73.9767,11,0,0,0
40.6977,-73.9309,20,0,0,0
40.7155,-74.0145,15,0,0,0
40.7361,-73.9881,23,1,0,0
40.7174,-74.016,17,0,0,0
40.7356,-73.9928,20,0,0,0
40.7527,-73.993,13,0,0,0
40.6156,-74.0311,4,0,0,0
40.7609,-73.9734,16,0,0,0
40.6569,-73.9536,6,0,0,0
40.7694,-73.9598,14,1,0,0
40.7642,-73.9747,1,1,0,0
40.7636,-73.9777,22,0,0,0
40.7247,-73.9957,18,0,0,0
40.7552,-73.9819,11,0,0,0
40.7528,-73.9695,18,1,0,0
40.7651,-73.9617,10,0,0,0
40.7624,-73.9963,6,0,0,0
40.7389,-73.9892,18,0,0,0
40.7612,-73.9815,19,0,0,0
40.7243,-73.9786,3,1,0,0
40.7627,-73.9724,18,0,0,0
40.7451,-73.9947,7,0,0,0
40.7893,-73.9757,12,0,0,0
40.6932,-73.9719,3,0,0,0
40.7887,-73.9753,15,0,0,0
40.7356,-74.0034,16,0,0,0
40.7323,-73.9986,8,0,0,0
40.7105,-73.9835,20,0,0,0
40.7596,-73.9753,20,0,0,0
40.7234,-73.9526,22,0,0,0
40.7338,-73.9772,17,0,0,0
40.7211,-73.9943,4,0,0,0
40.7684,-73.9553,20,0,0,0
40.749,-73.9922,12,1,0,0
40.7392,-73.9797,13,0,0,0
40.6466,-73.79,15,0,0,0
40.7616,-73.972,11,0,0,0
40.7494,-73.9818,13,0,0,0
40.7256,-73.9499,20,0,0,0
40.764,-73.9567,17,0,0,0
40.9947,-73.8198,1,1,-1,-1
40.7561,-73.9765,14,0,0,0
40.7247,-73.9878,17,1,0,0
40.7846,-73.9521,14,0,0,0
40.7663,-73.9694,15,0,0,0
40.7665,-73.9781,9,0,0,0
40.7458,-73.9887,21,0,0,0
40.7645,-73.9954,14,0,0,0
40.7539,-73.9808,16,0,0,0
40.6886,-73.9561,3,1,0,0
40.7562,-73.9753,17,0,0,0
40.8627,-73.9288,7,0,0,0
40.6652,-73.9897,23,0,0,0
40.8676,-73.8533,18,0,0,0
40.769,-73.9826,19,0,0,0
40.7429,-74.0078,21,0,0,0
40.7661,-73.9819,10,0,0,0
40.7553,-73.9735,22,1,0,0
40.7541,-73.9891,20,0,0,0
40.7149,-74.0062,23,0,0,0
40.7402,-73.9905,23,0,0,0
40.7297,-74.0008,13,1,0,0
40.7751,-73.9651,16,0,0,0
40.7498,-73.9109,16,0,0,0
40.7103,-73.9487,8,0,0,0
40.7696,-73.962,7,0,0,0
40.7429,-73.9865,15,0,0,0
40.7561,-73.9907,20,0,0,0
40.7057,-74.0102,7,0,0,0
40.763,-73.9936,1,1,0,0
40.7228,-74.0034,8,0,0,0
40.676,-73.9752,10,1,0,0
40.7459,-73.9822,17,0,0,0
40.6806,-73.9751,16,0,0,0
40.7335,-74.0055,15,1,0,0
40.6783,-73.9487,9,1,0,0
40.717,-74.0027,10,0,0,0
40.7639,-73.9733,15,0,0,0
40.7452,-73.9823,12,0,0,0
40.7535,-73.9849,15,0,0,0
40.7153,-73.9899,23,0,0,0
40.7383,-73.992,13,0,0,0
40.7741,-73.9658,19,0,0,0
40.7164,-73.9592,19,0,0,0
40.7429,-73.9844,21,0,0,0
40.7247,-74.0077,8,0,0,0
40.7215,-73.9429,16,1,0,0
40.7579,-73.9755,16,0,0,0
40.6849,-73.9142,16,0,0,0
40.7658,-73.9783,14,0,0,0
40.7687,-73.9541,21,0,0,0
40.6939,-73.9991,7,0,0,0
40.7589,-73.9896,19,1,0,0
40.7741,-73.9627,15,0,0,0
40.7369,-74.0041,5,0,0,0
40.7171,-73.9956,9,0,0,0
40.7703,-73.865,10,0,0,0
40.745,-73.9764,21,1,0,0
40.8354,-73.9389,20,0,0,0
40.7279,-73.9882,12,0,0,0
40.754,-73.9786,0,0,0,0
40.7394,-73.9955,9,1,0,0
40.7159,-74.0016,0,0,0,0
40.7054,-74.0102,20,0,0,0
40.7168,-73.9656,18,1,0,0
40.7351,-73.9889,12,1,0,0
40.7228,-74.0034,22,0,0,0
40.7536,-73.9809,19,0,0,0
40.8995,-73.901,11,0,0,0
40.7727,-73.9586,21,1,0,0
40.7559,-73.9829,20,1,0,0
40.765,-73.9632,5,0,0,0
40.7492,-73.9804,10,0,0,0
40.678,-73.9795,15,0,0,0
40.7683,-73.8621,21,0,0,0
40.7094,-74.012,13,0,0,0
40.8117,-73.9399,20,0,0,0
40.8611,-73.9704,2,1,0,0
40.7644,-73.9958,18,0,0,0
40.7181,-73.9753,8,0,0,0
40.7536,-73.9771,20,0,0,0
40.7411,-73.9961,23,1,0,0
40.7698,-73.9517,12,0,0,0
40.745,-73.9887,8,0,0,0
40.7669,-73.9618,20,1,0,0
40.7232,-74.008,22,0,0,0
40.6933,-73.9737,16,1,0,0
40.7643,-73.9811,23,0,0,0
40.7306,-74.0067,20,0,0,0
40.5815,-73.9755,6,0,0,0
40.7602,-73.9848,22,0,0,0
40.7586,-73.9697,21,0,0,0
40.7232,-73.7205,8,0,0,0
40.7641,-73.9784,5,0,0,0
40.7241,-74.0083,20,1,0,0
40.7644,-73.9766,14,1,0,0
40.6457,-73.7767,4,0,0,0
40.7043,-74.0116,18,0,0,0
40.7678,-73.9589,19,0,0,0
40.7429,-73.9925,14,0,0,0
40.7242,-73.9887,23,1,0,0
40.7612,-73.9778,22,0,0,0
40.7249,-73.9994,13,0,0,0
40.7625,-73.9737,15,1,0,0
40.7376,-74.3667,21,0,-1,-1
40.7637,-73.9565,21,0,0,0
40.7543,-73.9757,23,0,0,0
40.7251,-74.0059,19,0,0,0
40.6467,-73.958,10,0,0,0
40.694,-73.9993,16,0,0,0
40.7533,-73.9929,16,0,0,0
40.7686,-73.8626,11,1,0,0
40.7533,-73.9793,19,0,0,0
40.7037,-74.0109,13,0,0,0
40.7583,-73.9708,10,0,0,0
40.7301,-74.0004,22,1,0,0
40.7625,-73.9792,19,0,0,0
40.739,-73.977,17,0,0,0
40.7616,-73.9648,11,0,0,0
40.7243,-73.9831,16,0,0,0
40.6464,-73.7899,10,0,0,0
40.7468,-73.9785,1,1,0,0
40.7388,-73.9927,12,0,0,0
40.7428,-73.9774,14,0,0,0
40.8288,-73.9481,17,1,0,0
40.7655,-73.9838,3,1,0,0
40.7467,-73.9847,12,0,0,0
40.7595,-73.9662,17,1,0,0
40.6456,-73.7768,13,0,0,0
40.7428,-74.0076,21,0,0,0
40.7407,-73.9979,19,0,0,0
40.6456,-73.7767,13,0,0,0
40.7324,-73.9968,9,0,0,0
40.7205,-73.959,16,0,0,0
40.6879,-73.9477,9,0,0,0
40.7162,-74.0125,11,0,0,0
40.71,-73.9685,5,0,0,0
40.753,-73.9893,17,0,0,0
40.7585,-73.9654,19,1,0,0
40.7534,-73.9747,15,0,0,0
40.7349,-73.9893,9,0,0,0
40.7052,-74.0075,15,0,0,0
40.6846,-73.9644,22,1,0,0
40.7565,-74.0016,16,0,0,0
40.695,-73.9325,8,0,0,0
40.7512,-74.0067,10,0,0,0
40.7846,-73.9561,12,0,0,0
40.7559,-73.9138,1,0,0,0
40.7779,-73.9748,20,0,0,0
40.7709,-73.8658,22,0,0,0
40.7049,-74.0121,20,0,0,0
40.7629,-73.9677,14,0,0,0
40.7606,-73.9731,16,0,0,0
40.7284,-73.9997,8,0,0,0
40.7244,-73.9908,23,0,0,0
40.8254,-73.9252,5,0,0,0
40.7846,-73.9582,15,0,0,0
40.7862,-73.9784,19,0,0,0
40.7106,-73.9663,14,0,0,0
40.7636,-73.968,13,1,0,0
40.7675,-73.9575,15,0,0,0
40.75,-73.9979,18,0,0,0
40.6963,-73.9831,11,0,0,0
40.6416,-73.7887,13,1,0,0
40.7394,-74.0066,0,1,0,0
40.7413,-73.9911,17,0,0,0
40.7523,-73.9892,21,0,0,0
40.7792,-73.9577,13,1,0,0
40.7738,-73.8719,22,1,0,0
40.7294,-73.9779,17,1,0,0
40.7498,-73.9862,21,0,0,0
40.7626,-73.9574,6,0,0,0
40.7452,-74.006,19,0,0,0
40.7794,-73.9835,10,0,0,0
40.6567,-74.009,19,1,0,0
40.6745,-73.9832,18,1,0,0
40.7739,-73.8716,13,0,0,0
40.7143,-74.0136,18,0,0,0
40.7205,-74.0062,10,0,0,0
40.712,-73.9441,18,0,0,0
40.7127,-74.0083,11,0,0,0
40.7445,-73.9773,9,0,0,0
40.7763,-73.9504,8,0,0,0
40.8275,-73.9259,15,1,0,0
40.7178,-74.0046,9,0,0,0
40.7405,-73.991,10,0,0,0
40.7339,-74.0027,16,1,0,0
40.7258,-74.0008,18,1,0,0
40.7708,-73.961,8,0,0,0
40.7054,-74.0061,19,1,0,0
40.7443,-74.025,22,0,0,0
40.7152,-74.0077,16,0,0,0
40.7609,-73.9997,18,1,0,0
40.7693,-73.9829,23,0,0,0
40.7063,-73.9607,1,0,0,0
40.7339,-73.9805,16,0,0,0
40.7308,-74.0043,7,1,0,0
40.7615,-73.9691,16,0,0,0
40.7032,-73.8003,7,0,0,0
40.7566,-73.9863,16,0,0,0
40.7205,-74.0071,15,0,0,0
40.7448,-73.9817,20,0,0,0
40.9222,-74.0599,15,0,-1,-1
40.7562,-73.982,10,0,0,0
40.7697,-73.9936,13,0,0,0
40.7748,-73.9653,8,0,0,0
40.7482,-73.9763,22,0,0,0
40.759,-73.9708,21,0,0,0
40.6451,-73.7821,0,0,0,0
40.725,-73.9954,20,0,0,0
40.7705,-73.8653,15,0,0,0
40.7257,-74.0055,15,0,0,0
40.8063,-74.0773,16,0,0,-1
40.7203,-73.9551,17,0,0,0
40.7887,-73.9763,15,0,0,0
40.7215,-74.0103,17,0,0,0
40.7398,-74.0006,6,0,0,0
40.7396,-74.0063,17,0,0,0
40.773,-73.9481,7,0,0,0
40.7336,-73.9994,15,0,0,0
40.7494,-73.9715,7,0,0,0
40.8136,-73.9611,23,0,0,0
40.7196,-73.9998,14,0,0,0
40.6906,-74.1775,22,1,1,1
40.7356,-74.0033,7,0,0,0
40.6898,-73.9813,17,0,0,0
40.7566,-73.9744,17,0,0,0
40.7531,-73.9814,8,0,0,0
40.6884,-73.9581,17,1,0,0
40.6815,-73.9757,22,0,0,0
40.7135,-74.0115,16,0,0,0
40.7629,-73.976,21,0,0,0
40.7627,-73.9653,13,0,0,0
40.7272,-73.8592,21,0,0,0
40.7053,-73.9134,16,0,0,0
40.7641,-73.9739,18,1,0,0
40.6994,-73.9921,17,0,0,0
40.7269,-73.9996,13,0,0,0
40.6949,-74.1772,11,0,1,1
40.7567,-73.9669,9,1,0,0
40.7758,-73.9589,17,0,0,0
40.7731,-73.9543,9,0,0,0
40.8541,-73.9348,23,0,0,0
40.6738,-73.9417,22,0,0,0
40.7191,-74.0103,20,0,0,0
40.7804,-73.9558,10,0,0,0
40.7741,-73.8726,19,1,0,0
40.6971,-73.9534,18,0,0,0
40.7678,-73.9678,17,0,0,0
40.7504,-73.9796,16,0,0,0
40.7964,-73.9721,8,0,0,0
40.7585,-73.975,18,0,0,0
40.758,-73.9689,18,0,0,0
40.715,-74.0158,16,0,0,0
40.6209,-73.7313,8,0,2,-1
40.7032,-74.0111,21,0,0,0
40.789,-74.1717,21,1,-1,-1
40.7144,-74.0143,14,0,0,0
40.7587,-73.9659,7,0,0,0
40.7708,-73.9477,18,1,0,0
40.6449,-73.7821,6,1,0,0
40.7288,-73.9844,18,0,0,0
40.7561,-73.9726,7,1,0,0
40.7707,-73.9668,14,0,0,0
40.7447,-74.0083,15,0,0,0
40.7016,-73.9898,0,1,0,0
40.7257,-73.9966,11,0,0,0
40.7256,-73.9844,20,0,0,0
40.7224,-73.987,0,0,0,0
40.7595,-73.9956,7,1,0,0
40.7633,-73.9593,20,0,0,0
40.7309,-73.9932,22,0,0,0
40.7685,-73.8626,15,0,0,0
40.7775,-73.9634,6,0,0,0
40.7546,-73.993,18,0,0,0
40.7056,-74.008,10,0,0,0
40.7597,-73.9901,8,1,0,0
40.7448,-73.9799,22,1,0,0
40.76,-73.8987,16,0,0,0
40.6936,-73.9819,5,0,0,0
40.7169,-74.0124,16,0,0,0
40.7373,-73.9903,19,0,0,0
40.7639,-73.9789,16,0,0,0
40.6448,-73.7818,23,1,0,0
40.6461,-73.7768,4,0,0,0
40.7102,-74.01,13,0,0,0
40.7735,-73.9632,16,0,0,0
40.6835,-73.9478,7,0,0,0
40.7742,-73.8729,17,1,0,0
40.74,-74.0058,8,0,0,0
40.7349,-73.9987,23,1,0,0
40.7552,-73.9788,18,0,0,0
40.7107,-73.9664,6,0,0,0
40.7347,-73.8545,12,1,0,0
40.7168,-74.0062,15,0,0,0
40.7629,-73.981,15,1,0,0
40.7588,-73.9798,16,1,0,0
40.7152,-73.9927,11,0,0,0
40.7216,-74.0065,21,0,0,0
40.7703,-73.961,7,0,0,0
40.7417,-74.0043,18,0,0,0
40.7277,-74.0096,15,0,0,0
40.7116,-74.0141,7,0,0,0
40.7504,-73.9947,18,0,0,0
40.7539,-73.9834,22,0,0,0
40.6804,-73.9678,20,0,0,0
40.7698,-73.8644,20,1,0,0
40.7685,-73.9822,18,1,0,0
40.7073,-74.0138,19,1,0,0
40.7632,-73.9804,18,1,0,0
40.7341,-73.9898,9,0,0,0
40.7518,-73.9886,17,0,0,0
40.7231,-74.008,12,0,0,0
40.783,-73.9734,9,0,0,0
40.7329,-73.9878,16,0,0,0
40.742,-73.9979,10,1,0,0
40.6448,-73.7822,6,0,0,0
40.7199,-73.9999,23,0,0,0
40.7516,-73.9823,16,0,0,0
40.7382,-74.0084,7,0,0,0
40.7299,-74.0035,9,0,0,0
40.7554,-73.9748,20,0,0,0
40.735,-74.0025,7,0,0,0
40.7468,-73.985,7,0,0,0
40.7402,-74.0059,0,1,0,0
40.6175,-73.9461,10,0,0,0
40.7572,-73.9839,17,0,0,0
40.7419,-73.9822,13,1,0,0
40.6654,-73.9342,21,1,0,0
40.7385,-73.9855,12,0,0,0
40.7518,-73.9738,16,0,0,0
40.6829,-73.9493,13,0,0,0
40.7406,-74.0058,14,0,0,0
40.7258,-74.004,16,0,0,0
40.6801,-73.9971,11,1,0,0
40.7273,-73.9797,18,0,0,0
40.6946,-73.991,8,0,0,0
40.7344,-73.9924,16,1,0,0
40.7253,-73.9951,15,1,0,0
40.7493,-73.9805,16,1,0,0
40.6461,-73.7806,21,0,0,0
40.6467,-73.7784,11,0,0,0
40.7181,-74.01,5,0,0,0
40.7352,-73.9544,14,1,0,0
40.8879,-73.9472,10,0,0,0
40.7868,-73.9683,14,0,0,0
40.7202,-73.7988,5,1,0,0
40.6436,-73.7895,16,0,0,0
40.746,-73.9448,12,0,0,0
40.7295,-73.9803,6,0,0,0
40.7551,-73.9636,9,0,0,0
40.7493,-73.9772,21,0,0,0
40.7269,-73.9781,6,0,0,0
40.7053,-74.0172,16,1,0,0
40.7275,-73.9793,9,1,0,0
40.7675,-73.9613,14,0,0,0
40.7411,-73.979,10,0,0,0
40.7227,-73.983,11,0,0,0
40.7823,-73.9557,18,0,0,0
40.7141,-74.0096,13,1,0,0
40.7635,-73.9792,16,0,0,0
40.7512,-74.0059,15,0,0,0
40.7639,-73.976,19,0,0,0
40.7178,-73.9592,12,1,0,0
40.7295,-73.9896,21,0,0,0
40.751,-73.9783,9,0,0,0
40.8087,-73.9406,16,1,0,0
40.7345,-73.9899,14,0,0,0
40.6997,-73.928,20,1,0,0
40.7533,-74.0264,22,0,0,0
40.6785,-73.9679,11,0,0,0
40.7036,-74.0109,15,0,0,0
40.7406,-74.0019,17,0,0,0
40.6466,-73.7896,1,1,0,0
40.7606,-73.9704,13,0,0,0
40.7581,-73.9706,21,0,0,0
40.7526,-73.9785,20,0,0,0
40.7839,-73.9821,13,0,0,0
40.7427,-73.958,18,0,0,0
40.7387,-73.9923,22,0,0,0
40.79,-73.9733,15,1,0,0
40.7399,-74.0059,18,0,0,0
40.7399,-73.9836,15,0,0,0
40.7074,-74.0043,11,1,0,0
40.7368,-73.8147,19,0,0,0
40.7723,-73.9825,21,1,0,0
40.7987,-73.6739,8,0,6,-1
40.7461,-73.9787,22,1,0,0
40.7315,-73.9885,16,1,0,0
40.6925,-73.979,19,1,0,0
40.7244,-74.0016,19,1,0,0
40.7624,-73.9748,18,0,0,0
40.7225,-73.98,17,0,0,0
40.7566,-73.9891,16,0,0,0
40.6949,-73.9833,6,0,0,0
40.7197,-73.9948,7,0,0,0
40.7579,-73.9756,16,1,0,0
40.791,-73.9763,5,0,0,0
40.6846,-73.9919,22,1,0,0
40.6417,-73.7888,6,0,0,0
40.7389,-73.9898,19,0,0,0
40.7612,-73.9716,16,0,0,0
40.7784,-73.9488,9,0,0,0
40.7548,-73.999,16,0,0,0
40.7593,-73.9791,16,0,0,0
40.7033,-74.0143,22,0,0,0
40.7766,-73.9763,11,1,0,0
40.632,-73.9448,5,0,0,0
40.7317,-74.0073,19,0,0,0
40.7375,-73.9859,19,1,0,0
40.7046,-74.0095,19,1,0,0
40.7536,-73.9882,14,0,0,0
40.7502,-73.9762,18,0,0,0
40.7009,-73.9423,9,0,0,0
40.7471,-73.9896,16,0,0,0
40.7721,-73.886,15,1,0,0
40.7186,-74.0079,18,0,0,0
40.724,-73.9972,8,0,0,0
40.7779,-74.3079,21,1,-1,-1
40.7793,-73.9558,6,0,0,0
40.7113,-73.9483,0,0,0,0
40.6912,-73.9863,16,1,0,0
40.7474,-73.9853,18,0,0,0
40.7272,-74.0055,17,0,0,0
40.7488,-73.9737,5,0,0,0
40.7513,-73.9828,15,0,0,0
40.6719,-74.0104,15,0,0,0
40.7485,-73.7196,20,0,0,-1
40.6776,-73.9485,8,0,0,0
40.744,-73.9919,14,1,0,0
40.7631,-73.9699,20,0,0,0
40.7553,-73.9808,20,0,0,0
40.7453,-74.0078,14,0,0,0
40.6438,-73.7833,15,0,0,0
40.7735,-73.9594,7,0,0,0
40.7149,-73.9387,16,1,0,0
40.6876,-73.9776,20,1,0,0
40.793,-73.9755,7,0,0,0
40.7782,-73.9605,18,0,0,0
40.7081,-74.0163,21,1,0,0
40.7579,-73.9713,16,0,0,0
40.7024,-73.9843,16,0,0,0
40.7149,-74.0063,5,0,0,0
40.6447,-73.7819,23,0,0,0
40.7182,-74.003,7,0,0,0
40.7189,-74.0109,10,0,0,0
40.774,-73.9823,17,1,0,0
40.6955,-74.1777,23,0,1,1
40.741,-74.0054,3,1,0,0
40.7555,-73.9684,21,0,0,0
40.7358,-74.0051,11,0,0,0
40.7432,-74.003,17,0,0,0
40.7255,-73.9876,15,0,0,0
40.7483,-73.9917,12,0,0,0
40.725,-73.9873,21,0,0,0
40.7651,-73.9804,21,0,0,0
40.6748,-73.9668,19,0,0,0
40.7873,-73.979,20,0,0,0
40.7462,-74.0027,18,1,0,0
40.774,-73.8726,19,0,0,0
40.7827,-73.9835,16,0,0,0
40.6526,-73.9605,18,0,0,0
40.7709,-73.8659,16,0,0,0
40.7591,-73.9888,7,0,0,0
40.7378,-73.9881,13,0,0,0
40.7468,-73.9857,13,1,0,0
40.7391,-73.9912,18,0,0,0
40.6947,-74.1779,13,0,1,1
40.7184,-73.9929,9,0,0,0
40.7411,-73.9863,16,0,0,0
40.7471,-73.9814,18,0,0,0
40.6889,-73.9051,20,0,0,0
40.7587,-73.9855,19,0,0,0
40.7335,-74.0063,20,0,0,0
40.7615,-73.9819,14,0,0,0
40.7937,-73.9794,17,0,0,0
40.7256,-73.9777,7,0,0,0
40.6484,-73.7833,19,0,0,0
40.6774,-74.015,23,1,0,0
40.7557,-73.9686,1,0,0,0
40.737,-73.9019,6,0,0,0
40.7773,-73.7271,13,0,0,0
40.7627,-73.9788,23,0,0,0
40.7608,-73.9848,16,1,0,0
40.765,-73.9614,14,0,0,0
40.781,-73.9762,21,0,0,0
40.7315,-74.0031,0,1,0,0
40.7634,-73.9848,22,0,0,0
40.6416,-73.7888,14,0,0,0
40.7405,-74.0056,22,0,0,0
40.7376,-74.0092,18,1,0,0
40.6838,-73.9933,9,0,0,0
40.7501,-73.9942,23,1,0,0
40.7395,-73.991,16,0,0,0
40.759,-73.9871,16,0,0,0
40.7789,-73.9623,12,1,0,0
40.6602,-73.9426,7,1,0,0
40.7207,-74.0019,5,0,0,0
40.7109,-73.96,2,0,0,0
40.7677,-73.9614,18,1,0,0
40.7211,-74.0012,15,0,0,0
40.6818,-73.9903,18,0,0,0
40.7607,-73.9647,17,1,0,0
40.8065,-73.9659,21,0,0,0
40.7452,-74.0021,23,0,0,0
40.7558,-73.9844,17,0,0,0
40.7515,-73.9858,20,0,0,0
40.7675,-73.9807,13,0,0,0
40.7368,-74.0042,15,0,0,0
40.6418,-73.7888,4,0,0,0
40.7317,-73.9895,7,0,0,0
40.7033,-74.0144,9,0,0,0
40.8053,-73.9672,17,0,0,0
40.7537,-73.9723,17,0,0,0
40.6892,-73.9949,23,0,0,0
40.7678,-73.9617,13,1,0,0
40.7384,-73.9855,18,0,0,0
40.7228,-73.9942,5,0,0,0
40.7541,-73.972,15,0,0,0
40.7617,-73.9902,17,0,0,0
40.7301,-74.0024,18,0,0,0
40.757,-73.9774,14,0,0,0
40.7034,-73.9464,16,0,0,0
40.7607,-73.9799,11,0,0,0
40.7811,-73.9463,12,0,0,0
40.7406,-74.0086,19,0,0,0
40.7378,-73.9975,8,0,0,0
40.7254,-73.993,18,1,0,0
40.6918,-73.9967,15,1,0,0
40.7395,-73.9989,22,0,0,0
40.7739,-73.8715,11,0,0,0
40.724,-74.0365,16,1,0,0
40.7843,-73.9563,14,0,0,0
40.7739,-73.8714,0,0,0,0
40.7453,-73.9863,16,1,0,0
40.727,-73.9784,11,0,0,0
40.7334,-73.9933,8,0,0,0
40.7611,-73.9989,8,0,0,0
40.6971,-73.9932,20,0,0,0
40.7398,-74.0023,22,0,0,0
40.6722,-73.9957,21,0,0,0
40.7518,-73.9821,14,0,0,0
40.7411,-74.0057,22,0,0,0
40.7406,-73.9221,22,0,0,0
40.6416,-73.788,20,0,0,0
40.6898,-73.9662,6,0,0,0
40.6466,-73.7895,23,1,0,0
40.7402,-74.0079,20,0,0,0
40.7199,-73.9879,10,0,0,0
40.7733,-73.9473,10,1,0,0
40.6901,-73.9922,4,0,0,0
40.7536,-73.9845,19,0,0,0
40.7131,-73.9934,10,0,0,0
40.7533,-73.9774,21,1,0,0
40.752,-73.986,19,1,0,0
40.7594,-73.9681,19,0,0,0
40.7664,-73.9802,17,1,0,0
40.7851,-73.9492,20,1,0,0
40.7548,-73.988,9,0,0,0
40.7555,-73.9735,19,0,0,0
40.6448,-73.782,16,1,0,0
40.7252,-73.9952,12,0,0,0
40.7165,-74.0,23,0,0,0
40.7093,-74.01,16,1,0,0
40.7293,-73.9874,18,0,0,0
40.7333,-73.9915,20,0,0,0
40.7397,-73.9854,17,1,0,0
40.7205,-73.9834,12,0,0,0
40.7602,-73.9724,19,0,0,0
40.7504,-73.9947,13,1,0,0
40.7633,-73.9563,17,0,0,0
40.7277,-74.0025,11,1,0,0
40.6647,-73.9399,18,0,0,0
40.7236,-74.0112,12,0,0,0
40.731,-73.9904,16,0,0,0
40.6446,-73.7826,23,0,0,0
40.6835,-73.9756,19,0,0,0
40.7913,-73.9775,17,0,0,0
40.7275,-74.0008,14,1,0,0
40.7313,-74.0027,7,1,0,0
40.7572,-73.9717,15,0,0,0
40.7944,-73.969,18,1,0,0
40.7225,-73.98,16,1,0,0
40.7515,-74.0064,19,0,0,0
40.7732,-73.8855,20,1,0,0
40.7821,-73.9519,6,0,0,0
40.7526,-73.9694,10,1,0,0
40.7319,-74.0013,13,1,0,0
40.6801,-73.996,17,1,0,0
40.7614,-73.9819,21,0,0,0
40.7049,-73.9203,11,1,0,0
40.7404,-74.0061,17,0,0,0
40.7469,-73.9946,21,1,0,0
40.7281,-74.0498,7,0,0,0
40.7207,-74.0084,20,0,0,0
40.762,-73.9854,22,0,0,0
40.7285,-73.9836,4,0,0,0
40.7398,-73.9952,14,0,0,0
40.716,-74.0041,5,0,0,0
40.717,-74.0134,16,0,0,0
40.7346,-73.9799,5,0,0,0
40.7542,-73.9804,14,0,0,0
40.7368,-73.9817,8,0,0,0
40.7381,-73.989,19,0,0,0
40.8297,-73.9479,21,1,0,0
40.7746,-73.984,8,0,0,0
40.7571,-73.9888,11,0,0,0
40.7354,-74.0006,12,1,0,0
40.6588,-73.9982,11,0,0,0
40.7158,-73.9864,20,0,0,0
40.7268,-73.9917,22,0,0,0
40.7531,-73.9965,16,0,0,0
40.8089,-73.9446,21,0,0,0
40.7491,-73.9775,15,0,0,0
40.7545,-73.8458,17,0,0,0
40.7229,-73.9946,15,0,0,0
40.6756,-73.9405,16,0,0,0
40.7566,-73.9738,17,0,0,0
40.6887,-73.971,20,1,0,0
40.6945,-73.9959,16,0,0,0
40.7179,-73.9577,1,1,0,0
40.7582,-73.9891,17,1,0,0
40.7277,-73.995,13,1,0,0
40.7644,-73.9891,13,1,0,0
40.7286,-73.9816,23,0,0,0
40.8032,-73.9488,23,0,0,0
40.7039,-74.0095,18,0,0,0
40.7846,-73.7751,4,0,0,4
40.7648,-73.9533,14,0,0,0
40.7413,-73.9814,8,0,0,0
40.7452,-73.9883,21,0,0,0
40.7658,-73.9609,22,0,0,0
40.6932,-73.9559,13,0,0,0
40.7626,-73.9759,20,0,0,0
40.7183,-73.9538,18,0,0,0
40.7667,-73.9692,12,1,0,0
40.7199,-74.0015,21,0,0,0
40.7734,-73.9451,20,0,0,0
40.6881,-73.9877,19,0,0,0
40.7642,-73.9864,18,0,0,0
40.6934,-73.9887,17,0,0,0
40.6909,-73.9674,18,0,0,0
40.7367,-73.9888,20,1,0,0
40.7869,-73.9811,0,1,0,0
40.7605,-73.9736,10,0,0,0
40.7075,-74.0078,18,0,0,0
40.6937,-73.998,12,1,0,0
40.745,-73.9785,0,0,0,0
40.7211,-74.0026,6,0,0,0
40.7265,-73.9942,19,0,0,0
40.7387,-74.0002,22,0,0,0
40.7995,-73.9555,6,0,0,0
40.7639,-73.9763,19,0,0,0
40.7542,-73.9787,17,0,0,0
40.7242,-73.9928,9,0,0,0
40.8931,-73.8998,15,0,0,0
40.774,-73.8719,10,0,0,0
40.736,-74.0059,15,0,0,0
40.7482,-73.9569,22,0,0,0
40.7719,-73.983,14,0,0,0
40.7457,-74.0053,3,1,0,0
40.7199,-74.0102,22,1,0,0
40.7431,-74.0061,18,0,0,0
40.7897,-73.9753,8,0,0,0
40.7164,-74.0109,10,0,0,0
40.7584,-73.9239,14,1,0,0
40.7831,-73.9553,14,0,0,0
40.7889,-73.9561,6,0,0,0
40.7563,-73.9334,18,0,0,0
40.742,-74.0056,0,1,0,0
40.7284,-73.9878,18,1,0,0
40.7664,-73.9526,12,0,0,0
40.7574,-74.0008,21,0,0,0
40.7272,-74.0073,19,1,0,0
40.7587,-73.9815,15,0,0,0
40.7442,-73.9906,23,1,0,0
40.7338,-74.0016,1,1,0,0
40.705,-73.8341,4,0,0,0
40.739,-73.9955,8,0,0,0
40.7045,-74.0095,17,0,0,0
40.7271,-73.9488,23,1,0,0
40.7418,-74.0044,21,0,0,0
40.7754,-73.9904,11,0,0,0
40.7496,-73.9918,16,0,0,0
40.7715,-73.959,6,0,0,0
40.7113,-74.0085,19,0,0,0
40.7399,-73.9928,20,1,0,0
40.7272,-73.9922,20,0,0,0
40.7672,-73.9352,23,1,0,0
40.7441,-74.0062,17,0,0,0
40.7395,-73.9827,18,1,0,0
40.7346,-73.9755,21,0,0,0
40.7886,-73.971,8,0,0,0
40.7516,-74.0034,7,0,0,0
40.7852,-73.9555,9,1,0,0
40.6925,-73.934,20,0,0,0
40.7678,-73.8677,9,0,0,0
40.7466,-73.956,15,0,0,0
40.7545,-73.9882,20,1,0,0
40.7035,-73.9318,22,1,0,0
40.7549,-73.9635,11,0,0,0
40.7328,-74.0001,22,0,0,0
40.715,-74.0093,9,0,0,0
40.7363,-73.9912,15,1,0,0
40.7071,-74.0089,22,0,0,0
40.7121,-74.0092,13,0,0,0
40.7396,-74.002,21,0,0,0
40.7029,-74.0117,20,0,0,0
40.7448,-73.9848,14,0,0,0
40.7161,-74.0125,1,0,0,0
40.7186,-73.9634,9,0,0,0
40.7712,-73.9643,18,0,0,0
40.7368,-74.0083,8,0,0,0
40.759,-73.973,14,0,0,0
40.754,-73.9959,15,0,0,0
40.7788,-73.9556,16,0,0,0
40.764,-73.9724,13,0,0,0
40.7228,-73.983,12,0,0,0
40.7346,-73.9982,13,1,0,0
40.7185,-73.9948,4,1,0,0
40.691,-73.9946,14,0,0,0
40.7546,-73.9725,19,0,0,0
40.7247,-73.9918,23,0,0,0
40.813,-73.9416,10,0,0,0
40.7529,-73.9812,18,0,0,0
40.7494,-73.977,12,1,0,0
40.7173,-73.9604,6,0,0,0
40.6433,-73.7898,21,0,0,0
40.7409,-73.9802,17,1,0,0
40.7428,-74.0038,13,1,0,0
40.7187,-74.006,19,0,0,0
40.7639,-73.9562,12,0,0,0
40.7703,-73.8659,12,0,0,0
40.7251,-73.9993,15,1,0,0
40.7324,-73.9879,22,0,0,0
40.7586,-73.9674,20,0,0,0
40.7444,-73.914,6,0,0,0
40.7647,-73.9624,13,0,0,0
40.7742,-73.9483,0,1,0,0
40.7302,-74.0081,19,1,0,0
40.7179,-73.9894,23,0,0,0
40.7339,-73.9769,13,1,0,0
40.7326,-73.9587,5,0,0,0
40.7302,-73.9993,17,0,0,0
40.7141,-74.0043,3,1,0,0
40.7355,-73.994,8,0,0,0
40.7834,-73.9589,17,0,0,0
40.7278,-73.9851,13,0,0,0
40.7504,-73.9715,21,1,0,0
40.7444,-73.9761,8,0,0,0
40.7702,-73.8649,22,0,0,0
40.7459,-73.9882,15,0,0,0
40.7715,-73.9884,9,1,0,0
40.7556,-73.9749,18,0,0,0
40.7551,-73.9764,20,0,0,0
40.723,-74.0476,0,1,0,0
40.7589,-73.9726,21,0,0,0
40.6723,-74.0097,11,0,0,0
40.7321,-73.9939,18,0,0,0
40.7577,-73.976,8,0,0,0
40.7614,-73.9742,3,1,0,0
40.7304,-73.9929,14,0,0,0
40.7571,-73.9761,20,0,0,0
40.7611,-73.9635,20,1,0,0
40.7505,-73.9831,18,1,0,0
40.7567,-73.9829,20,0,0,0
40.7377,-74.0328,11,1,0,0
40.7469,-73.9928,6,0,0,0
40.6997,-73.9947,13,0,0,0
40.7605,-73.9674,17,0,0,0
40.7258,-73.9986,17,0,0,0
40.7482,-73.9859,21,0,0,0
40.7718,-73.9827,17,0,0,0
40.7562,-73.9881,10,0,0,0
40.6812,-73.956,11,1,0,0
40.7049,-74.0077,6,0,0,0
40.6951,-74.1783,6,0,1,1
40.73,-73.9745,19,1,0,0
40.7251,-73.9971,17,0,0,0
40.7765,-73.9438,8,0,0,0
40.7836,-73.9515,6,0,0,0
40.7813,-73.9462,7,0,0,0
40.7217,-73.9988,3,0,0,0
40.7327,-73.9576,7,0,0,0
40.7574,-73.9781,18,0,0,0
40.6891,-73.9927,12,0,0,0
40.9054,-73.8966,20,1,0,0
40.7245,-73.9832,13,0,0,0
40.7398,-73.9468,10,0,0,0
40.7016,-73.9675,21,0,0,0
40.7251,-74.003,8,1,0,0
40.8537,-73.7909,20,0,-1,-1
40.7729,-73.9484,0,1,0,0
40.759,-73.9647,20,1,0,0
40.774,-73.8725,19,0,0,0
40.749,-73.9513,19,1,0,0
40.6923,-73.9879,13,0,0,0
40.6415,-73.7885,17,0,0,0
40.7233,-73.9913,20,0,0,0
40.7555,-73.9707,13,1,0,0
40.7578,-73.9821,16,0,0,0
40.7505,-73.9778,13,0,0,0
40.7585,-73.985,9,1,0,0
40.7213,-73.9981,22,0,0,0
40.7695,-73.9578,11,0,0,0
40.7188,-74.0066,22,1,0,0
40.7495,-73.9919,20,0,0,0
40.7462,-73.9142,21,0,0,0
40.7591,-73.992,19,0,0,0
40.7292,-73.9794,17,1,0,0
40.7637,-73.9736,16,0,0,0
40.7529,-73.9933,21,0,0,0
40.7379,-73.9924,10,0,0,0
40.748,-73.9806,16,0,0,0
40.8154,-73.9435,16,1,0,0
40.741,-74.0017,16,0,0,0
40.7311,-73.9842,8,0,0,0
40.7176,-74.0141,14,0,0,0
40.7553,-73.9838,16,1,0,0
40.6657,-73.8061,6,0,0,0
40.7463,-73.9822,20,0,0,0
40.7685,-73.8626,18,0,0,0
40.7245,-73.9957,20,0,0,0
40.7459,-73.9798,18,0,0,0
40.7377,-73.9882,15,0,0,0
40.6857,-74.0024,6,0,0,0
40.7817,-73.9549,16,0,0,0
40.7638,-73.9937,2,0,0,0
40.7757,-73.9624,20,0,0,0
40.7382,-73.9878,22,0,0,0
40.6344,-74.0062,16,1,0,0
40.7218,-74.002,7,0,0,0
40.7407,-73.9787,18,1,0,0
40.7676,-73.9832,0,0,0,0
40.7244,-74.001,9,1,0,0
40.717,-73.9564,11,1,0,0
40.7233,-74.0081,14,0,0,0
40.7421,-73.9851,21,0,0,0
40.76,-73.972,17,0,0,0
40.7392,-73.9898,22,0,0,0
40.7075,-74.0088,0,0,0,0
40.7698,-73.9941,20,0,0,0
40.6638,-73.99,21,1,0,0
40.7236,-74.0112,7,0,0,0
40.6683,-73.9842,9,1,0,0
40.7963,-73.9496,19,0,0,0
40.7362,-73.9746,17,0,0,0
40.752,-74.0018,14,0,0,0
40.7582,-73.9646,14,0,0,0
40.7452,-74.0003,0,1,0,0
40.6773,-73.983,21,1,0,0
40.7107,-73.783,12,1,0,0
40.7019,-73.9899,17,0,0,0
40.7612,-73.9998,11,1,0,0
40.6912,-74.1772,12,0,1,1
40.7554,-73.9752,19,0,0,0
40.7106,-73.9879,8,0,0,0
40.7391,-73.9932,9,0,0,0
40.6439,-73.9198,20,1,0,0
40.6739,-73.964,21,0,0,0
40.7363,-73.9943,17,0,0,0
40.7474,-74.003,8,0,0,0
40.7593,-73.9925,6,0,0,0
40.6466,-73.7898,16,0,0,0
40.7322,-74.0021,19,0,0,0
40.7443,-73.9902,22,1,0,0
40.6951,-74.1772,18,0,1,1
40.7142,-73.994,13,1,0,0
40.7619,-73.9855,9,1,0,0
40.7633,-73.9965,13,1,0,0
40.7633,-73.9752,21,1,0,0
40.7735,-73.9641,13,1,0,0
40.76,-73.9957,11,0,0,0
40.7425,-73.9743,13,1,0,0
40.7606,-73.9716,17,0,0,0
40.6906,-73.995,23,1,0,0
40.763,-73.972,17,0,0,0
40.6447,-73.7824,14,0,0,0
40.7601,-73.967,6,0,0,0
40.7264,-74.002,6,0,0,0
40.7233,-73.9967,19,1,0,0
40.7242,-73.9828,18,1,0,0
40.7686,-73.8625,9,0,0,0
40.7272,-73.9919,1,1,0,0
40.793,-73.9728,13,0,0,0
40.699,-73.959,9,1,0,0
40.7556,-73.9737,15,0,0,0
40.7356,-73.9854,17,0,0,0
40.7455,-73.9908,7,0,0,0
40.7298,-74.0041,18,0,0,0
40.6939,-73.9992,14,1,0,0
40.7413,-74.0059,15,0,0,0
40.7261,-73.9918,9,0,0,0
40.7218,-74.0043,19,0,0,0
40.7257,-73.9922,19,0,0,0
40.7247,-73.9987,22,1,0,0
40.7178,-73.9473,18,1,0,0
40.7444,-73.9536,22,0,0,0
40.6417,-73.7883,14,0,0,0
40.6989,-73.9069,4,0,0,0
40.7447,-73.9569,20,1,0,0
40.7393,-74.0055,16,1,0,0
40.7293,-73.992,23,0,0,0
40.7712,-73.8661,13,0,0,0
40.7277,-73.98,15,0,0,0
40.721,-73.8472,18,0,0,0
40.7793,-73.9739,16,0,0,0
40.7607,-73.9794,18,0,0,0
40.7656,-73.9624,22,1,0,0
40.76,-73.9691,16,1,0,0
40.7685,-73.9572,19,0,0,0
40.7348,-73.9584,6,0,0,0
40.7213,-74.011,4,0,0,0
40.711,-73.9438,16,1,0,0
40.7397,-74.0055,23,0,0,0
40.7496,-73.9834,5,1,0,0
40.72,-73.9881,18,1,0,0
40.7627,-73.9859,19,0,0,0
40.6458,-73.7767,19,1,0,0
40.7203,-73.838,16,1,0,0
40.7607,-73.9787,17,0,0,0
40.7732,-73.9547,12,1,0,0
40.66,-73.9607,22,0,0,0
40.762,-73.9747,17,0,0,0
40.7378,-74.0045,21,1,0,0
40.7236,-74.0001,12,0,0,0
40.7653,-73.8175,21,1,0,0
40.7415,-73.9816,8,0,0,0
40.6449,-73.7823,15,0,0,0
40.7752,-73.9906,17,1,0,0
40.7147,-74.011,21,0,0,0
40.7766,-73.9556,12,0,0,0
40.6843,-73.9413,8,0,0,0
40.7381,-74.0093,1,1,0,0
40.7135,-74.0082,16,1,0,0
40.7503,-73.9866,0,1,0,0
40.8688,-73.9316,21,0,0,0
40.7394,-73.9938,12,0,0,0
40.7669,-73.9866,20,0,0,0
40.77,-73.9612,7,0,0,0
40.6508,-73.9264,20,1,0,0
40.7198,-73.9579,14,0,0,0
40.7543,-73.9985,19,0,0,0
40.6447,-73.782,6,1,0,0
40.7228,-73.9959,11,0,0,0
40.9251,-72.6966,22,0,-1,-1
40.7143,-74.0027,11,0,0,0
40.7193,-73.986,0,1,0,0
40.7477,-73.9891,12,0,0,0
40.7138,-73.9856,4,1,0,0
40.7205,-73.9527,21,0,0,0
40.7224,-73.9802,21,0,0,0
40.77,-73.9575,16,1,0,0
40.7662,-73.9784,8,0,0,0
40.6466,-73.7897,17,0,0,0
40.7608,-73.9786,23,0,0,0
40.7079,-74.0062,6,0,0,0
40.8214,-73.9384,22,0,0,0
40.7646,-73.978,14,1,0,0
40.7527,-73.9791,16,0,0,0
40.7199,-74.0083,18,0,0,0
40.7424,-74.2137,17,0,1,1
40.7443,-74.0067,2,0,0,0
40.7366,-73.9892,23,0,0,0
40.7132,-73.9558,15,0,0,0
40.7498,-73.9917,9,0,0,0
40.7204,-73.9883,12,1,0,0
40.8334,-73.9451,16,0,0,0
40.7639,-73.9763,20,0,0,0
40.6416,-73.7871,21,1,0,0
40.7574,-73.9688,20,0,0,0
40.7637,-73.976,16,0,0,0
40.7574,-73.8442,14,0,0,0
40.7829,-73.9777,9,1,0,0
40.774,-73.8717,22,0,0,0
40.7365,-73.9788,8,0,0,0
40.7201,-73.9792,9,0,0,0
40.7529,-74.025,22,1,0,0
40.7411,-73.9974,5,0,0,0
40.7199,-74.0006,13,0,0,0
40.7323,-74.0078,9,1,0,0
40.7542,-73.9185,12,1,0,0
40.7844,-73.981,5,0,0,0
40.7177,-74.0071,13,0,0,0
40.743,-74.0076,17,0,0,0
40.6443,-73.7821,6,0,0,0
40.7854,-73.9776,4,0,0,0
40.7665,-73.9529,11,0,0,0
40.7347,-73.9986,9,0,0,0
40.6416,-73.788,20,0,0,0
40.7605,-73.9731,16,0,0,0
40.7378,-74.1742,15,0,1,1
40.7913,-73.9737,8,0,0,0
40.8346,-73.9162,10,0,0,0
40.7656,-73.9548,14,0,0,0
40.7554,-74.0316,23,0,0,0
40.7257,-74.0,8,0,0,0
40.6465,-73.7771,22,0,0,0
40.6464,-73.7902,17,0,0,0
40.7612,-73.9677,10,0,0,0
40.7202,-73.9991,20,0,0,0
40.774,-73.8727,14,1,0,0
40.7691,-73.953,15,1,0,0
40.6899,-73.9518,15,0,0,0
40.7233,-73.9911,8,0,0,0
40.7462,-73.9966,20,0,0,0
40.7428,-73.9919,18,0,0,0
40.7645,-73.9634,14,0,0,0
40.727,-74.0036,13,0,0,0
40.7653,-73.9949,11,0,0,0
40.7092,-73.9685,20,1,0,0
40.771,-73.9883,9,0,0,0
40.7539,-73.9921,11,0,0,0
40.7057,-73.8175,9,0,0,0
40.8074,-73.9445,16,0,0,0
40.7541,-73.9941,15,0,0,0
40.719,-74.0068,22,0,0,0
40.7265,-73.9927,23,0,0,0
40.7215,-73.9978,11,0,0,0
40.781,-73.9592,21,0,0,0
40.7276,-73.9925,16,0,0,0
40.7244,-73.9851,8,0,0,0
40.7224,-73.9874,23,0,0,0
40.7514,-73.972,12,0,0,0
40.7735,-73.9548,16,0,0,0
40.7286,-73.9564,9,0,0,0
40.7313,-73.9993,20,0,0,0
40.7787,-73.9743,18,1,0,0
40.7759,-73.9792,0,1,0,0
40.7295,-73.9999,0,1,0,0
40.7285,-74.0018,10,0,0,0
40.7597,-73.9742,20,1,0,0
40.746,-73.9786,18,0,0,0
40.7429,-73.9949,14,0,0,0
40.7563,-73.9836,18,0,0,0
40.7698,-73.8642,12,0,0,0
40.7587,-73.9777,16,1,0,0
40.7278,-73.9946,20,0,0,0
40.7806,-73.9548,4,0,0,0
40.7714,-73.8661,21,0,0,0
40.7116,-74.0079,18,1,0,0
40.7426,-74.0005,18,0,0,0
40.7379,-73.9809,16,0,0,0
40.7422,-74.0075,16,0,0,0
40.7414,-74.0005,14,1,0,0
40.7669,-73.9618,15,0,0,0
40.7478,-73.974,6,0,0,0
40.7215,-73.9591,0,1,0,0
40.6461,-73.7768,14,0,0,0
40.7405,-73.9868,22,0,0,0
40.754,-73.9772,11,0,0,0
40.7515,-74.0066,17,0,0,0
40.7539,-73.9889,22,0,0,0
40.9455,-73.8654,21,1,0,-1
40.8599,-73.8859,9,0,0,0
40.7186,-73.9927,0,1,0,0
40.7366,-73.9891,7,0,0,0
40.7678,-73.9833,18,0,0,0
40.7338,-74.006,8,0,0,0
40.9857,-74.1214,1,1,-1,-1
40.7439,-73.9953,21,0,0,0
40.7258,-73.9963,18,0,0,0
40.7687,-73.9839,6,0,0,0
40.7296,-73.9778,17,1,0,0
40.7353,-74.0053,19,1,0,0
40.7565,-73.9742,22,0,0,0
40.7141,-74.0146,13,0,0,0
40.7776,-73.9457,6,1,0,0
40.7442,-73.9801,9,0,0,0
40.7846,-73.9558,14,0,0,0
40.7418,-73.9901,14,1,0,0
40.7705,-73.9585,8,0,0,0
40.725,-74.0004,16,0,0,0
40.7603,-73.9733,18,0,0,0
40.7615,-73.975,9,0,0,0
40.7508,-74.004,18,0,0,0
40.743,-73.9772,20,0,0,0
40.769,-73.9121,13,0,0,0
40.7466,-73.992,7,0,0,0
40.7374,-73.9896,18,1,0,0
40.7683,-73.8622,14,0,0,0
40.6463,-73.7897,8,0,0,0
40.7444,-73.9833,17,0,0,0
40.731,-73.9918,21,1,0,0
40.7567,-73.9669,4,0,0,0
40.7367,-73.9889,22,0,0,0
40.7788,-73.9561,6,0,0,0
40.7217,-73.9875,5,0,0,0
40.7435,-73.9727,21,0,0,0
40.8855,-73.9063,21,1,0,0
40.7394,-74.0081,18,0,0,0
40.7609,-73.9945,8,0,0,0
40.8307,-73.927,21,0,0,0
40.7351,-73.9818,14,1,0,0
40.7182,-73.9553,16,0,0,0
40.7695,-73.9893,8,1,0,0
40.7274,-74.0008,20,1,0,0
40.7553,-73.9864,9,0,0,0
40.7038,-73.9947,23,0,0,0
40.754,-73.9883,19,0,0,0
40.7635,-73.9717,23,0,0,0
40.7501,-73.9719,15,0,0,0
40.7611,-73.9618,0,1,0,0
40.7572,-73.7145,8,0,0,0
40.7256,-73.999,18,0,0,0
40.7524,-73.9858,1,1,0,0
40.7414,-74.0041,13,1,0,0
40.7842,-73.9482,8,0,0,0
40.7328,-73.9901,23,1,0,0
40.7831,-73.9572,18,1,0,0
40.7619,-73.9735,13,0,0,0
40.719,-73.9965,14,0,0,0
40.7257,-74.0057,17,1,0,0
40.6714,-73.9469,17,0,0,0
40.6849,-73.8312,10,0,0,0
40.7198,-73.9993,18,0,0,0
40.74,-73.9934,0,0,0,0
40.7415,-73.9916,12,0,0,0
40.7497,-73.9789,14,0,0,0
40.7097,-74.0096,16,0,0,0
40.7249,-73.9806,17,0,0,0
40.7654,-73.982,20,0,0,0
40.8036,-73.9555,17,1,0,0
40.7186,-73.9862,15,0,0,0
40.7682,-73.9823,16,0,0,0
40.7026,-73.6424,22,0,0,-1
40.7617,-73.8817,6,1,0,0
40.7408,-73.999,14,1,0,0
40.7511,-73.9906,7,1,0,0
40.6454,-73.7822,19,0,0,0
40.7749,-73.9487,17,0,0,0
40.7402,-73.9975,11,1,0,0
40.7153,-74.0053,3,0,0,0
40.7482,-74.005,11,0,0,0
40.6726,-73.9864,9,1,0,0
40.7545,-73.9738,16,0,0,0
40.7607,-73.9705,14,0,0,0
40.7274,-73.9915,16,1,0,0
40.7628,-73.995,10,0,0,0
40.7232,-73.9913,13,0,0,0
40.7591,-73.965,12,1,0,0
40.772,-73.956,5,0,0,0
40.7833,-73.9471,7,0,0,0
40.7651,-73.9614,15,0,0,0
40.7069,-74.0045,19,0,0,0
40.7605,-73.9078,21,0,0,0
40.7846,-73.9796,6,0,0,0
40.7412,-73.9996,12,0,0,0
40.7284,-74.0036,6,0,0,0
40.7336,-73.9921,7,0,0,0
40.7351,-73.9837,15,1,0,0
40.7202,-73.9897,8,1,0,0
40.7306,-73.9849,18,1,0,0
40.7637,-73.9749,23,0,0,0
40.6913,-73.9449,7,0,0,0
40.7391,-73.9914,17,0,0,0
40.6591,-73.8035,19,0,0,0
40.753,-73.9795,11,0,0,0
40.7729,-73.9583,17,1,0,0
40.7404,-74.0021,16,1,0,0
40.7222,-73.9917,16,0,0,0
40.7603,-73.9758,15,0,0,0
40.7617,-73.965,21,0,0,0
40.7606,-73.9815,20,0,0,0
40.6708,-73.9586,16,1,0,0
40.7242,-73.9787,6,0,0,0
40.7167,-74.0165,22,0,0,0
40.7613,-73.9778,13,0,0,0
40.6951,-74.1787,22,0,1,1
40.7236,-74.0079,21,0,0,0
40.7726,-73.9594,6,0,0,0
40.7679,-73.9638,9,0,0,0
40.7166,-73.9973,23,0,0,0
40.7373,-73.974,18,0,0,0
40.7514,-74.0065,21,0,0,0
40.7291,-74.0001,20,0,0,0
40.7424,-73.986,14,1,0,0
40.6853,-73.9663,14,1,0,0
40.7596,-73.9855,8,0,0,0
40.7278,-74.0013,22,1,0,0
40.7686,-73.8627,7,0,0,0
40.7712,-73.8665,22,0,0,0
40.7215,-73.9966,16,1,0,0
40.7265,-73.9993,22,0,0,0
40.7435,-73.9774,21,0,0,0
40.7267,-73.9919,22,0,0,0
40.743,-73.989,19,0,0,0
40.7887,-73.9743,8,0,0,0
40.7339,-73.9827,17,0,0,0
40.6042,-73.9719,22,0,0,0
40.6788,-73.9865,20,0,0,0
40.7105,-73.9662,11,0,0,0
40.7668,-73.9694,9,1,0,0
40.7533,-73.9811,15,0,0,0
40.7164,-74.008,7,0,0,0
40.6723,-73.9929,23,0,0,0
40.7025,-74.0144,20,0,0,0
40.7403,-73.9903,17,0,0,0
40.7351,-73.9918,23,0,0,0
40.7421,-73.9931,17,0,0,0
40.7593,-73.9741,17,0,0,0
40.768,-73.9837,21,0,0,0
40.7299,-74.0041,13,0,0,0
40.7628,-73.9258,19,0,0,0
40.7248,-73.9947,18,0,0,0
40.7239,-73.9962,23,0,0,0
40.7519,-73.98,19,0,0,0
40.7143,-73.9939,20,0,0,0
40.7299,-73.9995,13,0,0,0
40.7774,-73.9611,17,0,0,0
40.7527,-73.9874,17,0,0,0
40.7287,-73.9984,10,0,0,0
40.7176,-73.9493,2,1,0,0
40.726,-74.0007,23,1,0,0
40.7167,-74.0165,10,1,0,0
40.7568,-73.9966,18,0,0,0
40.7248,-73.9989,16,0,0,0
40.7436,-73.9889,0,1,0,0
40.7634,-73.9734,17,0,0,0
40.7884,-73.9808,6,0,0,0
40.7382,-74.0059,8,0,0,0
40.7511,-74.0016,0,1,0,0
40.7251,-74.003,1,1,0,0
40.7867,-73.9808,7,0,0,0
40.6305,-73.9281,11,0,0,0
40.7549,-73.9213,23,1,0,0
40.7435,-73.9839,21,0,0,0
40.7302,-73.9864,18,1,0,0
40.7532,-73.9799,19,0,0,0
40.7581,-73.9873,22,0,0,0
40.7525,-73.9826,15,0,0,0
40.7504,-73.8862,10,1,0,0
40.742,-74.0038,23,0,0,0
40.702,-73.9168,12,0,0,0
40.7819,-73.9568,11,0,0,0
40.7295,-73.9964,14,0,0,0
40.72,-74.0001,14,0,0,0
40.7378,-73.9845,8,0,0,0
40.7624,-73.9942,5,1,0,0
40.7443,-73.9846,17,0,0,0
40.6894,-73.9227,18,0,0,0
40.7385,-73.9901,14,0,0,0
40.7237,-73.956,22,0,0,0
40.7439,-73.9915,17,0,0,0
40.7742,-73.9658,8,0,0,0
40.7168,-73.9655,23,1,0,0
40.7629,-73.9819,22,0,0,0
40.7667,-73.9827,12,0,0,0
40.7312,-73.9884,15,1,0,0
40.7355,-74.0069,18,0,0,0
40.7747,-73.9901,6,0,0,0
40.6448,-73.7821,19,0,0,0
40.724,-73.9489,14,1,0,0
40.7256,-74.0042,10,0,0,0
40.7879,-73.9761,21,1,0,0
40.7208,-73.9984,23,0,0,0
40.7561,-73.9728,14,0,0,0
40.6645,-73.9427,13,0,0,0
40.7088,-74.009,20,0,0,0
40.6815,-73.9802,0,1,0,0
40.7741,-73.8726,11,0,0,0
40.759,-73.9745,6,0,0,0
40.852,-74.0683,12,0,4,-1
40.7836,-73.9475,11,0,0,0
40.7234,-73.9884,20,1,0,0
40.7721,-73.9828,12,0,0,0
40.7238,-73.9961,21,0,0,0
40.7318,-73.9855,21,0,0,0
40.7307,-73.9862,0,1,0,0
40.7609,-73.965,14,0,0,0
40.7281,-73.9952,17,0,0,0
40.7198,-73.9985,13,0,0,0
40.7502,-73.9789,7,0,0,0
40.7596,-73.9814,13,0,0,0
40.7438,-73.9777,19,0,0,0
40.7114,-73.937,3,1,0,0
40.7556,-73.9822,20,0,0,0
40.7783,-73.9584,18,0,0,0
40.7337,-74.0028,22,0,0,0
40.7433,-73.9913,15,0,0,0
40.7448,-73.8435,16,0,0,0
40.7766,-73.9632,15,0,0,0
40.6622,-73.9805,3,0,0,0
40.7883,-73.9709,16,0,0,0
40.7261,-74.0075,16,0,0,0
40.7433,-73.9743,17,1,0,0
40.7403,-74.0058,22,0,0,0
40.702,-73.9274,22,0,0,0
40.6955,-73.994,7,0,0,0
40.7509,-74.0039,0,1,0,0
40.7191,-74.0048,23,0,0,0
40.674,-73.9561,6,0,0,0
40.7524,-73.9896,18,0,0,0
40.6486,-73.7827,22,1,0,0
40.7583,-73.989,21,0,0,0
40.774,-73.8725,19,0,0,0
40.7773,-73.9613,15,0,0,0
40.7202,-73.996,14,1,0,0
40.6851,-73.9406,7,0,0,0
40.7486,-73.9802,20,0,0,0
40.8847,-73.9083,8,0,0,0
40.7259,-74.0082,19,1,0,0
40.7783,-73.9831,3,0,0,0
40.7519,-73.9894,15,0,0,0
40.767,-73.9515,17,0,0,0
40.7747,-73.9901,7,0,0,0
40.7189,-74.0003,10,0,0,0
40.7258,-73.9903,19,0,0,0
40.7453,-73.9713,9,1,0,0
40.7625,-73.9831,17,1,0,0
40.7409,-73.9955,15,0,0,0
40.7363,-74.0083,22,0,0,0
40.6855,-73.9703,7,1,0,0
40.7896,-73.9793,7,0,0,0
40.6691,-73.9757,13,0,0,0
40.7392,-73.9871,14,0,0,0
40.7444,-73.9803,18,0,0,0
40.7359,-73.9802,15,1,0,0
40.7532,-73.9918,14,0,0,0
40.7338,-73.6036,10,0,0,6
40.7256,-74.0032,20,0,0,0
40.7404,-74.0078,2,1,0,0
40.7219,-74.0075,11,1,0,0
40.7459,-73.9785,0,1,0,0
40.7509,-74.0055,15,0,0,0
40.7199,-74.0084,6,0,0,0
40.7539,-73.9766,17,0,0,0
40.7195,-74.0362,20,0,0,0
40.7543,-73.9742,9,1,0,0
40.7435,-73.9987,20,0,0,0
40.7768,-73.9452,1,1,0,0
40.7457,-73.9759,10,0,0,0
40.7197,-74.0017,14,0,0,0
40.7286,-73.9591,17,0,0,0
40.7471,-73.9856,0,0,0,0
40.7641,-73.9669,13,0,0,0
40.6955,-73.9943,12,0,0,0
40.7595,-73.9751,20,0,0,0
40.7475,-73.9565,23,0,0,0
40.7859,-73.9799,7,0,0,0
40.7732,-73.8855,21,0,0,0
40.764,-73.9705,15,0,0,0
40.821,-73.8933,17,0,0,0
40.706,-74.0177,6,0,0,0
40.6949,-74.1779,15,0,1,1
40.7246,-74.0019,16,0,0,0
40.7845,-73.9478,7,0,0,0
40.725,-74.0102,17,0,0,0
40.7371,-74.0031,13,1,0,0
40.729,-73.9887,13,1,0,0
40.7227,-73.9871,16,0,0,0
40.7386,-73.9902,11,0,0,0
40.7449,-73.992,14,0,0,0
40.7574,-73.9631,15,0,0,0
40.775,-73.9549,0,1,0,0
40.763,-73.9716,18,0,0,0
40.717,-74.0323,0,1,0,0
40.7332,-74.0052,1,0,0,0
40.7437,-73.9838,13,0,0,0
40.7539,-73.9961,18,0,0,0
40.7809,-73.9802,13,0,0,0
40.7775,-73.9786,8,0,0,0
40.7384,-73.9876,15,0,0,0
40.769,-73.9676,9,0,0,0
40.7277,-74.0054,6,0,0,0
40.745,-73.9936,2,1,0,0
40.7178,-74.0106,18,0,0,0
40.7378,-73.9739,17,1,0,0
40.7764,-73.9804,11,1,0,0
40.7706,-73.8655,17,1,0,0
40.6843,-73.9992,10,1,0,0
40.7791,-73.9448,8,0,0,0
40.7531,-74.0255,22,0,0,0
40.6956,-73.9338,4,0,0,0
40.8385,-73.942,1,0,0,0
40.7512,-73.9781,12,1,0,0
40.7529,-73.9711,5,0,0,0
40.7693,-73.9592,19,1,0,0
40.6748,-74.0162,19,1,0,0
40.7617,-73.9788,23,1,0,0
40.7429,-74.008,14,0,0,0
40.759,-73.9745,17,0,0,0
40.7878,-73.9533,19,0,0,0
40.7284,-73.9944,16,1,0,0
40.6916,-73.9853,21,1,0,0
40.7317,-74.0033,17,0,0,0
40.7612,-73.9833,15,0,0,0
40.7126,-74.0046,14,0,0,0
40.7135,-73.9775,8,0,0,0
40.7532,-73.9798,20,0,0,0
40.7403,-73.8251,18,0,0,0
40.7701,-73.9611,17,0,0,0
40.726,-74.0075,17,0,0,0
40.7192,-73.9642,22,1,0,0
40.7345,-73.9989,16,1,0,0
40.7038,-73.9355,16,0,0,0
40.7614,-73.9746,23,0,0,0
40.7364,-73.9789,15,0,0,0
40.7596,-73.976,20,0,0,0
40.6936,-73.9063,19,0,0,0
40.7561,-73.9874,19,0,0,0
40.7686,-73.985,20,0,0,0
40.7654,-73.9874,19,1,0,0
40.7514,-73.9824,15,0,0,0
40.7302,-73.9977,10,0,0,0
40.7406,-73.9788,23,0,0,0
40.774,-73.9815,20,0,0,0
40.7748,-73.9902,7,0,0,0
40.7223,-73.987,14,0,0,0
40.7143,-73.9654,12,0,0,0
40.7674,-73.9843,18,1,0,0
40.6456,-73.7767,10,0,0,0
40.7171,-73.9586,11,0,0,0
40.7636,-73.9621,13,1,0,0
40.7712,-73.866,9,0,0,0
40.7855,-73.9729,14,1,0,0
40.7162,-74.0109,17,0,0,0
40.7481,-73.9731,8,0,0,0
40.7599,-73.9863,22,0,0,0
40.7236,-74.011,20,1,0,0
40.7604,-73.9716,15,0,0,0
40.6415,-73.7887,18,0,0,0
40.7743,-73.8729,22,0,0,0
40.7507,-74.0034,16,0,0,0
40.7564,-73.9729,6,0,0,0
40.7223,-73.9887,21,0,0,0
40.6845,-73.9979,22,0,0,0
40.7397,-73.9944,20,0,0,0
40.733,-74.0031,20,0,0,0
40.727,-73.9841,11,0,0,0
40.7543,-73.8862,10,0,0,0
40.7627,-73.9742,14,0,0,0
40.731,-73.9918,20,0,0,0
40.7371,-73.9845,0,0,0,0
40.7205,-73.988,7,0,0,0
40.7302,-74.0031,20,0,0,0
40.6918,-73.9705,22,1,0,0
40.7469,-73.891,0,0,0,0
40.7376,-74.0083,7,0,0,0
40.7944,-73.9739,17,1,0,0
40.7462,-73.9947,10,0,0,0
40.6853,-73.9612,17,0,0,0
40.7764,-73.9893,8,0,0,0
40.7277,-74.0096,22,0,0,0
40.7597,-73.9873,22,0,0,0
40.7073,-74.0072,5,0,0,0
40.7742,-73.9484,7,0,0,0
40.7653,-73.9774,14,0,0,0
40.7552,-73.9902,18,0,0,0
40.7965,-74.0033,16,0,0,0
40.7688,-73.9581,12,0,0,0
40.7719,-73.9612,17,1,0,0
40.7033,-73.9938,4,0,0,0
40.7652,-73.9616,8,1,0,0
40.7422,-73.9829,15,0,0,0
40.7577,-73.9656,11,0,0,0
40.7579,-73.9661,16,0,0,0
40.7382,-74.0058,6,0,0,0
40.7373,-73.9901,15,0,0,0
40.7134,-73.9621,11,0,0,0
40.6978,-73.9942,8,1,0,0
40.7549,-73.9728,18,0,0,0
40.6878,-74.1827,16,0,1,1
40.7303,-73.9999,5,0,0,0
40.679,-74.011,23,0,0,0
40.7157,-73.9622,16,0,0,0
40.742,-74.0041,21,0,0,0
40.7741,-73.8729,20,0,0,0
40.7638,-73.975,19,0,0,0
40.7634,-73.9717,15,0,0,0
40.7491,-73.9922,10,0,0,0
40.7572,-73.9861,17,0,0,0
40.7314,-74.0003,11,0,0,0
40.7634,-73.9866,10,0,0,0
40.7153,-73.9445,7,0,0,0
40.7741,-73.8729,16,0,0,0
40.7705,-73.982,5,1,0,0
40.728,-73.9989,1,0,0,0
40.721,-73.9979,17,0,0,0
40.7154,-74.0076,10,0,0,0
40.7253,-73.9951,20,1,0,0
40.6761,-73.9838,1,0,0,0
40.7428,-73.9866,21,0,0,0
40.7134,-73.9639,12,0,0,0
40.7518,-73.9887,16,0,0,0
40.7503,-73.9868,17,0,0,0
40.6948,-74.1779,6,0,1,1
40.698,-73.9302,7,1,0,0
40.7239,-73.9443,1,0,0,0
40.6593,-73.9802,0,0,0,0
40.7221,-74.0092,11,1,0,0
40.6871,-73.9791,7,0,0,0
40.7205,-73.9968,8,0,0,0
40.7537,-73.9758,16,0,0,0
40.7252,-73.8943,18,0,0,0
40.7659,-73.9762,13,0,0,0
40.7371,-73.9829,23,0,0,0
40.7403,-74.0061,1,1,0,0
40.757,-73.9736,18,0,0,0
40.7672,-73.9535,7,0,0,0
40.749,-73.9741,15,1,0,0
40.7491,-73.9922,22,1,0,0
40.7442,-73.9802,20,0,0,0
40.7105,-74.0122,9,0,0,0
40.742,-74.0049,16,0,0,0
40.7418,-74.0046,12,0,0,0
40.7535,-73.9872,17,0,0,0
40.7537,-73.9892,20,0,0,0
40.7744,-73.9484,0,0,0,0
40.7492,-73.9821,17,0,0,0
40.7019,-73.9196,17,1,0,0
40.7199,-73.9884,1,0,0,0
40.7741,-73.8725,8,0,0,0
40.7743,-73.8733,23,0,0,0
40.7622,-73.9872,13,1,0,0
40.7674,-73.9686,15,0,0,0
40.7531,-73.9702,17,0,0,0
40.7347,-74.0089,18,0,0,0
40.7697,-73.9816,18,0,0,0
40.7353,-74.0033,22,0,0,0
40.7699,-73.8643,8,0,0,0
40.7058,-74.0084,0,0,0,0
40.7409,-74.007,20,0,0,0
40.7675,-73.9927,18,0,0,0
40.7543,-73.977,17,1,0,0
40.675,-73.9668,12,0,0,0
40.7832,-73.9818,8,0,0,0
40.7476,-73.9748,17,0,0,0
40.75,-73.9942,17,0,0,0
40.7606,-73.9623,2,0,0,0
40.7394,-73.9884,5,0,0,0
40.6459,-73.7768,20,0,0,0
40.757,-73.9693,16,0,0,0
40.7182,-74.0017,10,0,0,0
40.7479,-73.9733,19,0,0,0
40.7157,-74.0113,19,0,0,0
40.6829,-73.9402,17,0,0,0
40.7199,-74.0086,20,0,0,0
40.7492,-73.9919,17,1,0,0
40.7647,-73.9759,16,0,0,0
40.7671,-73.5276,17,0,-1,-1
40.7298,-73.9851,16,0,0,0
40.7435,-73.9729,19,0,0,0
40.7708,-73.8661,23,0,0,0
40.7594,-73.9847,21,0,0,0
40.7399,-73.9816,19,0,0,0
40.7535,-73.9747,16,0,0,0
40.7481,-73.9928,6,0,0,0
40.7883,-73.9724,12,0,0,0
40.7513,-73.9352,18,0,0,0
40.7331,-74.0001,12,0,0,0
40.7276,-73.9951,18,0,0,0
40.7455,-73.9853,21,0,0,0
40.778,-73.9541,6,0,0,0
40.7742,-73.4563,5,0,-1,-1
40.734,-74.0063,21,1,0,0
40.7407,-73.9839,20,0,0,0
40.7371,-73.989,17,1,0,0
40.7139,-73.9596,18,0,0,0
40.6599,-73.9968,9,0,0,0
40.7211,-74.01,14,0,0,0
41.0067,-73.6905,21,0,3,2
40.7028,-74.0114,14,0,0,0
40.7438,-74.0032,20,0,0,0
40.7023,-74.0135,23,1,0,0
40.8244,-73.9952,3,1,0,0
40.7597,-73.9877,8,0,0,0
40.7447,-73.9856,3,0,0,0
40.6856,-73.9876,8,0,0,0
40.7363,-73.987,20,0,0,0
40.7305,-73.9866,21,0,0,0
40.7626,-73.9825,4,0,0,0
40.6435,-73.7898,17,1,0,0
40.7149,-74.016,22,1,0,0
40.7438,-73.9777,21,0,0,0
40.7521,-73.9928,23,0,0,0
40.7445,-74.0064,21,0,0,0
40.7326,-73.9983,13,0,0,0
40.7652,-73.9852,23,0,0,0
40.7544,-73.9718,16,0,0,0
40.7022,-74.0116,15,0,0,0
40.7247,-73.9543,23,0,0,0
40.7841,-73.9702,8,0,0,0
40.7355,-73.9877,16,0,0,0
40.6874,-73.9597,19,1,0,0
40.676,-74.0021,15,0,0,0
40.7442,-73.9876,2,0,0,0
40.7779,-73.9798,19,0,0,0
40.7272,-74.0054,17,0,0,0
40.762,-73.9718,17,0,0,0
40.7234,-73.9955,21,0,0,0
40.7578,-73.9756,16,0,0,0
40.7709,-73.8659,8,0,0,0
40.7551,-73.9734,16,0,0,0
40.7437,-73.9997,10,0,0,0
40.7588,-73.9941,13,0,0,0
40.6706,-73.9785,19,0,0,0
40.7463,-73.9843,17,0,0,0
40.7534,-73.9801,17,0,0,0
40.734,-74.0093,17,1,0,0
40.6991,-73.8073,17,0,0,0
40.7559,-73.9791,14,0,0,0
40.7187,-74.0049,16,0,0,0
40.6443,-73.7822,23,0,0,0
40.7513,-74.0065,18,0,0,0
40.7406,-74.0066,13,1,0,0
40.7254,-73.9821,21,0,0,0
40.7517,-73.9761,10,1,0,0
40.7676,-73.9808,8,1,0,0
40.7613,-73.974,16,0,0,0
40.7321,-73.9941,17,1,0,0
40.7472,-73.9969,9,0,0,0
40.7569,-73.9741,7,1,0,0
40.7595,-73.9776,13,0,0,0
40.7539,-73.9785,17,1,0,0
40.7225,-74.0097,18,0,0,0
40.6447,-73.7822,22,1,0,0
40.7708,-73.9883,18,0,0,0
40.774,-73.8716,9,0,0,0
40.7716,-73.9592,16,0,0,0
40.7814,-73.9722,13,1,0,0
40.728,-74.0023,13,1,0,0
40.7193,-74.0089,22,0,0,0
40.7483,-73.9889,1,1,0,0
40.7701,-73.9554,12,1,0,0
40.7476,-73.9748,14,0,0,0
40.7678,-73.9873,18,0,0,0
40.7496,-74.0067,17,1,0,0
40.8794,-73.8656,2,0,0,0
40.7677,-73.9915,19,1,0,0
40.976,-73.6597,0,1,3,-1
40.7233,-73.9912,20,0,0,0
40.7683,-73.8626,23,0,0,0
40.7136,-73.9569,23,0,0,0
40.7141,-74.0034,12,1,0,0
40.7603,-73.9805,18,0,0,0
40.7017,-73.9675,14,0,0,0
40.7198,-73.9943,16,1,0,0
40.7536,-73.9888,20,0,0,0
40.7632,-73.9738,14,0,0,0
40.737,-73.9827,1,0,0,0
40.7568,-73.9897,5,1,0,0
40.7269,-73.9925,21,0,0,0
40.7569,-73.9927,7,0,0,0
40.7589,-73.9772,1,1,0,0
40.7594,-73.952,12,1,0,0
40.774,-73.8727,19,0,0,0
40.7327,-73.9955,10,0,0,0
40.7751,-73.9836,13,1,0,0
40.645,-73.7821,15,1,0,0
40.7578,-73.9605,8,1,0,0
40.6913,-73.9844,14,0,0,0
41.0327,-73.7671,18,0,3,-1
40.7053,-74.0142,13,0,0,0
40.7677,-73.9685,15,1,0,0
40.8993,-73.901,15,0,0,0
40.7555,-73.9856,17,0,0,0
40.7929,-73.6436,1,1,6,-1
40.7603,-73.9774,19,0,0,0
40.6483,-73.7826,22,0,0,0
40.7285,-73.9817,8,0,0,0
40.7048,-74.0147,17,1,0,0
40.7749,-73.9612,6,0,0,0
40.6564,-73.9791,2,1,0,0
40.7237,-74.0107,14,0,0,0
40.7103,-74.0058,15,0,0,0
40.7142,-74.0147,1,0,0,0
40.7992,-73.9594,22,0,0,0
40.7281,-73.991,16,0,0,0
40.7883,-73.9783,8,0,0,0
40.7175,-73.9559,7,0,0,0
40.7561,-73.979,16,0,0,0
40.7605,-73.9878,22,0,0,0
40.7528,-73.9734,22,0,0,0
40.7816,-73.9805,19,0,0,0
40.7333,-74.0042,12,0,0,0
40.6076,-73.9519,11,1,0,0
40.7822,-73.9536,7,0,0,0
40.6812,-73.9605,15,0,0,0
40.7263,-74.0022,11,0,0,0
40.7811,-73.9478,16,0,0,0
40.7504,-73.9695,8,0,0,0
40.7219,-74.0043,19,1,0,0
40.7883,-73.9547,22,1,0,0
40.7079,-74.0169,10,1,0,0
40.7643,-73.9851,20,1,0,0
40.7343,-74.0025,23,1,0,0
40.6966,-73.9833,5,0,0,0
40.7431,-73.9803,8,1,0,0
40.7543,-73.9866,13,0,0,0
40.7296,-73.9848,11,0,0,0
40.719,-73.9926,16,0,0,0
40.7204,-73.9588,7,0,0,0
40.7535,-73.9773,18,0,0,0
40.7599,-73.9805,18,0,0,0
40.7258,-74.0055,7,0,0,0
40.7217,-74.0045,12,1,0,0
40.7405,-73.989,6,1,0,0
40.7321,-73.9985,19,1,0,0
40.7393,-73.9941,17,0,0,0
40.7114,-74.0101,10,0,0,0
40.7787,-73.9864,7,0,0,0
40.7561,-73.9718,10,0,0,0
40.7566,-73.9702,16,0,0,0
40.7127,-73.9653,18,0,0,0
40.7148,-73.9649,23,0,0,0
40.7082,-74.0101,13,0,0,0
40.781,-73.9799,15,0,0,0
40.6484,-73.7832,16,0,0,0
40.7248,-73.9482,7,1,0,0
40.7322,-74.002,22,0,0,0
40.7219,-73.9883,19,0,0,0
40.72,-73.9883,18,0,0,0
40.6926,-73.9862,16,0,0,0
40.6846,-73.9522,18,0,0,0
40.7599,-73.9855,16,1,0,0
40.7418,-74.0039,2,1,0,0
40.7598,-73.9952,15,0,0,0
40.7079,-73.9462,0,1,0,0
40.7275,-74.0434,7,0,0,0
40.7182,-73.964,21,1,0,0
40.745,-73.975,21,1,0,0
40.7583,-73.9817,16,0,0,0
40.7825,-73.9771,11,0,0,0
40.7262,-73.9985,16,0,0,0
40.7633,-73.9744,18,0,0,0
40.7741,-73.8727,11,0,0,0
40.7322,-74.0016,4,1,0,0
40.7574,-73.9759,14,0,0,0
40.7465,-73.9441,10,1,0,0
40.7202,-73.9845,22,0,0,0
40.7687,-73.9208,6,0,0,0
40.7577,-73.9715,12,0,0,0
40.7614,-73.9695,6,0,0,0
40.7424,-74.003,7,0,0,0
40.7239,-73.9921,14,0,0,0
40.7583,-73.9749,16,0,0,0
40.7466,-73.9796,14,0,0,0
40.7862,-73.9711,8,0,0,0
40.7545,-73.9833,18,0,0,0
40.7163,-73.9499,12,1,0,0
40.7251,-73.9909,13,0,0,0
40.6996,-73.9384,4,0,0,0
40.7265,-74.0025,21,0,0,0
40.729,-73.9867,6,0,0,0
40.6457,-73.7768,15,0,0,0
40.7854,-73.9557,8,1,0,0
40.7708,-73.982,20,0,0,0
40.7043,-74.0132,17,0,0,0
40.785,-73.9826,19,1,0,0
40.7751,-73.9774,9,0,0,0
40.7416,-73.9956,19,0,0,0
40.7074,-73.95,17,0,0,0
40.7773,-73.9754,8,0,0,0
40.7552,-73.9771,15,0,0,0
40.7474,-73.9972,22,0,0,0
40.7347,-74.0048,18,1,0,0
40.7624,-73.9701,14,0,0,0
40.777,-73.954,7,0,0,0
40.7633,-73.9686,20,1,0,0
40.7547,-73.9781,10,0,0,0
40.7323,-74.0639,21,0,0,0
40.7511,-73.9847,8,0,0,0
40.639,-74.006,5,1,0,0
40.7279,-73.8717,19,0,0,0
40.6916,-73.9701,12,0,0,0
40.7438,-73.9904,14,0,0,0
40.7744,-73.9577,17,0,0,0
40.6939,-73.906,23,0,0,0
40.7414,-73.9938,13,0,0,0
40.7316,-73.999,19,0,0,0
40.7511,-73.9942,17,1,0,0
40.6826,-73.9633,14,1,0,0
40.7183,-73.96,19,0,0,0
40.7465,-73.8746,17,0,0,0
40.7563,-73.9718,18,0,0,0
40.7064,-74.0057,16,0,0,0
40.7137,-73.9875,20,1,0,0
40.7252,-74.0012,17,1,0,0
40.7574,-73.9697,17,0,0,0
40.7678,-73.9832,21,0,0,0
40.7529,-73.9885,18,0,0,0
40.7536,-73.9733,18,0,0,0
40.7251,-74.0092,17,0,0,0
40.7609,-73.9734,19,0,0,0
40.7455,-74.0012,16,0,0,0
40.7685,-73.8624,8,0,0,0
40.7193,-74.0103,14,0,0,0
40.7274,-73.9922,18,0,0,0
40.7309,-73.9741,23,1,0,0
40.7538,-73.9859,19,0,0,0
40.7212,-74.0051,14,0,0,0
40.7688,-73.9888,21,0,0,0
40.7654,-73.9756,19,1,0,0
40.7397,-73.9229,20,1,0,0
40.6916,-74.1771,12,0,1,1
40.7156,-74.0062,19,0,0,0
40.7475,-73.9882,2,0,0,0
40.8392,-73.9005,12,0,0,0
40.7141,-74.0139,18,1,0,0
40.7571,-73.9822,23,0,0,0
40.7759,-73.9608,7,1,0,0
40.7167,-74.0083,20,0,0,0
40.7103,-73.9845,14,0,0,0
40.7332,-74.0033,23,0,0,0
40.7558,-73.9753,13,0,0,0
40.9328,-73.8225,15,1,0,-1
40.7529,-73.9792,18,0,0,0
40.7386,-73.9899,15,0,0,0
40.7668,-73.9676,0,1,0,0
40.7197,-73.9877,19,1,0,0
40.7425,-73.9979,13,0,0,0
40.7049,-74.0116,20,0,0,0
40.6731,-73.9435,23,0,0,0
40.7669,-73.9831,11,0,0,0
40.7206,-73.9872,20,0,0,0
40.774,-73.8715,16,0,0,0
40.711,-73.9617,7,0,0,0
40.7496,-73.9918,16,1,0,0
40.7248,-73.9879,16,0,0,0
40.7049,-74.0133,15,0,0,0
40.7492,-73.9882,1,1,0,0
40.7077,-73.9558,1,1,0,0
40.6874,-73.9861,22,0,0,0
40.7654,-73.9804,21,0,0,0
40.7321,-74.0075,7,0,0,0
40.7642,-73.981,22,0,0,0
40.6456,-73.7767,22,0,0,0
40.7169,-74.0146,15,0,0,0
40.7747,-73.9497,6,0,0,0
40.7779,-73.9181,12,0,0,0
40.7746,-73.98,5,0,0,0
40.7566,-73.9843,22,0,0,0
40.6538,-73.9762,20,0,0,0
40.6874,-73.9902,6,0,0,0
40.7585,-73.9947,17,0,0,0
40.7219,-73.9973,17,0,0,0
40.7779,-73.9559,19,1,0,0
40.745,-73.9918,18,1,0,0
40.7026,-73.9895,17,0,0,0
40.7633,-73.963,6,0,0,0
40.7024,-74.0126,8,0,0,0
40.7413,-73.9897,13,0,0,0
40.7662,-73.9778,18,0,0,0
40.7696,-73.9506,6,0,0,0
40.7737,-73.8717,20,0,0,0
40.7556,-73.9751,21,0,0,0
40.7696,-73.9819,15,0,0,0
40.7391,-73.9969,6,0,0,0
40.7214,-73.9891,22,1,0,0
40.7108,-74.0092,19,0,0,0
40.7223,-73.9917,19,0,0,0
40.703,-73.9907,18,0,0,0
40.7683,-73.8625,8,0,0,0
40.7051,-74.0161,5,0,0,0
40.7223,-73.9872,13,1,0,0
40.7434,-73.9726,19,0,0,0
40.6447,-73.7821,5,0,0,0
40.7608,-73.999,18,1,0,0
40.7299,-73.9977,15,0,0,0
40.7627,-73.9718,22,0,0,0
40.7661,-73.9658,13,0,0,0
40.7418,-73.9831,8,0,0,0
40.7323,-74.0054,8,0,0,0
40.7301,-73.9797,14,0,0,0
40.7738,-73.8726,17,0,0,0
40.7332,-74.0033,20,0,0,0
40.7539,-73.9692,18,0,0,0
40.7678,-73.9915,10,1,0,0
40.7263,-73.986,18,1,0,0
40.7058,-74.0146,6,0,0,0
40.7166,-74.0099,14,0,0,0
40.7546,-73.9836,17,0,0,0
40.7741,-73.8729,12,0,0,0
40.7822,-73.9822,12,0,0,0
40.7074,-74.0092,18,0,0,0
40.6909,-73.9573,19,0,0,0
40.7093,-74.0175,8,0,0,0
40.742,-73.9982,20,0,0,0
40.7486,-74.0059,7,0,0,0
40.7812,-73.9797,19,1,0,0
40.74,-74.0072,19,0,0,0
40.7257,-74.0,17,1,0,0
40.7276,-74.0054,12,0,0,0
40.7246,-73.8468,5,0,0,0
40.7464,-73.9797,5,0,0,0
40.764,-73.9733,15,1,0,0
40.6847,-73.9948,10,1,0,0
40.7552,-73.9868,0,0,0,0
40.6449,-73.782,6,0,0,0
40.7587,-73.964,19,0,0,0
40.7632,-73.9767,15,0,0,0
40.7398,-73.9896,17,0,0,0
40.7509,-73.9908,12,0,0,0
40.7501,-73.9919,18,0,0,0
40.7186,-73.9821,8,0,0,0
40.77,-73.9588,14,0,0,0
40.7301,-73.9978,21,0,0,0
40.6776,-73.9485,21,0,0,0
40.7564,-73.9978,16,0,0,0
40.7554,-73.9697,11,0,0,0
40.721,-73.9938,6,0,0,0
40.7732,-73.8855,13,1,0,0
40.7259,-73.9425,11,1,0,0
40.6913,-73.9951,19,0,0,0
40.7857,-73.9802,7,0,0,0
40.8231,-73.9287,17,0,0,0
40.7126,-73.9659,12,0,0,0
40.745,-73.9936,17,0,0,0
40.7195,-73.9979,21,0,0,0
40.7255,-73.9841,2,1,0,0
40.7286,-73.9816,14,0,0,0
40.7739,-73.8724,15,0,0,0
40.7584,-73.9866,9,0,0,0
40.7647,-73.9776,21,0,0,0
40.7646,-73.9842,18,1,0,0
40.7551,-73.9755,14,0,0,0
40.7519,-73.9857,23,1,0,0
40.7498,-73.9838,21,0,0,0
40.6867,-73.9546,1,1,0,0
40.7801,-73.9751,15,0,0,0
40.7446,-74.0028,12,0,0,0
40.7509,-74.0056,15,0,0,0
40.7271,-74.0035,15,0,0,0
40.7281,-73.9989,14,0,0,0
40.7372,-73.9945,18,0,0,0
40.7532,-73.9731,16,0,0,0
40.727,-73.9839,0,0,0,0
40.7367,-73.9267,13,1,0,0
40.8024,-73.9505,15,1,0,0
40.7718,-73.9676,7,0,0,0
40.7199,-74.0012,16,0,0,0
40.7713,-73.9819,20,0,0,0
40.7209,-74.0043,23,0,0,0
40.6447,-73.782,7,1,0,0
40.7599,-73.9786,0,0,0,0
40.7188,-73.9966,19,0,0,0
40.7554,-73.9855,12,0,0,0
40.7096,-73.9544,1,0,0,0
40.7165,-73.9402,8,0,0,0
40.7162,-74.0123,17,0,0,0
40.717,-74.0093,14,0,0,0
40.8056,-73.9463,19,0,0,0
40.7446,-73.9914,16,0,0,0
40.7084,-74.0173,19,1,0,0
40.6949,-74.178,13,0,1,1
40.7452,-73.9756,13,0,0,0
40.7578,-73.972,21,0,0,0
40.7622,-73.9746,18,0,0,0
40.754,-73.9959,17,0,0,0
40.7545,-73.9861,1,1,0,0
40.7292,-74.001,18,0,0,0
40.6753,-73.971,10,1,0,0
40.7587,-73.9934,14,0,0,0
40.6485,-73.7826,21,0,0,0
40.7703,-73.9683,14,0,0,0
40.754,-73.9869,15,0,0,0
40.7269,-73.996,20,0,0,0
40.7354,-73.9747,7,0,0,0
40.7919,-73.9737,8,0,0,0
40.7544,-73.9929,14,0,0,0
40.7357,-73.9938,16,1,0,0
40.7558,-73.9785,13,0,0,0
40.7642,-73.9709,22,1,0,0
40.7183,-73.9502,22,1,0,0
40.7859,-73.9704,13,0,0,0
40.7742,-73.873,15,0,0,0
40.7761,-73.9475,21,0,0,0
40.7398,-74.0053,2,1,0,0
40.7404,-74.0278,17,0,0,0
40.7573,-73.8444,22,0,0,0
40.7763,-73.9441,15,0,0,0
40.6904,-74.1778,5,0,1,1
40.6195,-74.0306,6,0,0,0
40.7515,-73.9939,17,1,0,0
40.6459,-73.7767,11,0,0,0
40.6809,-73.9454,17,0,0,0
40.7727,-73.9574,10,0,0,0
40.7476,-74.0043,19,0,0,0
40.721,-73.9555,20,1,0,0
40.7185,-73.9617,17,1,0,0
40.6959,-73.9957,14,1,0,0
40.6447,-73.7822,15,1,0,0
40.7455,-73.9713,18,1,0,0
40.7746,-73.9831,12,0,0,0
40.734,-74.0006,15,1,0,0
40.7586,-73.9792,18,0,0,0
40.7683,-73.9822,20,1,0,0
40.7851,-73.9705,8,0,0,0
40.7923,-73.9262,15,0,0,0
40.6444,-73.7832,22,1,0,0
40.706,-74.0054,10,0,0,0
40.7497,-73.9776,14,0,0,0
40.7721,-73.9521,6,0,0,0
40.7237,-74.0109,21,1,0,0
40.7413,-74.006,14,0,0,0
40.7447,-73.9888,8,0,0,0
40.8927,-73.8611,5,0,0,0
40.7199,-74.0085,21,0,0,0
40.7524,-73.9823,17,0,0,0
40.7261,-73.995,18,0,0,0
40.7598,-73.9763,15,0,0,0
40.7593,-73.9867,14,1,0,0
40.8411,-73.8796,10,0,0,0
40.7637,-73.9719,16,0,0,0
40.7469,-73.9897,18,0,0,0
40.7015,-74.0113,19,0,0,0
40.645,-73.7817,21,1,0,0
40.7634,-73.9668,7,0,0,0
40.6911,-73.9973,7,0,0,0
40.766,-73.9615,8,1,0,0
40.7134,-74.0093,21,0,0,0
40.722,-73.9495,8,0,0,0
40.7232,-74.005,11,0,0,0
40.7463,-73.9884,16,0,0,0
40.7158,-74.0072,12,0,0,0
40.7512,-73.9979,15,0,0,0
40.7419,-73.9934,15,0,0,0
40.7294,-73.9919,18,0,0,0
40.6853,-73.9847,21,1,0,0
40.6854,-73.9912,1,1,0,0
40.7452,-73.9941,8,0,0,0
40.7744,-73.8727,18,0,0,0
40.6483,-73.7827,18,1,0,0
40.7588,-73.9768,15,1,0,0
40.6558,-74.0085,19,1,0,0
40.7308,-73.9808,5,0,0,0
40.743,-73.9917,20,0,0,0
40.7672,-73.9935,14,0,0,0
40.7619,-73.985,6,0,0,0
40.7588,-73.9749,11,0,0,0
40.7625,-73.982,4,0,0,0
40.6662,-73.8069,7,0,0,0
40.6774,-73.9983,21,0,0,0
40.7587,-73.9655,17,1,0,0
40.9291,-73.8554,15,0,0,-1
40.7319,-74.0012,12,0,0,0
40.681,-73.9754,22,1,0,0
40.772,-73.9619,13,0,0,0
40.7681,-73.9547,20,0,0,0
40.7536,-73.9723,21,0,0,0
40.7351,-73.9972,15,1,0,0
40.7201,-74.01,17,0,0,0
40.7356,-74.0017,18,0,0,0
40.7513,-73.9876,8,0,0,0
40.7427,-73.9537,11,0,0,0
40.8036,-73.9487,23,0,0,0
40.7442,-74.0017,7,0,0,0
40.7315,-74.004,0,0,0,0
40.7261,-73.9916,22,0,0,0
40.7306,-74.0071,21,0,0,0
40.7397,-73.9826,21,1,0,0
40.7194,-74.0106,17,0,0,0
40.7592,-73.9904,19,0,0,0
40.7488,-73.9815,16,0,0,0
40.8616,-73.9279,19,0,0,0
40.7234,-74.0079,22,0,0,0
40.7061,-74.0086,13,1,0,0
40.761,-73.9711,13,1,0,0
40.7668,-73.9792,6,0,0,0
40.7225,-74.0105,12,1,0,0
40.714,-73.9801,18,0,0,0
40.7329,-74.0041,12,0,0,0
40.6845,-73.9849,12,0,0,0
40.7525,-73.9795,19,0,0,0
40.7671,-73.9219,18,1,0,0
40.7439,-74.0063,20,1,0,0
40.7727,-73.9494,21,0,0,0
40.7642,-73.9215,9,0,0,0
40.7595,-73.9757,17,0,0,0
40.7639,-73.977,19,1,0,0
40.7059,-74.0084,15,1,0,0
40.721,-74.01,21,0,0,0
40.7573,-73.9704,18,0,0,0
40.7065,-74.0093,22,1,0,0
40.7401,-73.9881,0,0,0,0
40.7295,-73.9983,8,0,0,0
40.7329,-74.0001,15,0,0,0
40.7651,-73.963,17,0,0,0
40.7421,-74.0002,9,0,0,0
40.7505,-73.9915,16,0,0,0
40.7118,-73.9559,22,0,0,0
40.7235,-74.0028,16,0,0,0
40.7198,-74.0,20,0,0,0
40.716,-74.0041,6,0,0,0
40.8039,-73.9502,13,0,0,0
40.7069,-73.9414,2,0,0,0
40.7501,-73.991,20,0,0,0
40.7455,-73.9846,20,0,0,0
40.7487,-73.758,5,0,0,-1
40.7376,-74.0095,14,1,0,0
40.7332,-74.0051,19,0,0,0
40.8188,-73.9463,20,1,0,0
40.744,-74.0065,9,0,0,0
40.8251,-73.9493,14,0,0,0
40.7294,-74.0037,3,0,0,0
40.7517,-73.9799,16,0,0,0
40.7694,-73.9519,14,0,0,0
40.7278,-73.9947,12,1,0,0
40.7333,-73.9899,7,0,0,0
40.7534,-73.9793,17,0,0,0
40.7555,-73.9794,21,0,0,0
40.7606,-73.9836,13,1,0,0
40.7431,-73.9874,8,0,0,0
40.7671,-73.9543,19,1,0,0
40.776,-73.9593,14,0,0,0
40.741,-74.0016,5,0,0,0
40.759,-73.9743,19,0,0,0
40.7343,-74.0027,18,0,0,0
40.7437,-73.9798,20,0,0,0
40.7304,-74.0014,22,0,0,0
40.5945,-73.9816,19,0,0,0
40.7616,-73.9736,16,0,0,0
40.7404,-73.9866,17,0,0,0
40.7882,-73.9672,8,0,0,0
40.7293,-73.9575,16,0,0,0
40.7576,-73.9896,19,0,0,0
40.6748,-73.9815,2,0,0,0
40.6468,-73.7898,17,0,0,0
40.6776,-73.9831,3,1,0,0
40.7215,-73.9564,19,1,0,0
40.7351,-74.01,19,1,0,0
40.6449,-73.7821,23,0,0,0
40.7454,-73.9867,21,0,0,0
40.7393,-74.0016,18,0,0,0
40.738,-73.9962,14,0,0,0
40.7184,-73.9586,12,0,0,0
40.7658,-73.9545,15,0,0,0
40.7582,-73.9735,19,0,0,0
40.7501,-73.9945,7,0,0,0
40.7722,-73.9154,18,0,0,0
40.7616,-73.9589,17,0,0,0
40.7556,-73.9721,18,0,0,0
40.7207,-73.9802,20,1,0,0
40.7458,-73.9844,17,0,0,0
40.7591,-73.9609,11,0,0,0
40.7219,-74.0041,11,0,0,0
40.7745,-73.9798,17,0,0,0
40.7071,-74.002,20,0,0,0
40.7536,-73.989,12,0,0,0
40.7442,-73.9511,1,0,0,0
40.759,-73.9607,10,0,0,0
40.7817,-73.9551,17,0,0,0
40.6779,-73.9911,20,0,0,0
40.724,-73.9822,20,1,0,0
40.7636,-73.9891,20,0,0,0
40.7214,-74.0047,23,0,0,0
40.6974,-73.9966,9,1,0,0
40.7508,-74.0035,8,0,0,0
40.7435,-73.9728,16,0,0,0
40.7627,-73.9742,15,0,0,0
40.727,-73.9917,2,1,0,0
40.7383,-74.003,19,0,0,0
40.7342,-73.9972,23,0,0,0
40.7556,-73.9835,10,0,0,0
40.7221,-73.9972,17,0,0,0
40.7532,-73.9701,18,0,0,0
40.7483,-74.0056,11,1,0,0
40.7684,-73.9848,16,0,0,0
40.7532,-73.9811,10,0,0,0
40.7446,-73.9809,18,0,0,0
40.7376,-73.9967,10,0,0,0
40.7111,-74.007,5,0,0,0
40.7583,-73.9645,17,1,0,0
40.7138,-73.9391,23,0,0,0
40.7197,-73.9579,23,1,0,0
40.7494,-73.9948,16,0,0,0
40.7288,-73.9787,8,0,0,0
40.7685,-73.9851,11,1,0,0
40.7299,-73.9989,16,0,0,0
40.6456,-73.7768,22,0,0,0
40.7846,-73.9718,18,0,0,0
40.7219,-73.9889,6,1,0,0
40.7163,-74.0467,22,1,0,0
40.7607,-73.9882,7,0,0,0
40.7293,-73.9819,6,0,0,0
40.7645,-73.96,9,1,0,0
40.7636,-73.9756,17,0,0,0
40.7223,-73.9576,3,1,0,0
40.7472,-74.0021,17,0,0,0
40.7609,-73.9999,7,0,0,0
40.6597,-73.988,21,0,0,0
40.7236,-73.9965,13,0,0,0
40.7414,-74.0071,13,1,0,0
40.6881,-73.9914,22,1,0,0
40.7251,-74.0065,21,0,0,0
40.7782,-73.9765,7,0,0,0
40.7525,-73.966,9,0,0,0
40.7537,-73.9732,17,0,0,0
40.7465,-73.9865,7,0,0,0
40.7108,-74.0115,19,0,0,0
40.7634,-73.9828,13,0,0,0
40.7535,-73.9834,19,0,0,0
40.7329,-73.986,23,0,0,0
40.7946,-73.9626,15,0,0,0
40.6956,-73.9243,7,0,0,0
40.7514,-73.9939,22,0,0,0
40.7657,-73.9628,20,0,0,0
40.7485,-73.9784,18,0,0,0
40.7182,-73.9513,5,0,0,0
40.7424,-73.9803,14,1,0,0
40.7543,-73.9893,12,0,0,0
40.7327,-73.9912,19,0,0,0
40.933,-73.9637,6,0,-1,-1
40.7742,-73.9452,7,0,0,0
40.7558,-73.9834,16,0,0,0
40.7215,-74.0099,17,1,0,0
40.707,-73.9225,0,1,0,0
40.7867,-74.0461,13,0,0,0
40.7658,-73.9714,11,0,0,0
40.6877,-73.9737,8,1,0,0
40.7471,-73.9899,17,0,0,0
40.7445,-74.006,10,0,0,0
40.7236,-74.0108,8,0,0,0
40.7662,-73.9871,21,0,0,0
40.7536,-73.9693,12,0,0,0
40.6563,-73.9491,13,0,0,0
40.7117,-74.0075,14,0,0,0
40.8318,-73.9199,16,1,0,0
40.7546,-73.9996,16,0,0,0
40.6862,-73.9851,13,0,0,0
40.739,-73.9916,17,0,0,0
40.7056,-73.9226,1,1,0,0
40.7141,-73.9989,9,1,0,0
40.7313,-74.0001,1,1,0,0
40.7518,-73.9898,14,0,0,0
40.8228,-74.296,3,0,-1,-1
40.726,-74.0096,15,0,0,0
40.7491,-73.9922,12,1,0,0
40.7223,-73.9881,17,1,0,0
40.7472,-73.9933,17,0,0,0
40.7836,-73.9743,18,0,0,0
41.0204,-73.7631,0,1,3,-1
40.7506,-73.9699,9,0,0,0
40.679,-73.9718,23,0,0,0
40.7719,-73.9501,9,0,0,0
40.7387,-74.0071,18,0,0,0
40.7398,-74.0058,21,1,0,0
40.7147,-74.0156,18,1,0,0
40.7253,-73.9966,21,0,0,0
40.6418,-73.7887,20,0,0,0
40.7194,-73.9993,23,0,0,0
40.6628,-73.9848,4,0,0,0
40.7803,-73.9476,6,0,0,0
40.7374,-74.0039,18,0,0,0
40.7417,-73.9762,21,0,0,0
40.7547,-73.9842,23,0,0,0
40.7154,-74.0056,3,0,0,0
40.7229,-74.0079,10,0,0,0
40.748,-74.0004,8,0,0,0
40.7182,-73.9597,6,1,0,0
40.7105,-74.011,18,0,0,0
40.7435,-73.9818,19,0,0,0
40.7635,-73.9736,12,0,0,0
40.7957,-73.9742,10,0,0,0
40.6868,-73.9625,17,0,0,0
40.7331,-74.004,12,0,0,0
40.7242,-73.9944,4,0,0,0
40.7742,-73.963,13,0,0,0
40.7719,-73.9652,9,0,0,0
40.7531,-74.0262,21,0,0,0
40.7587,-73.9606,20,0,0,0
40.7407,-74.0056,0,0,0,0
40.756,-73.9711,19,1,0,0
40.7102,-74.0078,8,1,0,0
40.723,-73.9914,8,0,0,0
40.7105,-73.9946,14,1,0,0
40.7346,-73.9834,14,0,0,0
40.7677,-73.9916,12,1,0,0
40.7825,-73.9809,9,0,0,0
40.6872,-73.9749,12,1,0,0
40.7547,-73.9839,21,1,0,0
40.7645,-73.9753,15,0,0,0
40.7584,-73.9688,19,0,0,0
40.7541,-73.9958,18,0,0,0
40.7179,-73.9933,10,1,0,0
40.6849,-73.9958,7,0,0,0
40.7363,-74.0029,7,1,0,0
40.6901,-74.1786,22,0,1,1
40.7615,-73.9997,23,0,0,0
40.7499,-73.994,20,0,0,0
40.7186,-73.957,2,1,0,0
40.7181,-74.0148,11,0,0,0
40.7463,-73.9949,18,1,0,0
40.7643,-73.9737,20,0,0,0
40.6843,-73.9751,9,1,0,0
40.6895,-73.9915,2,1,0,0
40.7085,-73.9388,23,0,0,0
40.7291,-74.0094,17,0,0,0
40.7584,-73.9705,22,0,0,0
40.7474,-73.9179,5,0,0,0
40.766,-73.9656,14,0,0,0
40.841,-73.94,16,0,0,0
40.7249,-73.9883,12,0,0,0
40.7719,-73.9461,18,0,0,0
40.7454,-74.002,17,0,0,0
40.7828,-73.9773,16,0,0,0
40.688,-74.1825,18,0,1,1
40.7292,-73.998,21,0,0,0
40.7317,-73.9932,23,1,0,0
40.7664,-73.9784,13,1,0,0
40.7627,-73.9774,18,0,0,0
40.7602,-73.989,20,0,0,0
40.7255,-73.9969,18,0,0,0
40.7282,-74.0074,17,0,0,0
40.7762,-73.9593,15,0,0,0
40.7984,-73.9351,14,1,0,0
40.7629,-73.9787,17,0,0,0
40.7499,-73.9719,22,1,0,0
40.7585,-73.9193,2,1,0,0
40.756,-73.9692,11,0,0,0
40.7283,-73.9865,12,0,0,0
40.7231,-73.9949,12,0,0,0
40.7324,-73.9545,8,0,0,0
40.6888,-73.9855,20,1,0,0
40.7247,-74.0078,17,0,0,0
40.7039,-74.007,7,0,0,0
40.7161,-74.0126,12,0,0,0
40.7188,-73.9534,8,0,0,0
40.7691,-73.9688,12,0,0,0
40.716,-74.0121,15,1,0,0
40.7388,-74.0024,23,0,0,0
40.7347,-73.999,22,0,0,0
40.7319,-73.9742,7,0,0,0
40.7373,-73.9843,23,0,0,0
40.7222,-73.9873,16,0,0,0
40.7197,-74.0102,15,0,0,0
40.6449,-73.7823,23,1,0,0
40.7517,-73.9768,10,0,0,0
40.7494,-74.0031,8,0,0,0
40.6825,-73.9707,19,1,0,0
40.6737,-73.9669,10,0,0,0
40.7187,-73.9633,6,0,0,0
40.7137,-74.0087,20,1,0,0
40.7293,-74.0023,14,0,0,0
40.7745,-73.9027,14,1,0,0
40.692,-74.1812,18,0,1,1
40.7312,-74.0094,20,0,0,0
40.7433,-74.0073,21,0,0,0
40.7272,-74.002,18,1,0,0
40.759,-73.981,15,0,0,0
40.7674,-73.9624,9,0,0,0
40.729,-73.9783,22,0,0,0
40.7655,-73.9759,16,0,0,0
40.7966,-73.9623,19,0,0,0
40.7209,-74.0042,10,0,0,0
40.6997,-73.9296,5,0,0,0
40.7445,-73.9954,17,1,0,0
40.7348,-73.9899,17,0,0,0
40.7368,-74.0305,0,1,0,0
40.7383,-73.992,16,0,0,0
40.764,-73.9762,23,0,0,0
40.7514,-73.9826,12,0,0,0
40.7441,-73.9725,2,1,0,0
40.7226,-73.9979,23,0,0,0
40.7689,-73.958,19,0,0,0
40.7599,-73.9797,20,0,0,0
40.7322,-74.0077,19,0,0,0
40.7603,-73.9702,17,0,0,0
40.724,-73.9509,0,1,0,0
40.7376,-74.0028,10,1,0,0
40.7549,-73.9782,22,0,0,0
40.7298,-74.0085,15,1,0,0
40.7426,-73.9921,8,0,0,0
40.7273,-73.9921,9,0,0,0
40.8076,-73.9604,10,0,0,0
40.7207,-73.9997,15,0,0,0
40.7605,-73.9741,17,0,0,0
40.741,-73.9857,18,0,0,0
40.7385,-73.9899,18,0,0,0
40.7486,-74.0081,10,0,0,0
40.7195,-73.9996,12,1,0,0
40.7738,-73.8727,22,0,0,0
40.7914,-73.9533,16,0,0,0
40.7793,-73.946,7,0,0,0
40.6953,-74.1777,17,1,1,1
40.6922,-73.9855,18,0,0,0
40.6468,-73.7782,4,0,0,0
40.7552,-73.9876,11,1,0,0
40.6925,-73.9912,23,1,0,0
40.7502,-73.9949,20,0,0,0
40.7618,-73.9745,19,0,0,0
40.7708,-73.8657,14,0,0,0
40.7559,-73.987,15,0,0,0
40.7612,-73.9671,16,0,0,0
40.7561,-73.9703,20,0,0,0
40.6822,-73.9891,23,1,0,0
40.754,-73.9959,8,1,0,0
40.7141,-74.0147,13,0,0,0
40.7561,-73.9715,18,0,0,0
40.7444,-73.9789,8,0,0,0
40.7497,-73.9721,14,1,0,0
40.7234,-74.0061,6,0,0,0
40.7171,-73.9935,6,0,0,0
40.7065,-74.0095,23,0,0,0
40.6462,-73.7769,22,0,0,0
40.6447,-73.7823,21,0,0,0
40.7244,-74.0014,20,1,0,0
40.7637,-73.9854,16,0,0,0
40.7432,-73.9833,16,0,0,0
40.7451,-73.9956,20,0,0,0
40.7396,-73.9889,19,0,0,0
40.7705,-73.9644,6,0,0,0
40.739,-73.9834,9,1,0,0
40.6859,-73.9386,17,0,0,0
40.7223,-73.9551,22,0,0,0
40.7202,-74.0023,20,0,0,0
40.7108,-74.0058,1,1,0,0
40.6823,-73.979,21,0,0,0
40.7948,-73.9209,19,1,0,0
40.7503,-74.0058,19,0,0,0
40.7412,-73.9982,11,0,0,0
40.8116,-73.9625,21,1,0,0
40.7724,-73.9671,21,0,0,0
40.7184,-74.0104,23,1,0,0
40.7143,-73.9572,22,0,0,0
40.7091,-74.0161,10,0,0,0
40.7448,-73.9341,16,0,0,0
40.7633,-73.961,6,0,0,0
40.7595,-73.9853,15,0,0,0
40.7355,-73.9866,15,1,0,0
40.6077,-73.9205,12,0,0,0
40.7426,-74.0072,15,0,0,0
40.7401,-73.9918,16,0,0,0
40.7219,-73.9934,21,1,0,0
40.7616,-73.9731,15,0,0,0
40.7263,-73.9917,17,0,0,0
40.7444,-74.0066,21,0,0,0
40.8051,-73.9668,17,0,0,0
40.7675,-73.9154,11,0,0,0
40.7381,-74.0095,21,0,0,0
40.759,-73.9687,15,0,0,0
40.8056,-73.9664,20,0,0,0
40.7464,-74.0015,13,0,0,0
40.7654,-73.9627,0,1,0,0
40.7197,-73.9871,6,0,0,0
40.7754,-73.9502,3,0,0,0
40.7514,-73.9936,16,1,0,0
40.6484,-73.7831,22,0,0,0
40.7731,-73.9606,9,0,0,0
40.77,-73.9821,19,0,0,0
40.7786,-73.9836,6,0,0,0
40.7393,-73.9882,14,0,0,0
40.7198,-73.9993,15,0,0,0
40.7542,-73.9984,9,0,0,0
40.7384,-73.9855,23,1,0,0
40.7835,-73.9819,8,0,0,0
40.7552,-73.9751,10,0,0,0
40.7641,-73.9733,21,0,0,0
40.7222,-73.9871,1,1,0,0
40.7536,-73.985,14,0,0,0
40.7176,-74.0035,15,0,0,0
40.719,-74.0052,17,0,0,0
40.7533,-73.9811,16,0,0,0
40.7195,-73.9973,8,0,0,0
40.7496,-74.0029,17,0,0,0
40.7209,-73.957,2,1,0,0
40.7387,-73.9889,21,0,0,0
40.7141,-74.0145,17,0,0,0
40.774,-73.8719,20,0,0,0
40.7284,-73.9954,6,0,0,0
40.7843,-73.9477,21,0,0,0
40.7269,-73.9768,6,0,0,0
40.7563,-73.9901,23,0,0,0
40.7508,-73.9788,13,0,0,0
40.705,-73.9207,23,0,0,0
40.744,-73.9837,18,0,0,0
40.7998,-73.9719,16,0,0,0
40.7618,-73.9867,18,1,0,0
40.7436,-73.9904,16,0,0,0
40.7629,-73.9601,17,0,0,0
40.7277,-74.0073,16,0,0,0
40.7221,-74.004,13,0,0,0
40.7649,-73.9879,20,1,0,0
40.7452,-73.9828,17,0,0,0
40.7683,-73.8622,12,0,0,0
40.7603,-73.9872,9,0,0,0
40.6922,-73.9862,22,0,0,0
40.6789,-73.9822,14,1,0,0
40.7794,-73.9447,13,1,0,0
40.7562,-73.9832,19,1,0,0
40.7492,-73.9766,23,1,0,0
40.7429,-73.9966,10,0,0,0
40.7288,-74.0053,22,0,0,0
40.685,-73.9713,8,1,0,0
40.726,-73.9794,2,1,0,0
40.7567,-73.9743,20,0,0,0
40.7461,-73.9843,15,1,0,0
40.7448,-73.9798,18,0,0,0
40.7391,-73.9915,18,0,0,0
40.7467,-73.9838,16,0,0,0
40.7424,-74.0011,10,1,0,0
40.8036,-73.9554,6,1,0,0
40.7309,-74.0043,22,1,0,0
40.711,-74.0092,15,0,0,0
40.7366,-73.9991,5,0,0,0
40.7552,-73.9712,21,0,0,0
40.7212,-74.0014,5,0,0,0
40.774,-73.8726,21,0,0,0
40.7387,-74.003,4,0,0,0
40.732,-73.992,10,0,0,0
40.7549,-73.9706,17,0,0,0
40.7565,-73.9763,18,0,0,0
40.9725,-73.8839,17,0,-1,-1
40.7113,-73.9377,2,1,0,0
40.7267,-73.9924,23,0,0,0
40.7466,-73.9841,17,0,0,0
40.7351,-74.0541,19,1,0,0
40.7469,-73.9816,18,0,0,0
40.7228,-73.8424,21,1,0,0
40.7591,-73.9884,21,1,0,0
40.7132,-74.0045,15,1,0,0
40.7075,-73.9449,15,1,0,0
40.7614,-74.0,15,0,0,0
40.7325,-73.9877,19,0,0,0
40.7623,-73.988,6,0,0,0
40.7738,-73.9573,11,1,0,0
40.6853,-73.9197,7,0,0,0
40.7533,-73.9962,17,0,0,0
40.7176,-74.0103,23,1,0,0
40.7434,-73.9744,9,0,0,0
40.721,-73.9831,19,1,0,0
40.7202,-74.0109,4,0,0,0
40.7234,-74.0027,16,0,0,0
40.7805,-73.9781,11,0,0,0
40.7562,-73.9717,17,0,0,0
40.7637,-74.0614,11,0,0,0
40.7385,-73.8652,20,1,0,0
40.6668,-73.9816,23,0,0,0
40.724,-74.0004,14,0,0,0
40.7736,-73.9496,9,1,0,0
40.7536,-73.9947,18,0,0,0
40.7223,-73.9449,7,0,0,0
40.7405,-74.0079,15,1,0,0
40.7696,-73.95,9,1,0,0
40.7608,-73.9825,13,0,0,0
40.7025,-73.9905,17,0,0,0
40.7194,-73.9996,11,0,0,0
40.7403,-74.0059,21,0,0,0
40.7242,-73.996,15,0,0,0
40.7661,-73.9579,21,1,0,0
40.7636,-73.9672,12,1,0,0
40.7613,-73.9994,7,0,0,0
40.6745,-73.9735,8,0,0,0
40.6848,-73.9919,22,1,0,0
40.7999,-73.9703,21,0,0,0
40.7511,-74.0022,8,0,0,0
40.7405,-73.9902,17,0,0,0
40.7573,-73.9721,7,0,0,0
40.7556,-73.9817,4,0,0,0
40.7551,-73.9756,16,0,0,0
40.7228,-73.9941,19,0,0,0
40.776,-73.9899,10,0,0,0
40.7728,-73.9518,6,0,0,0
40.7141,-74.0146,12,0,0,0
40.7656,-73.9782,11,0,0,0
40.7406,-74.0078,23,1,0,0
40.738,-73.9921,17,0,0,0
40.7503,-73.9948,6,0,0,0
40.7278,-73.9852,8,0,0,0
40.7795,-73.9838,19,0,0,0
40.7739,-73.8717,15,0,0,0
40.7208,-74.0495,5,1,0,0
40.7651,-73.9684,15,0,0,0
40.727,-73.9588,22,0,0,0
40.7182,-73.9999,3,1,0,0
40.6636,-73.9449,2,0,0,0
40.7592,-73.9786,16,0,0,0
40.7604,-73.9799,14,0,0,0
40.7826,-73.953,10,1,0,0
40.7493,-73.9786,19,1,0,0
40.7303,-73.9935,18,0,0,0
40.7799,-73.9746,17,1,0,0
40.7731,-73.8856,16,1,0,0
40.7754,-73.9795,12,0,0,0
40.7592,-73.9867,20,0,0,0
40.7364,-73.9932,19,0,0,0
40.7619,-73.9819,11,0,0,0
40.756,-73.9876,21,0,0,0
40.771,-73.9836,22,0,0,0
40.7236,-74.0107,20,0,0,0
40.7643,-73.9809,2,0,0,0
40.749,-73.9727,19,0,0,0
40.7528,-74.0049,7,0,0,0
40.7902,-73.9659,14,0,0,0
40.7758,-73.915,13,0,0,0
40.7706,-73.8654,11,1,0,0
40.7719,-73.9522,17,0,0,0
40.7306,-73.9805,6,0,0,0
40.7364,-73.9966,20,0,0,0
40.7435,-73.9206,23,0,0,0
40.778,-73.952,4,0,0,0
40.6877,-74.1822,9,0,1,1
40.7707,-73.8655,9,0,0,0
40.7081,-74.0117,11,1,0,0
40.7445,-73.9758,19,0,0,0
40.7252,-73.9527,12,0,0,0
40.7795,-73.988,7,0,0,0
40.7331,-74.0064,21,1,0,0
40.7803,-73.9596,17,0,0,0
40.6445,-73.7829,23,0,0,0
40.7796,-73.9838,20,1,0,0
40.7502,-73.977,16,0,0,0
40.7453,-73.9724,22,1,0,0
40.706,-74.0083,22,0,0,0
40.7743,-73.9594,14,0,0,0
40.6806,-73.9463,7,0,0,0
40.7319,-73.9997,16,1,0,0
40.7318,-73.9838,3,0,0,0
40.7687,-73.862,23,0,0,0
40.7188,-74.0087,7,1,0,0
40.7632,-73.9666,6,0,0,0
40.7349,-73.9971,18,0,0,0
40.7414,-73.9939,6,0,0,0
40.7653,-73.9682,7,0,0,0
40.7135,-73.9619,19,0,0,0
40.7248,-73.9988,18,0,0,0
40.7494,-73.955,22,0,0,0
40.7283,-74.0071,11,0,0,0
40.7809,-73.977,8,1,0,0
40.7713,-73.9567,6,0,0,0
40.6853,-73.9914,23,0,0,0
40.7503,-73.9792,17,0,0,0
40.7481,-73.9808,10,0,0,0
40.7209,-74.0025,6,0,0,0
40.7364,-73.8784,23,1,0,0
40.7644,-73.9707,14,0,0,0
40.6772,-73.9723,1,0,0,0
40.7191,-73.9965,22,0,0,0
40.7413,-73.9898,18,1,0,0
40.7614,-73.9735,0,0,0,0
40.7842,-73.9799,8,0,0,0
40.7218,-73.9581,0,0,0,0
40.7243,-73.9511,23,1,0,0
40.7272,-73.9749,17,1,0,0
40.7916,-73.9647,21,1,0,0
40.7681,-73.9659,19,0,0,0
40.735,-73.9799,7,0,0,0
40.7423,-74.0045,22,0,0,0
40.7735,-73.9794,9,0,0,0
40.7443,-73.9854,15,0,0,0
40.732,-74.0035,12,0,0,0
40.7421,-74.0043,1,0,0,0
40.6809,-74.001,10,1,0,0
40.7349,-73.9911,11,0,0,0
40.7748,-73.9585,18,0,0,0
40.759,-73.9611,0,1,0,0
40.7164,-73.9912,7,0,0,0
40.7155,-73.9446,13,1,0,0
40.7331,-73.9983,20,1,0,0
40.7765,-73.96,17,0,0,0
40.7192,-73.963,12,1,0,0
40.6457,-73.7766,5,1,0,0
40.7569,-73.9738,18,0,0,0
40.7425,-73.9977,13,0,0,0
40.7615,-73.9824,19,0,0,0
40.7166,-73.9976,16,0,0,0
40.7483,-74.0056,11,0,0,0
40.7189,-74.0109,6,1,0,0
40.7239,-74.0024,12,1,0,0
40.7309,-73.9914,13,0,0,0
40.7615,-73.9638,18,1,0,0
40.6646,-73.9786,22,0,0,0
40.7538,-73.9767,12,0,0,0
40.7591,-73.9805,22,0,0,0
40.7419,-73.9904,15,0,0,0
40.7971,-73.9736,14,0,0,0
40.7236,-74.0095,1,1,0,0
40.719,-73.9906,14,1,0,0
40.7612,-73.9863,10,0,0,0
40.7506,-73.9781,20,0,0,0
40.7329,-73.9978,11,0,0,0
40.7776,-73.9461,7,0,0,0
40.7255,-73.9923,15,0,0,0
40.7574,-73.9631,7,0,0,0
40.7551,-73.9712,18,0,0,0
40.7377,-73.9804,11,1,0,0
40.7716,-73.9562,10,0,0,0
40.7281,-74.0052,20,0,0,0
40.7746,-73.9843,21,0,0,0
40.7202,-74.0,12,0,0,0
40.7371,-73.9865,16,0,0,0
40.7406,-73.9726,18,0,0,0
40.7196,-73.993,1,1,0,0
40.7512,-73.9904,0,0,0,0
40.7016,-73.9674,19,0,0,0
40.7548,-73.9935,9,0,0,0
40.7722,-73.956,17,0,0,0
40.5974,-74.0731,17,1,0,-1
40.7303,-74.0043,21,0,0,0
40.7153,-74.0112,18,0,0,0
40.7209,-73.9878,21,1,0,0
40.6418,-73.7889,11,1,0,0
40.773,-73.8854,7,0,0,0
40.6468,-73.7896,21,1,0,0
40.7464,-73.9723,19,1,0,0
40.7603,-73.9644,18,0,0,0
40.7481,-73.9712,17,1,0,0
40.7027,-73.9266,20,0,0,0
40.7346,-73.99,11,0,0,0
40.7366,-73.9788,17,0,0,0
40.7603,-73.9849,10,1,0,0
40.75,-73.9876,19,0,0,0
40.7618,-73.9709,17,0,0,0
40.7831,-73.9781,10,0,0,0
40.7693,-73.9827,2,1,0,0
40.705,-74.0101,18,0,0,0
40.7897,-73.9662,9,0,0,0
40.7394,-74.007,4,1,0,0
40.7251,-73.9921,22,0,0,0
40.7664,-73.9673,18,0,0,0
40.6548,-73.9781,14,1,0,0
40.7312,-74.0093,17,1,0,0
40.7918,-73.9671,9,0,0,0
40.7677,-73.9834,13,0,0,0
40.7637,-73.9962,19,0,0,0
40.7453,-74.0079,8,0,0,0
40.6762,-73.9799,22,0,0,0
40.747,-73.9929,6,0,0,0
40.7624,-73.9749,15,0,0,0
40.7051,-74.007,18,0,0,0
40.7377,-74.0028,21,0,0,0
40.7772,-73.9754,6,0,0,0
40.7506,-73.9804,20,0,0,0
40.6267,-74.0308,13,0,0,0
40.7157,-73.7349,12,0,0,0
40.7631,-73.9823,15,0,0,0
40.7482,-73.9879,6,1,0,0
40.7208,-74.0085,0,1,0,0
40.7726,-73.947,8,0,0,0
40.7422,-73.9933,9,0,0,0
40.7335,-73.9765,17,0,0,0
40.7728,-73.886,18,1,0,0
40.7377,-74.0002,0,1,0,0
40.7272,-73.9957,9,0,0,0
40.7528,-73.9679,19,1,0,0
40.7599,-73.9856,8,1,0,0
40.7396,-74.0065,13,1,0,0
40.7605,-73.9734,16,0,0,0
40.7307,-73.9909,16,0,0,0
40.7612,-73.9731,20,0,0,0
40.704,-74.0144,19,0,0,0
40.6419,-73.788,15,0,0,0
40.6372,-73.96,16,1,0,0
40.7298,-74.0049,0,1,0,0
40.6799,-73.975,17,0,0,0
40.737,-74.0074,9,0,0,0
40.6418,-73.7885,17,0,0,0
40.7386,-73.9854,15,0,0,0
40.7731,-73.9503,22,1,0,0
40.7025,-73.9876,18,0,0,0
40.7259,-73.9964,11,0,0,0
40.7279,-74.0011,13,1,0,0
40.7082,-73.9113,11,0,0,0
40.7169,-74.0391,20,0,0,0
40.7533,-73.9726,9,0,0,0
40.7686,-73.9551,18,1,0,0
40.6721,-73.9838,14,1,0,0
40.7306,-73.9849,8,0,0,0
40.7566,-73.9737,17,0,0,0
40.7284,-73.9997,23,1,0,0
40.7518,-73.993,11,0,0,0
40.7641,-73.9706,19,0,0,0
40.7741,-73.8719,8,0,0,0
40.7497,-73.9798,17,0,0,0
40.7547,-73.986,17,0,0,0
40.7314,-74.0041,22,0,0,0
40.8663,-73.9281,3,1,0,0
40.7419,-74.0075,16,0,0,0
40.6968,-73.9138,17,0,0,0
40.751,-73.9802,20,0,0,0
40.7122,-73.9946,18,0,0,0
40.7556,-73.9711,19,0,0,0
40.7733,-73.962,15,0,0,0
40.7239,-74.0046,20,0,0,0
40.7728,-73.9495,18,0,0,0
40.7316,-73.9831,8,0,0,0
40.7257,-74.0058,0,0,0,0
40.7386,-73.9992,19,0,0,0
40.7261,-73.9876,9,1,0,0
40.7195,-74.0007,17,0,0,0
40.8408,-73.9217,17,0,0,0
40.756,-73.9912,20,1,0,0
40.7557,-73.9643,14,0,0,0
40.7473,-73.9858,14,0,0,0
40.756,-73.9969,6,0,0,0
40.7767,-73.9829,0,0,0,0
40.725,-74.0015,9,0,0,0
40.7565,-73.9664,20,0,0,0
40.7564,-73.9939,15,0,0,0
40.7592,-73.9957,9,0,0,0
40.7149,-73.9649,10,1,0,0
40.7301,-73.9857,21,0,0,0
40.7387,-73.9917,19,0,0,0
40.7843,-73.9731,6,0,0,0
40.7591,-73.9773,22,0,0,0
40.6484,-73.7833,17,0,0,0
40.7588,-73.9729,10,0,0,0
40.7647,-73.9795,13,0,0,0
40.6709,-73.9721,23,1,0,0
40.7202,-73.9791,7,0,0,0
40.7717,-73.981,18,0,0,0
40.7554,-73.9764,20,0,0,0
40.756,-73.9964,11,1,0,0
40.7514,-73.9733,11,0,0,0
40.7597,-73.9899,5,0,0,0
40.7625,-73.9861,20,0,0,0
40.7793,-73.9848,8,0,0,0
40.745,-73.9919,19,1,0,0
40.774,-73.8724,16,0,0,0
40.7368,-73.9787,15,0,0,0
40.7373,-73.9813,16,1,0,0
40.7659,-73.9576,16,0,0,0
40.6772,-74.0155,14,0,0,0
40.6297,-73.9632,14,1,0,0
40.7675,-73.9925,13,0,0,0
40.7587,-73.9725,19,0,0,0
40.7434,-73.9819,16,0,0,0
40.7144,-74.0084,17,0,0,0
40.7372,-73.9905,0,0,0,0
40.7666,-73.9529,9,0,0,0
40.7309,-73.9913,3,1,0,0
40.7525,-74.0075,14,0,0,0
40.7589,-73.9839,23,0,0,0
41.0105,-73.696,13,0,3,3
40.7603,-73.997,9,0,0,0
40.8523,-73.9377,6,0,0,0
40.7228,-73.9971,13,0,0,0
40.7854,-73.9776,15,0,0,0
40.7216,-74.0117,16,0,0,0
40.7279,-73.9891,9,0,0,0
40.7146,-73.9383,5,0,0,0
40.7024,-74.0114,18,0,0,0
40.7739,-73.8726,17,0,0,0
40.7586,-73.986,21,0,0,0
40.7127,-73.9411,16,1,0,0
40.7472,-73.9563,16,1,0,0
40.7165,-74.0052,13,1,0,0
40.718,-73.9453,7,1,0,0
40.7607,-73.9836,16,0,0,0
40.774,-73.8708,20,1,0,0
40.743,-74.0076,21,0,0,0
40.7241,-73.9972,22,0,0,0
40.7538,-73.9785,15,0,0,0
40.7245,-73.9926,15,1,0,0
40.7525,-73.9795,11,0,0,0
40.7329,-74.0071,19,0,0,0
40.7977,-73.973,14,0,0,0
40.7441,-73.9844,11,0,0,0
40.745,-73.9888,21,0,0,0
40.77,-73.8646,19,0,0,0
40.7636,-73.9713,14,0,0,0
40.6719,-74.0104,17,1,0,0
40.7207,-74.0039,17,0,0,0
40.7552,-73.9914,16,0,0,0
40.7339,-73.9911,12,0,0,0
40.7367,-73.9888,17,0,0,0
40.7304,-73.9778,10,0,0,0
40.7242,-73.9982,17,1,0,0
40.7687,-73.9622,20,0,0,0
40.758,-73.9819,21,0,0,0
40.7745,-73.9638,9,0,0,0
40.6723,-73.9299,11,0,0,0
40.7446,-73.989,9,0,0,0
40.6536,-74.0031,22,0,0,0
40.7727,-73.9515,7,0,0,0
40.7545,-73.9693,10,1,0,0
40.7821,-73.9758,5,0,0,0
40.7636,-73.9637,6,0,0,0
40.7062,-73.9197,7,0,0,0
40.7908,-73.9765,16,1,0,0
40.6485,-73.7843,21,0,0,0
40.7165,-74.0147,18,0,0,0
40.6895,-73.9451,8,1,0,0
40.7476,-73.9866,18,1,0,0
40.8095,-74.0736,22,0,0,-1
40.8561,-73.9364,10,0,0,0
40.7246,-73.9987,17,0,0,0
40.7647,-73.9845,16,0,0,0
40.7381,-73.9901,16,1,0,0
40.7256,-73.9999,15,0,0,0
40.7702,-73.9577,7,0,0,0
40.6826,-73.9236,21,0,0,0
40.7294,-73.999,22,0,0,0
40.6748,-74.0163,21,0,0,0
40.7401,-74.0061,1,0,0,0
40.7752,-73.9635,5,0,0,0
40.7413,-74.0051,19,0,0,0
40.7168,-73.943,23,0,0,0
40.7557,-73.984,22,0,0,0
40.7546,-74.0071,8,1,0,0
40.7772,-73.9827,8,0,0,0
40.7551,-73.9734,21,0,0,0
40.7462,-73.9841,17,0,0,0
40.7688,-73.958,8,1,0,0
40.6914,-73.738,13,1,0,0
40.7825,-73.9587,17,0,0,0
40.7617,-73.9746,13,1,0,0
40.7689,-73.8879,20,1,0,0
40.7412,-74.0297,18,1,0,0
40.7606,-73.9797,13,0,0,0
40.768,-73.9588,6,0,0,0
40.7046,-73.8897,3,0,0,0
40.7203,-73.9995,16,0,0,0
40.7309,-74.0069,23,0,0,0
40.7401,-73.9844,12,0,0,0
40.6299,-74.0224,22,0,0,0
40.7331,-73.9966,6,0,0,0
40.7282,-73.9832,7,0,0,0
40.6996,-73.9521,19,0,0,0
40.7579,-73.92,1,0,0,0
40.7584,-73.963,16,0,0,0
40.7196,-73.9619,19,0,0,0
40.8021,-73.9614,19,0,0,0
40.7216,-73.9978,18,0,0,0
40.728,-73.9916,18,0,0,0
40.7331,-73.9522,16,1,0,0
40.7653,-73.9753,16,0,0,0
40.7487,-73.9842,20,0,0,0
40.7444,-73.9854,6,0,0,0
40.742,-74.0037,19,0,0,0
40.7026,-73.9937,19,0,0,0
40.7078,-74.0073,11,0,0,0
40.7608,-73.9697,16,0,0,0
40.6817,-73.9645,17,1,0,0
40.7625,-73.9702,12,0,0,0
40.701,-73.9263,3,0,0,0
40.7168,-74.0056,16,0,0,0
40.7334,-74.0082,7,0,0,0
40.7187,-73.9892,3,1,0,0
40.8019,-73.9573,4,0,0,0
40.7341,-74.0084,11,0,0,0
40.7309,-73.9754,10,0,0,0
40.7362,-73.9981,6,0,0,0
40.7672,-73.9817,15,1,0,0
40.7675,-73.9533,10,0,0,0
40.7394,-73.9939,18,0,0,0
40.7707,-73.8655,12,1,0,0
40.6416,-73.7883,18,1,0,0
40.7514,-74.0033,21,0,0,0
40.7938,-73.9725,21,1,0,0
40.7575,-73.965,3,0,0,0
40.761,-73.999,7,0,0,0
40.7333,-74.0047,7,0,0,0
40.7727,-73.9578,18,0,0,0
40.7249,-73.9991,16,0,0,0
40.7586,-74.0005,15,0,0,0
40.7284,-74.007,8,0,0,0
40.7513,-74.0067,16,0,0,0
40.7399,-74.0061,17,1,0,0
40.7361,-74.009,14,1,0,0
40.7467,-74.0019,10,1,0,0
40.6447,-73.7821,6,0,0,0
40.7794,-73.8217,5,0,0,0
40.6814,-73.9275,19,0,0,0
40.744,-73.9837,20,0,0,0
40.7246,-74.0008,18,0,0,0
40.7042,-74.0105,17,0,0,0
40.6933,-73.9891,6,0,0,0
40.7543,-73.969,17,0,0,0
40.7637,-73.9763,14,0,0,0
40.7307,-73.9988,23,0,0,0
40.7478,-73.9948,16,1,0,0
40.6596,-73.9881,17,1,0,0
40.7753,-73.9633,14,0,0,0
40.7265,-74.0023,23,0,0,0
40.7217,-73.9805,14,0,0,0
40.6904,-73.9331,23,1,0,0
40.7467,-73.9973,22,0,0,0
40.7465,-73.9939,11,0,0,0
40.727,-73.9767,19,1,0,0
40.7572,-73.9741,18,1,0,0
40.7636,-73.9736,11,0,0,0
40.7678,-73.8678,18,0,0,0
40.7578,-73.9718,19,0,0,0
40.7398,-74.0053,23,0,0,0
40.739,-74.0009,23,0,0,0
40.7033,-74.0144,14,0,0,0
40.7238,-73.9506,13,1,0,0
40.7444,-73.9856,9,0,0,0
40.7597,-73.9735,20,0,0,0
40.7115,-73.9948,19,0,0,0
40.7453,-74.0022,17,0,0,0
40.7491,-73.9744,12,1,0,0
40.7671,-73.9839,8,0,0,0
40.6865,-73.9668,22,0,0,0
40.7213,-73.9992,18,1,0,0
40.6761,-74.0125,8,0,0,0
40.7495,-73.9925,19,0,0,0
40.7252,-74.0023,9,0,0,0
40.7404,-73.9998,4,0,0,0
40.7408,-74.0046,22,0,0,0
40.7057,-73.9269,7,1,0,0
40.7294,-73.9949,14,0,0,0
40.7574,-73.9647,21,0,0,0
40.7631,-73.9808,12,0,0,0
40.6769,-74.0003,19,0,0,0
40.7524,-73.9999,18,1,0,0
40.7732,-73.9893,16,1,0,0
40.6828,-73.9617,17,1,0,0
40.7505,-74.0023,19,1,0,0
40.7287,-73.9954,6,0,0,0
40.7707,-73.991,21,0,0,0
40.7629,-73.9603,17,1,0,0
40.7272,-74.0063,17,0,0,0
40.7513,-73.997,15,0,0,0
40.7225,-73.989,8,0,0,0
40.756,-73.9747,17,0,0,0
40.7378,-73.988,21,1,0,0
40.7259,-74.0091,5,0,0,0
40.8081,-73.9585,20,0,0,0
40.7654,-73.9755,18,0,0,0
40.7582,-73.9727,17,0,0,0
40.7459,-73.9781,20,1,0,0
40.712,-73.9681,7,0,0,0
40.737,-73.9891,20,1,0,0
40.7583,-73.9816,13,0,0,0
40.7311,-73.9952,19,1,0,0
40.8037,-73.9557,12,1,0,0
40.779,-73.9805,4,0,0,0
40.7681,-73.9893,14,1,0,0
40.7574,-73.9756,14,0,0,0
40.6911,-73.9897,8,0,0,0
40.7183,-73.9439,7,0,0,0
40.7106,-73.9665,20,1,0,0
40.7457,-73.9894,0,0,0,0
40.8369,-73.9219,18,0,0,0
40.7041,-74.0086,14,0,0,0
40.774,-73.8721,20,0,0,0
40.7511,-73.9941,18,0,0,0
40.7194,-73.9642,21,0,0,0
40.7514,-73.9918,12,0,0,0
40.7585,-73.9709,16,0,0,0
40.7388,-74.0393,7,0,0,0
40.7518,-73.9768,10,1,0,0
40.7535,-73.9747,14,0,0,0
40.6596,-73.6888,6,0,5,-1
40.7752,-73.9635,8,0,0,0
40.7428,-73.9722,16,0,0,0
40.7196,-74.0322,16,1,0,0
40.7629,-73.9814,8,0,0,0
40.7658,-73.9806,8,0,0,0
40.7147,-73.9433,11,0,0,0
40.7312,-73.9741,22,0,0,0
40.7028,-74.0115,16,0,0,0
40.7773,-73.9592,16,1,0,0
40.7703,-73.9659,17,0,0,0
40.7529,-73.8245,4,0,0,0
40.7501,-73.9865,9,0,0,0
40.7505,-73.9842,19,0,0,0
40.7353,-73.9983,15,0,0,0
40.7901,-73.9746,6,0,0,0
40.6884,-73.9636,11,0,0,0
40.7468,-73.9819,15,0,0,0
40.7235,-73.9984,19,0,0,0
40.7513,-73.9797,16,0,0,0
40.7748,-73.9136,8,1,0,0
40.7619,-73.9744,16,1,0,0
40.6989,-73.9245,16,1,0,0
40.7544,-73.9793,19,0,0,0
40.7341,-74.0026,15,1,0,0
40.7308,-73.9957,14,0,0,0
40.7314,-73.9826,22,0,0,0
40.6459,-73.7767,14,0,0,0
40.6707,-73.9335,18,1,0,0
40.729,-73.9784,19,0,0,0
40.7014,-74.0121,20,1,0,0
40.733,-74.002,11,1,0,0
40.7485,-73.9887,6,0,0,0
40.7395,-74.0022,2,0,0,0
40.7379,-73.9901,11,0,0,0
40.7627,-73.9733,13,1,0,0
40.7262,-73.9462,9,0,0,0
40.7386,-73.99,17,0,0,0
40.7207,-73.9871,20,0,0,0
40.7556,-73.9851,16,0,0,0
40.7248,-73.9954,19,0,0,0
40.7222,-73.9576,22,0,0,0
40.7312,-74.0067,16,0,0,0
40.7848,-73.9558,18,1,0,0
40.7567,-73.9784,13,0,0,0
40.7416,-73.9894,13,1,0,0
40.7257,-73.9965,19,0,0,0
40.7845,-73.9476,12,1,0,0
40.7821,-73.9596,19,0,0,0
40.7265,-74.0036,16,0,0,0
40.7512,-73.9939,14,0,0,0
40.7315,-74.0068,19,0,0,0
40.7722,-73.9644,7,0,0,0
40.7616,-73.9731,13,0,0,0
40.751,-73.9746,16,0,0,0
40.7581,-73.9761,23,0,0,0
40.7814,-74.0359,7,0,0,-1
40.7241,-74.0035,3,1,0,0
40.7552,-73.9848,16,0,0,0
40.6834,-73.997,19,0,0,0
40.7375,-74.0082,20,0,0,0
40.7822,-73.9762,8,0,0,0
40.7075,-73.9494,22,0,0,0
40.744,-73.989,12,0,0,0
40.6493,-73.944,7,0,0,0
40.7639,-73.9797,18,0,0,0
40.7329,-73.9958,16,0,0,0
40.7201,-74.0024,14,0,0,0
40.7581,-73.9825,20,0,0,0
40.8217,-73.9503,18,1,0,0
40.7583,-73.983,14,0,0,0
40.73,-73.9896,14,0,0,0
40.6805,-73.9839,4,0,0,0
40.7212,-73.9991,16,1,0,0
40.7817,-73.954,11,0,0,0
40.7593,-73.9942,15,0,0,0
40.7057,-73.9216,23,1,0,0
40.9955,-73.8137,16,1,-1,-1
40.7525,-73.9783,16,0,0,0
40.7522,-73.9793,16,0,0,0
40.7129,-73.9567,22,1,0,0
40.7685,-73.8626,19,0,0,0
40.6768,-73.9636,20,0,0,0
40.7253,-73.9926,22,0,0,0
40.769,-73.9567,5,0,0,0
40.7758,-73.9876,16,0,0,0
40.7068,-74.0129,16,0,0,0
40.7274,-73.9885,22,0,0,0
40.6737,-73.9568,2,1,0,0
40.7529,-73.9944,6,0,0,0
40.6951,-73.9871,17,1,0,0
40.7651,-73.9818,0,1,0,0
40.7189,-73.9748,11,1,0,0
40.7482,-73.9891,7,0,0,0
40.7823,-73.9757,11,1,0,0
40.7757,-73.9465,18,1,0,0
40.7225,-73.9592,22,0,0,0
40.8509,-73.9278,12,0,0,0
40.7503,-74.006,18,0,0,0
40.7591,-73.9942,8,0,0,0
40.7606,-73.996,7,0,0,0
40.7576,-73.9861,16,1,0,0
40.7326,-74.0087,14,0,0,0
40.8819,-74.0665,4,1,4,-1
40.7332,-74.001,21,0,0,0
40.7113,-74.016,16,0,0,0
40.7592,-74.0235,12,0,0,0
40.7257,-74.0054,10,0,0,0
40.7594,-73.9919,13,1,0,0
40.7408,-74.0046,23,0,0,0
40.738,-73.9851,18,0,0,0
40.7357,-74.0067,22,0,0,0
40.7466,-73.9921,7,0,0,0
40.7447,-73.995,6,0,0,0
40.7021,-73.9423,21,0,0,0
40.737,-73.9869,18,0,0,0
40.7454,-73.9793,21,0,0,0
40.765,-73.9953,9,1,0,0
40.7754,-73.9903,19,0,0,0
40.6757,-73.9548,10,1,0,0
40.727,-73.9577,17,1,0,0
40.7543,-73.9944,0,1,0,0
40.7408,-73.9858,17,0,0,0
40.7477,-73.95,13,0,0,0
40.7215,-73.9884,5,0,0,0
40.6954,-73.9673,9,0,0,0
40.7758,-73.9828,19,0,0,0
40.8465,-73.9336,21,0,0,0
40.722,-74.0042,23,0,0,0
40.7226,-74.0105,6,0,0,0
40.7406,-73.9911,14,0,0,0
40.7259,-73.9849,5,0,0,0
40.7453,-73.9784,21,0,0,0
40.7466,-73.9937,20,0,0,0
40.7379,-73.9922,13,0,0,0
40.7547,-73.9879,15,0,0,0
40.7492,-73.9901,22,0,0,0
40.7743,-73.8724,21,0,0,0
40.776,-73.9532,7,0,0,0
40.7119,-73.9525,23,1,0,0
40.7707,-73.8662,14,0,0,0
40.7707,-73.9529,8,1,0,0
40.6295,-73.9439,19,0,0,0
40.783,-73.9509,10,0,0,0
40.6862,-74.0013,6,0,0,0
40.7481,-74.0073,20,1,0,0
40.7375,-74.0297,2,0,0,0
40.7566,-73.9788,21,0,0,0
40.713,-73.9927,11,1,0,0
40.7715,-73.9607,19,0,0,0
40.744,-73.9895,10,0,0,0
40.7607,-73.97,10,1,0,0
40.7868,-73.9809,15,0,0,0
40.6444,-73.782,19,0,0,0
40.7381,-73.9879,22,0,0,0
40.7166,-73.9542,14,1,0,0
40.7946,-73.9663,16,0,0,0
40.7432,-73.9873,18,0,0,0
40.7386,-73.9959,7,0,0,0
40.7395,-74.0065,13,0,0,0
40.7209,-73.9851,13,0,0,0
40.6744,-73.9751,22,0,0,0
40.6881,-73.9537,19,1,0,0
40.7049,-74.0102,20,0,0,0
40.6867,-73.9715,16,1,0,0
40.7042,-74.009,4,0,0,0
40.7238,-73.9917,17,1,0,0
40.7651,-73.9552,14,0,0,0
40.6619,-73.9858,12,0,0,0
40.7488,-73.995,14,1,0,0
40.7611,-73.9994,9,0,0,0
40.7457,-73.9931,8,0,0,0
40.7554,-73.9839,10,0,0,0
40.7764,-73.9577,7,0,0,0
40.7712,-73.9307,17,0,0,0
40.7249,-73.9782,17,0,0,0
40.7527,-73.9896,19,0,0,0
40.7396,-73.9944,15,0,0,0
40.7638,-73.9789,0,0,0,0
40.7224,-73.9595,0,1,0,0
40.7051,-74.0155,14,0,0,0
40.7457,-73.9754,0,0,0,0
40.7473,-74.0017,22,1,0,0
40.7744,-73.9831,5,0,0,0
40.7692,-73.9814,12,1,0,0
40.7425,-73.9967,9,0,0,0
40.7292,-74.0432,19,0,0,0
40.743,-73.9777,8,0,0,0
40.705,-74.0159,18,0,0,0
40.77,-73.9551,17,0,0,0
40.7641,-73.9807,18,0,0,0
40.7727,-73.9494,8,0,0,0
40.7222,-73.9589,4,1,0,0
40.7191,-74.0049,22,0,0,0
40.7656,-73.9822,18,0,0,0
40.6646,-73.9573,18,0,0,0
40.7575,-73.9738,14,0,0,0
40.7498,-73.9854,21,1,0,0
40.7451,-74.0061,15,1,0,0
40.7638,-73.9558,21,0,0,0
40.7267,-74.0055,6,0,0,0
40.7515,-73.9941,12,0,0,0
40.7462,-73.9947,22,0,0,0
40.6316,-73.9465,19,0,0,0
40.6577,-73.9604,22,1,0,0
40.7452,-73.9829,22,0,0,0
40.7239,-73.9938,7,0,0,0
40.8023,-73.9582,4,0,0,0
40.7375,-73.993,17,0,0,0
40.7199,-73.9977,23,1,0,0
40.7565,-73.9761,16,1,0,0
40.7326,-73.9775,7,0,0,0
40.7542,-73.8813,7,0,0,0
40.7049,-73.9338,22,0,0,0
40.7622,-73.9826,21,0,0,0
40.7581,-73.9882,23,1,0,0
40.7387,-73.9888,10,0,0,0
40.7661,-73.9814,17,0,0,0
40.71,-74.0109,15,0,0,0
40.7291,-73.9921,22,0,0,0
40.7488,-74.0302,22,0,0,0
40.7585,-73.9887,23,0,0,0
40.7491,-73.9941,17,0,0,0
40.7373,-73.9963,15,0,0,0
40.7407,-74.0047,8,0,0,0
40.7814,-73.9462,13,0,0,0
40.7305,-73.958,17,0,0,0
40.7254,-73.9841,21,0,0,0
40.7626,-73.9719,19,0,0,0
40.7615,-73.9752,13,0,0,0
40.7312,-74.0084,16,0,0,0
40.7489,-73.9471,22,1,0,0
40.774,-73.8721,18,0,0,0
40.7431,-73.9063,15,0,0,0
40.6747,-74.016,17,1,0,0
40.7402,-74.0021,18,0,0,0
40.7837,-73.9577,15,0,0,0
40.7519,-73.973,12,0,0,0
40.7659,-73.9697,18,0,0,0
40.6449,-73.7823,19,1,0,0
40.6927,-73.9593,11,0,0,0
40.7442,-73.9967,22,0,0,0
40.7017,-73.8194,9,0,0,0
40.7683,-73.9136,10,1,0,0
40.7327,-73.996,16,0,0,0
40.7649,-73.9743,22,1,0,0
40.7388,-73.9958,19,0,0,0
40.7791,-73.9827,9,0,0,0
40.7273,-73.9498,17,1,0,0
40.7199,-74.0075,9,0,0,0
40.7743,-73.9148,21,0,0,0
40.7342,-73.9989,22,0,0,0
40.7647,-73.9686,13,0,0,0
40.7751,-73.9635,21,0,0,0
40.7276,-74.0031,7,0,0,0
40.7742,-73.9634,13,1,0,0
40.7209,-73.9994,10,0,0,0
40.7323,-73.9963,22,0,0,0
40.6999,-73.9483,14,0,0,0
40.7224,-74.0098,20,0,0,0
40.7914,-73.9533,9,1,0,0
40.7669,-73.9676,22,0,0,0
40.7601,-73.9748,18,0,0,0
40.778,-73.9522,6,0,0,0
40.748,-73.9889,22,0,0,0
40.7708,-73.9568,8,0,0,0
40.7682,-73.9846,14,0,0,0
40.7068,-74.0095,21,0,0,0
40.7555,-73.984,18,0,0,0
40.756,-73.9914,15,0,0,0
40.7577,-74.0006,16,0,0,0
40.645,-73.7818,17,1,0,0
40.725,-73.9377,22,0,0,0
40.7566,-73.9824,20,0,0,0
40.7252,-73.9924,15,0,0,0
40.743,-74.0076,20,0,0,0
40.7644,-73.9883,19,0,0,0
40.754,-73.9937,9,0,0,0
40.754,-73.9868,15,0,0,0
40.762,-73.9752,16,0,0,0
40.7035,-74.0104,18,0,0,0
40.7377,-73.988,22,0,0,0
40.6912,-73.9896,17,1,0,0
40.7176,-73.9495,23,1,0,0
40.7842,-73.9495,16,0,0,0
40.7628,-73.9741,13,0,0,0
40.7138,-74.0121,22,0,0,0
40.7174,-74.0101,8,0,0,0
40.6346,-74.0237,17,0,0,0
40.7443,-73.9954,21,1,0,0
40.7582,-73.9691,20,0,0,0
40.7619,-73.9573,19,0,0,0
40.7216,-73.992,16,0,0,0
40.7088,-74.0106,18,0,0,0
40.7448,-73.9818,6,0,0,0
40.7917,-73.9741,9,1,0,0
40.7779,-73.9539,9,1,0,0
40.7263,-74.0019,7,0,0,0
40.7459,-73.9917,4,0,0,0
40.7617,-73.9686,13,0,0,0
40.6093,-73.9642,5,0,0,0
40.7914,-73.9743,15,1,0,0
40.747,-73.9564,13,0,0,0
40.7045,-74.008,12,0,0,0
40.7556,-74.0022,20,0,0,0
40.6956,-73.9476,11,0,0,0
40.7356,-73.9927,19,0,0,0
40.7508,-73.9907,14,0,0,0
40.7524,-73.9755,16,0,0,0
40.7643,-73.9709,19,0,0,0
40.7276,-73.9884,10,1,0,0
40.6683,-73.9827,19,1,0,0
40.691,-74.1774,17,0,1,1
40.7316,-73.9893,8,0,0,0
40.7508,-73.9766,12,1,0,0
40.7391,-73.983,19,0,0,0
40.7244,-73.9935,16,1,0,0
40.7629,-73.9657,14,0,0,0
40.7193,-74.0021,4,1,0,0
40.7267,-74.0027,3,0,0,0
40.7193,-73.9971,17,0,0,0
40.7256,-74.0744,6,1,0,0
40.7704,-73.9502,19,0,0,0
40.7555,-73.9868,16,0,0,0
40.7561,-73.9727,18,1,0,0
40.7321,-73.984,2,1,0,0
40.7727,-73.9584,13,0,0,0
40.784,-73.957,19,0,0,0
40.7412,-73.9998,13,1,0,0
40.7578,-73.976,15,0,0,0
40.7727,-73.9534,15,0,0,0
40.7571,-73.983,20,0,0,0
40.7259,-73.9927,14,0,0,0
40.7112,-74.0058,7,0,0,0
40.7422,-73.9773,14,0,0,0
40.7545,-73.9695,10,0,0,0
40.784,-73.9827,20,1,0,0
40.7135,-73.9589,22,0,0,0
40.7213,-73.9885,18,1,0,0
40.7121,-73.8065,5,0,0,0
40.7221,-73.9918,11,0,0,0
40.7587,-73.9788,18,0,0,0
40.7194,-74.0047,23,0,0,0
40.6888,-73.967,7,0,0,0
40.7827,-73.9592,8,0,0,0
40.7309,-74.0063,23,0,0,0
40.6687,-73.9451,9,0,0,0
40.7351,-74.0098,9,0,0,0
40.6953,-74.1777,1,0,1,1
40.7535,-73.9809,20,1,0,0
40.7565,-73.9759,17,0,0,0
40.7378,-73.9253,10,1,0,0
40.7608,-73.9864,13,1,0,0
40.7213,-73.9882,20,1,0,0
40.7573,-73.98,17,0,0,0
40.774,-73.9823,13,0,0,0
40.7074,-74.0047,9,0,0,0
40.7731,-73.8855,19,0,0,0
40.7139,-74.0123,15,1,0,0
40.8729,-73.9046,5,0,0,0
40.7257,-74.004,16,0,0,0
40.7767,-73.9567,7,0,0,0
40.7428,-73.9929,13,0,0,0
40.7133,-73.9776,6,0,0,0
40.7598,-73.9837,14,0,0,0
40.7565,-73.9766,19,0,0,0
40.7763,-73.9781,21,1,0,0
40.7595,-73.977,19,0,0,0
40.7833,-73.9726,15,0,0,0
40.7413,-73.9939,12,1,0,0
40.8003,-73.9695,6,0,0,0
40.7578,-73.9891,14,0,0,0
40.744,-74.0508,18,1,0,0
40.7335,-73.9973,22,0,0,0
40.7275,-73.9934,18,0,0,0
40.7277,-73.9883,21,1,0,0
40.6901,-73.9841,1,1,0,0
40.8228,-73.9517,15,0,0,0
40.7356,-74.0083,22,0,0,0
40.7228,-73.988,18,1,0,0
40.7384,-73.9998,19,0,0,0
40.7552,-73.9873,22,0,0,0
40.7581,-73.9731,14,0,0,0
40.7406,-74.0056,16,1,0,0
40.7147,-73.9381,21,1,0,0
40.7294,-73.9989,19,1,0,0
40.7634,-73.9966,22,0,0,0
40.72,-73.9984,12,0,0,0
40.7675,-73.9574,21,0,0,0
40.7851,-73.9695,6,0,0,0
40.7397,-73.9892,12,1,0,0
40.764,-73.9566,12,0,0,0
40.6466,-73.7895,15,1,0,0
40.7504,-73.9734,17,0,0,0
40.7926,-73.9768,15,0,0,0
40.7615,-73.994,12,0,0,0
40.7178,-73.8043,13,0,0,0
40.7697,-73.9509,8,1,0,0
40.7584,-73.9706,12,1,0,0
40.7217,-73.9935,19,0,0,0
40.6446,-73.7822,21,0,0,0
40.7409,-73.9975,17,0,0,0
40.7538,-73.9678,20,0,0,0
40.7664,-73.9778,19,0,0,0
40.7387,-74.0068,19,0,0,0
40.69,-73.9504,18,1,0,0
40.7975,-73.9605,7,1,0,0
40.7284,-73.9907,19,0,0,0
40.7588,-73.9721,19,0,0,0
40.7134,-73.9902,14,0,0,0
40.7342,-74.0027,20,1,0,0
40.7778,-73.8435,17,1,0,0
40.6949,-74.1777,9,0,1,1
40.7685,-73.8625,13,0,0,0
40.6449,-73.7822,5,0,0,0
40.7776,-73.951,19,0,0,0
40.7236,-74.0109,20,1,0,0
40.6734,-73.9529,19,0,0,0
40.7341,-73.995,9,1,0,0
40.7266,-73.9917,19,1,0,0
40.7063,-74.0058,20,0,0,0
40.7622,-73.9823,10,0,0,0
40.786,-73.9762,17,0,0,0
40.7563,-73.9898,13,0,0,0
40.693,-73.9939,16,0,0,0
40.7855,-73.95,19,1,0,0
40.7555,-73.9773,13,0,0,0
40.7614,-73.979,8,0,0,0
40.7207,-73.9973,0,1,0,0
40.7166,-74.0,23,1,0,0
40.7916,-73.979,18,0,0,0
40.7554,-74.0315,23,1,0,0
40.7223,-73.9872,10,1,0,0
40.7258,-74.0019,17,0,0,0
40.7175,-73.9448,18,1,0,0
40.7342,-73.9934,20,0,0,0
40.7663,-73.9778,13,0,0,0
40.7246,-73.9966,14,0,0,0
40.7634,-73.9848,20,1,0,0
40.7765,-73.9445,14,1,0,0
40.683,-73.9792,23,0,0,0
40.7229,-74.0034,17,0,0,0
40.7641,-73.9711,16,0,0,0
40.753,-73.9791,17,0,0,0
40.7587,-73.9731,16,1,0,0
40.7616,-73.9744,0,0,0,0
40.7368,-73.9822,6,0,0,0
40.6133,-74.0368,17,0,0,0
40.7569,-73.836,15,1,0,0
40.7789,-73.9559,8,0,0,0
40.7617,-73.9664,15,0,0,0
40.7784,-73.9781,13,1,0,0
40.7764,-73.5592,13,1,-1,-1
40.7193,-73.8758,20,0,0,0
40.7748,-73.9882,4,1,0,0
40.7621,-73.9724,20,1,0,0
40.7799,-73.9787,15,0,0,0
40.7206,-74.0008,17,0,0,0
40.7208,-74.0103,23,0,0,0
40.7324,-73.9991,17,0,0,0
40.7169,-74.0123,11,0,0,0
40.7381,-74.0081,7,0,0,0
40.7521,-73.974,18,1,0,0
40.7589,-73.9799,22,0,0,0
40.7655,-73.9721,20,0,0,0
40.7521,-73.9856,18,0,0,0
40.7437,-73.988,12,1,0,0
40.7256,-74.0011,8,1,0,0
40.7266,-73.9846,8,0,0,0
40.7265,-74.0077,17,0,0,0
41.0084,-73.7152,18,1,3,2
40.7689,-73.9586,1,1,0,0
40.6485,-73.7853,19,0,0,0
40.7171,-73.95,17,0,0,0
40.6465,-73.7898,14,0,0,0
40.7399,-74.0054,0,1,0,0
40.7771,-73.989,19,0,0,0
40.7605,-73.9734,15,1,0,0
40.7517,-73.913,16,0,0,0
40.7586,-73.9747,9,1,0,0
40.7647,-73.9682,18,0,0,0
40.7614,-74.0,21,0,0,0
40.7506,-73.9922,9,0,0,0
40.7547,-73.9698,8,0,0,0
40.7419,-74.0038,8,0,0,0
40.7236,-73.9938,12,0,0,0
40.7714,-73.9822,19,0,0,0
40.7221,-74.0097,14,1,0,0
40.756,-73.9749,15,0,0,0
40.7064,-74.0043,18,0,0,0
40.6761,-73.9571,11,1,0,0
40.7351,-73.9798,5,0,0,0
40.7498,-73.9919,21,0,0,0
40.7228,-73.9552,22,1,0,0
40.6688,-73.9534,1,1,0,0
40.7212,-73.9992,23,0,0,0
40.7312,-73.9998,5,1,0,0
40.774,-73.8716,8,0,0,0
40.7741,-73.9547,18,1,0,0
40.7595,-73.9846,13,1,0,0
40.7234,-73.9912,12,0,0,0
40.6904,-73.9898,8,0,0,0
40.6878,-73.9578,22,1,0,0
40.7431,-73.9862,23,0,0,0
40.7741,-73.8727,19,1,0,0
40.7539,-73.9721,16,0,0,0
40.7574,-73.9764,17,0,0,0
40.6914,-74.1772,12,0,1,1
40.7478,-73.9809,16,1,0,0
40.7341,-74.0029,22,0,0,0
40.7744,-73.9636,13,0,0,0
40.7236,-74.0007,16,0,0,0
40.7477,-74.0038,16,0,0,0
40.7672,-73.9562,7,0,0,0
40.7214,-74.011,18,0,0,0
40.7429,-73.9377,15,0,0,0
40.7453,-73.9907,13,0,0,0
40.7247,-73.9987,22,1,0,0
40.7364,-73.9746,20,0,0,0
40.7391,-73.9992,19,1,0,0
40.7363,-73.9792,17,1,0,0
40.7348,-73.9848,20,0,0,0
40.7313,-73.9887,6,1,0,0
40.7203,-73.9423,11,1,0,0
40.7686,-73.8627,14,1,0,0
40.7278,-73.92,18,0,0,0
40.7559,-73.9907,22,0,0,0
40.7246,-74.0091,11,0,0,0
40.7711,-73.9601,18,0,0,0
40.6873,-73.9569,2,1,0,0
40.7526,-73.9681,6,0,0,0
40.7371,-73.9784,15,0,0,0
40.7347,-73.9927,18,0,0,0
40.7555,-73.9911,16,0,0,0
40.7446,-73.9889,14,0,0,0
40.7575,-73.9904,23,0,0,0
40.7652,-73.9614,9,0,0,0
40.733,-74.0101,22,0,0,0
40.7543,-73.9741,17,0,0,0
40.6987,-73.9314,8,0,0,0
40.7646,-73.9807,12,0,0,0
40.7848,-73.9702,6,0,0,0
40.7397,-73.9812,20,1,0,0
40.7789,-73.9781,22,0,0,0
40.7467,-73.9439,13,0,0,0
40.7709,-73.8661,17,0,0,0
40.7562,-73.9717,22,0,0,0
40.7036,-73.9908,21,0,0,0
40.7637,-73.9824,12,1,0,0
40.722,-73.9772,7,1,0,0
40.6847,-74.1937,10,0,1,1
40.7834,-73.957,18,0,0,0
40.7319,-73.9914,8,0,0,0
40.7299,-73.9893,0,1,0,0
40.6445,-74.0003,4,0,0,0
40.7418,-73.9994,6,0,0,0
40.749,-73.9737,4,1,0,0
40.7207,-73.9967,20,0,0,0
40.6732,-73.8013,20,0,0,0
40.6755,-73.9802,14,1,0,0
40.7799,-73.9746,14,1,0,0
40.7114,-73.9474,21,0,0,0
40.7362,-74.0052,16,1,0,0
40.7619,-73.9696,17,0,0,0
40.7644,-73.9212,10,1,0,0
40.7611,-73.9871,17,0,0,0
40.7079,-73.9449,3,0,0,0
40.7818,-73.9586,11,0,0,0
40.7881,-73.9522,17,0,0,0
40.776,-73.9442,7,0,0,0
40.7413,-73.9976,19,0,0,0
40.7524,-73.9794,21,0,0,0
40.768,-73.8762,16,0,0,0
40.7509,-73.9868,21,1,0,0
40.7218,-73.958,17,0,0,0
40.7185,-73.9572,10,1,0,0
40.7175,-74.0055,5,0,0,0
40.7531,-73.9809,15,0,0,0
40.695,-74.1778,15,0,1,1
40.7108,-73.9362,0,0,0,0
40.7572,-73.9664,18,0,0,0
40.7491,-73.9704,7,0,0,0
40.7238,-74.0108,12,0,0,0
40.7667,-73.953,17,0,0,0
40.7491,-74.0055,17,0,0,0
40.7207,-73.9973,12,1,0,0
40.8837,-73.8633,4,0,0,0
40.8426,-73.9431,14,0,0,0
40.6483,-73.7826,17,0,0,0
40.7742,-73.9472,19,0,0,0
40.7577,-73.9724,22,0,0,0
40.7667,-73.9866,7,0,0,0
40.7716,-73.9829,23,1,0,0
40.7153,-74.0112,16,1,0,0
40.7554,-73.922,0,1,0,0
40.8091,-73.9519,9,0,0,0
40.7077,-73.9667,10,0,0,0
40.7434,-73.994,12,0,0,0
40.7478,-73.9832,23,0,0,0
40.7205,-73.9896,1,1,0,0
40.7281,-73.982,6,0,0,0
40.7413,-74.0063,11,0,0,0
40.7194,-73.9849,16,0,0,0
40.7833,-73.9817,7,0,0,0
40.8996,-73.9012,11,0,0,0
40.7356,-73.9757,8,1,0,0
40.7035,-74.0122,2,0,0,0
40.7545,-73.8465,19,1,0,0
40.7267,-74.0021,17,0,0,0
40.7398,-74.0056,2,1,0,0
40.7623,-73.986,19,0,0,0
40.755,-74.0025,6,0,0,0
40.7503,-73.9755,16,0,0,0
40.7414,-73.9967,18,0,0,0
40.7756,-73.9841,16,0,0,0
40.7503,-73.9912,12,0,0,0
40.7234,-73.9506,22,1,0,0
40.7575,-73.9904,3,1,0,0
40.7596,-73.977,19,0,0,0
40.6768,-73.9635,14,0,0,0
40.7912,-73.9773,12,0,0,0
40.7368,-73.991,17,0,0,0
40.7411,-73.9925,7,0,0,0
40.7794,-73.9447,20,0,0,0
40.6458,-73.7768,13,0,0,0
40.7655,-73.982,18,0,0,0
40.7585,-73.9719,0,0,0,0
40.7293,-73.9895,21,0,0,0
40.7314,-73.9751,22,0,0,0
40.7468,-73.9744,19,0,0,0
40.7619,-73.9598,12,0,0,0
40.7526,-73.9728,21,0,0,0
40.7098,-74.0139,15,0,0,0
40.7731,-73.8856,21,0,0,0
40.7313,-73.9845,13,0,0,0
40.7766,-73.96,17,1,0,0
40.6504,-73.9283,14,0,0,0
40.796,-73.975,12,0,0,0
40.7101,-73.9366,12,0,0,0
40.7195,-73.9997,20,0,0,0
40.7446,-73.9913,18,1,0,0
40.7444,-74.0029,21,0,0,0
40.7683,-73.9854,13,0,0,0
40.7196,-73.9847,4,0,0,0
40.7402,-74.0038,22,0,0,0
40.7684,-73.8626,8,0,0,0
40.7492,-73.9922,21,1,0,0
40.6459,-73.7767,23,1,0,0
40.7762,-73.9577,15,0,0,0
40.7109,-74.016,15,1,0,0
40.7563,-73.9851,10,1,0,0
40.6595,-73.9888,7,0,0,0
40.7602,-73.9654,21,1,0,0
40.7248,-73.9983,21,0,0,0
40.6486,-73.7833,18,1,0,0
40.8065,-73.9602,16,0,0,0
40.7484,-74.0058,18,1,0,0
40.7684,-73.8676,19,0,0,0
40.7768,-73.9217,5,0,0,0
40.7461,-74.3279,12,0,-1,-1
40.7355,-74.0034,6,0,0,0
40.7683,-73.8622,9,0,0,0
40.7318,-74.0082,19,0,0,0
40.7593,-73.9682,1,1,0,0
40.7701,-73.8644,15,0,0,0
40.7411,-73.9846,17,0,0,0
40.716,-73.9505,12,1,0,0
40.7343,-74.0063,5,0,0,0
40.7404,-74.0,12,1,0,0
40.7331,-73.9979,14,0,0,0
40.7092,-73.9471,14,1,0,0
40.8142,-73.9317,15,0,0,0
40.7598,-73.9843,22,0,0,0
40.7416,-74.0027,6,0,0,0
40.7559,-73.9948,18,0,0,0
40.718,-74.003,11,1,0,0
40.7476,-74.0043,12,1,0,0
40.7254,-73.9462,7,0,0,0
40.7608,-73.9715,17,0,0,0
40.7586,-73.9773,14,0,0,0
40.7212,-73.9878,7,0,0,0
40.6807,-73.9749,12,0,0,0
40.699,-73.9324,9,1,0,0
40.7414,-73.9812,7,1,0,0
40.7595,-73.9679,15,0,0,0
40.7396,-73.8832,20,1,0,0
40.7818,-73.9551,20,1,0,0
40.7675,-73.9844,2,1,0,0
40.6924,-73.9548,21,1,0,0
40.7144,-74.0154,17,0,0,0
40.7092,-74.0089,10,1,0,0
40.7077,-73.9474,13,0,0,0
40.7212,-73.9383,12,0,0,0
40.7403,-74.0057,1,0,0,0
40.7754,-73.9782,17,0,0,0
40.7222,-74.0019,19,0,0,0
40.7607,-73.9597,23,0,0,0
40.7529,-73.9873,14,0,0,0
40.64,-73.9571,18,0,0,0
40.7378,-73.9741,17,1,0,0
40.7541,-73.9824,20,0,0,0
40.7651,-73.9628,12,0,0,0
40.7247,-73.9936,11,1,0,0
40.7499,-73.9915,1,1,0,0
40.7705,-73.9523,6,0,0,0
40.8737,-73.9085,14,1,0,0
40.743,-73.9927,18,0,0,0
40.7595,-73.9869,21,0,0,0
40.7082,-74.0065,19,0,0,0
40.6657,-73.9913,20,1,0,0
40.7155,-73.9963,2,1,0,0
40.7519,-73.993,19,0,0,0
40.7206,-73.9872,22,0,0,0
40.7452,-73.9771,12,1,0,0
40.71,-73.9625,10,0,0,0
40.7548,-73.9827,20,0,0,0
40.7646,-73.97,17,0,0,0
40.7412,-73.994,17,0,0,0
40.747,-73.9898,9,0,0,0
40.7419,-73.9901,19,0,0,0
40.6487,-73.7835,0,0,0,0
40.7424,-73.9339,18,1,0,0
40.7555,-73.9838,18,0,0,0
40.7257,-73.9919,19,0,0,0
40.7361,-73.9789,16,0,0,0
40.7598,-73.992,23,0,0,0
40.7268,-74.0056,0,0,0,0
40.7748,-73.9888,18,1,0,0
40.7328,-73.9879,22,0,0,0
40.7382,-74.0082,1,0,0,0
40.721,-73.9791,22,0,0,0
40.7464,-73.9913,7,0,0,0
40.7706,-73.9919,8,0,0,0
40.7106,-73.9592,18,0,0,0
40.7587,-73.9911,20,0,0,0
40.7705,-73.8653,17,1,0,0
40.7223,-73.9887,16,0,0,0
40.7327,-73.9998,12,0,0,0
40.7639,-73.9784,21,0,0,0
40.7553,-73.9849,15,0,0,0
40.7576,-73.9765,19,0,0,0
40.7168,-73.9649,19,1,0,0
40.7407,-74.0347,21,0,0,0
40.7514,-74.0033,18,1,0,0
40.6809,-73.9287,19,0,0,0
40.7248,-73.9995,13,0,0,0
40.7424,-74.0044,22,0,0,0
40.7546,-73.994,1,0,0,0
40.7563,-73.9746,13,1,0,0
40.7503,-73.9739,20,0,0,0
40.7097,-74.0067,8,0,0,0
40.6949,-74.178,7,0,1,1
40.7175,-73.9602,7,1,0,0
40.7323,-74.0077,8,0,0,0
40.7204,-74.0102,19,0,0,0
40.7472,-74.0275,7,0,0,0
40.7267,-73.9998,0,0,0,0
40.7743,-73.9453,12,0,0,0
40.7526,-73.9699,16,0,0,0
40.7787,-73.9623,12,0,0,0
40.7444,-73.9845,15,0,0,0
40.7665,-73.9783,13,0,0,0
40.7057,-74.0082,7,1,0,0
40.7033,-73.9907,21,0,0,0
40.7225,-73.9864,12,1,0,0
40.7679,-73.9581,15,0,0,0
40.7057,-73.9335,19,0,0,0
40.7638,-73.9775,17,0,0,0
40.7221,-73.9934,9,0,0,0
40.7578,-73.9756,17,1,0,0
40.7713,-73.9565,20,0,0,0
40.7533,-73.9922,18,0,0,0
40.771,-73.9215,18,1,0,0
40.7427,-73.954,22,0,0,0
40.7206,-73.9898,23,1,0,0
40.7676,-73.8693,21,0,0,0
40.7522,-74.001,11,0,0,0
40.6419,-73.7884,14,0,0,0
40.7149,-73.9517,1,0,0,0
40.7757,-73.9562,17,0,0,0
40.7198,-74.0003,15,0,0,0
40.7716,-73.9794,14,0,0,0
40.7175,-73.9935,8,0,0,0
40.7487,-73.9888,16,0,0,0
40.7531,-73.9771,17,0,0,0
40.743,-73.9846,19,0,0,0
40.778,-73.9548,7,0,0,0
40.6924,-73.9972,19,1,0,0
40.7546,-73.9845,17,0,0,0
40.7209,-73.9625,0,0,0,0
40.6449,-73.7824,23,1,0,0
40.7282,-73.9819,14,0,0,0
40.7393,-73.9918,12,0,0,0
40.7229,-74.0034,17,0,0,0
40.7668,-73.9564,16,0,0,0
40.782,-73.9797,0,1,0,0
40.6876,-74.1971,12,0,1,1
40.7292,-73.9816,2,1,0,0
40.7214,-73.995,22,0,0,0
40.7597,-73.9806,14,0,0,0
40.7078,-74.0069,0,0,0,0
40.7557,-73.9822,6,0,0,0
40.7647,-73.9788,16,0,0,0
40.7648,-73.9768,19,0,0,0
40.7457,-73.9838,10,0,0,0
40.5769,-73.9934,5,0,0,0
40.656,-73.9299,19,0,0,0
40.7125,-73.9519,18,1,0,0
40.7236,-73.9938,19,0,0,0
40.7989,-74.2501,13,0,-1,-1
40.721,-73.9947,7,0,0,0
40.7752,-73.9537,20,1,0,0
40.7611,-73.9736,13,0,0,0
40.7175,-73.9528,6,0,0,0
40.6485,-73.783,19,0,0,0
40.7438,-73.9866,22,1,0,0
40.7163,-73.9595,4,0,0,0
40.706,-74.0132,22,0,0,0
40.7853,-73.9536,14,0,0,0
40.6991,-73.9244,18,0,0,0
40.7252,-73.9811,19,1,0,0
40.765,-73.9727,14,0,0,0
40.7492,-74.0312,6,0,0,0
40.7452,-73.9982,15,0,0,0
40.7649,-73.9783,9,0,0,0
40.724,-73.9789,20,0,0,0
40.5755,-73.9795,22,1,0,0
40.7368,-74.0001,21,0,0,0
40.6884,-73.9576,11,1,0,0
40.7599,-73.9719,22,0,0,0
40.7597,-73.9731,17,0,0,0
40.7616,-73.9706,10,0,0,0
40.8018,-73.9667,9,0,0,0
40.7273,-73.99,15,0,0,0
40.6466,-73.7892,16,0,0,0
40.7586,-73.9641,5,0,0,0
40.7398,-74.0067,22,1,0,0
40.7239,-73.9915,18,0,0,0
40.7216,-74.0112,19,1,0,0
40.7684,-73.8624,9,1,0,0
40.7812,-73.9723,12,0,0,0
40.7707,-73.8655,13,0,0,0
40.6781,-74.0154,20,1,0,0
40.76,-73.9149,19,0,0,0
40.771,-73.866,13,0,0,0
40.6444,-73.782,23,0,0,0
40.8083,-73.945,20,0,0,0
40.7362,-73.9364,6,0,0,0
40.7603,-73.9761,22,0,0,0
40.7018,-74.011,15,0,0,0
40.7132,-73.9558,13,0,0,0
40.7524,-73.9861,22,1,0,0
40.7296,-74.0024,5,0,0,0
40.7706,-73.9873,18,1,0,0
40.7289,-74.0025,20,0,0,0
40.7668,-73.9872,8,0,0,0
40.7215,-73.9885,15,1,0,0
40.7377,-74.0025,10,0,0,0
40.7308,-73.9944,10,0,0,0
40.7372,-74.0022,14,1,0,0
40.7705,-73.9582,12,1,0,0
40.6415,-73.7881,19,0,0,0
40.7591,-73.9944,7,0,0,0
40.6955,-74.178,19,0,1,1
40.7584,-73.973,17,0,0,0
40.7543,-73.9987,22,0,0,0
40.7333,-73.9987,17,1,0,0
40.8497,-73.9298,18,0,0,0
40.7664,-73.9959,3,1,0,0
40.684,-73.9814,8,0,0,0
40.6938,-73.9934,13,0,0,0
40.7595,-73.987,21,1,0,0
40.7354,-73.9921,7,0,0,0
40.7926,-73.9752,11,0,0,0
40.733,-73.998,13,0,0,0
40.6915,-73.9715,8,0,0,0
40.76,-73.9788,19,0,0,0
40.8515,-73.939,21,0,0,0
40.7284,-73.9996,23,0,0,0
40.7209,-74.0041,6,0,0,0
40.7565,-73.9902,13,0,0,0
40.7536,-73.9906,16,0,0,0
40.8811,-73.8787,22,0,0,0
40.7303,-73.9981,14,0,0,0
40.7634,-73.9716,14,0,0,0
40.7526,-73.9756,17,1,0,0
40.7243,-73.9925,20,0,0,0
40.7531,-73.9838,21,0,0,0
40.7391,-73.9877,8,0,0,0
40.6975,-73.9823,6,0,0,0
40.7628,-73.9716,22,0,0,0
40.7558,-73.9691,3,0,0,0
40.7454,-73.9846,16,1,0,0
40.7607,-73.9955,18,1,0,0
40.7686,-73.9555,18,1,0,0
40.6708,-73.935,21,1,0,0
40.7233,-73.9994,18,0,0,0
40.7305,-74.0069,17,0,0,0
40.7592,-73.9714,11,0,0,0
40.7562,-73.9745,16,0,0,0
40.7862,-73.5549,15,0,-1,-1
40.7744,-73.8725,20,0,0,0
40.7705,-73.9915,20,1,0,0
40.743,-73.934,9,0,0,0
40.7658,-73.9803,18,0,0,0
40.731,-74.0013,23,1,0,0
40.7849,-73.9487,23,0,0,0
40.7643,-73.9712,17,0,0,0
40.7543,-73.974,14,0,0,0
40.7243,-73.983,20,1,0,0
40.8088,-73.9592,22,0,0,0
40.6227,-73.9292,8,1,0,0
40.742,-73.9872,13,0,0,0
40.6433,-73.79,21,1,0,0
40.7233,-73.9913,10,1,0,0
40.7401,-73.0855,18,0,-1,-1
40.7564,-73.9704,16,1,0,0
40.7373,-73.9883,17,0,0,0
40.7519,-73.9736,14,0,0,0
40.7662,-73.9912,10,1,0,0
40.7455,-73.9895,21,0,0,0
40.7682,-73.919,14,0,0,0
40.7491,-73.9925,14,0,0,0
40.7278,-73.9894,8,0,0,0
40.7639,-73.996,15,0,0,0
40.7606,-73.8288,12,0,0,0
40.7052,-73.923,2,1,0,0
40.738,-73.9922,17,0,0,0
40.663,-73.9783,7,0,0,0
40.7966,-73.9326,16,0,0,0
40.7628,-73.9783,12,1,0,0
40.7484,-73.9868,20,0,0,0
40.7141,-73.8969,9,1,0,0
40.7117,-73.9235,1,1,0,0
40.6855,-73.9673,22,0,0,0
40.6683,-73.9742,22,0,0,0
40.7385,-73.9738,17,1,0,0
40.7541,-73.992,15,0,0,0
40.7555,-73.9838,20,0,0,0
40.7715,-73.9606,17,0,0,0
40.8532,-73.9289,3,0,0,0
40.7683,-73.8617,21,0,0,0
40.7195,-74.0006,13,0,0,0
40.7538,-73.9722,16,0,0,0
40.7483,-73.9716,12,0,0,0
40.7642,-73.9944,12,0,0,0
40.7569,-73.9719,19,0,0,0
40.743,-74.0006,8,0,0,0
40.8076,-73.9528,14,0,0,0
40.7183,-74.0017,11,0,0,0
40.7634,-73.9764,13,0,0,0
40.7537,-73.9786,17,0,0,0
40.7656,-73.9785,11,1,0,0
40.74,-74.003,22,0,0,0
40.7225,-73.996,6,0,0,0
40.6794,-73.9651,0,1,0,0
40.7611,-73.9674,15,0,0,0
40.7617,-73.9738,13,0,0,0
40.7305,-74.0004,21,1,0,0
40.7593,-73.9611,8,0,0,0
40.7257,-73.9946,21,0,0,0
40.7414,-74.0005,18,0,0,0
40.7641,-73.9767,19,0,0,0
40.7435,-73.9839,16,0,0,0
40.7919,-73.9742,13,1,0,0
40.774,-73.8726,18,0,0,0
40.7905,-73.9796,9,0,0,0
40.7613,-73.987,18,0,0,0
40.7696,-73.9847,16,1,0,0
40.7508,-73.9864,19,0,0,0
40.7517,-73.9879,18,0,0,0
40.7454,-73.947,19,1,0,0
40.7707,-73.8656,15,1,0,0
40.7646,-73.9727,7,0,0,0
40.7634,-73.9791,21,0,0,0
40.7303,-74.0004,22,1,0,0
40.7276,-74.0054,18,0,0,0
40.7637,-73.956,8,0,0,0
40.7547,-73.9841,19,0,0,0
40.7504,-73.9855,7,0,0,0
40.7258,-74.0055,0,1,0,0
40.7044,-74.0114,20,0,0,0
40.7581,-73.9748,17,0,0,0
40.7455,-73.9912,16,0,0,0
40.7119,-74.0105,21,1,0,0
40.7726,-73.9819,20,0,0,0
40.7162,-74.0153,9,0,0,0
40.6913,-73.9977,21,0,0,0
40.7939,-73.9703,19,1,0,0
40.7174,-74.0162,22,0,0,0
40.7502,-73.9947,6,0,0,0
40.7371,-73.9036,18,1,0,0
40.7638,-73.9897,22,0,0,0
40.723,-73.8865,20,1,0,0
40.7703,-73.962,20,0,0,0
40.7561,-73.9706,20,0,0,0
40.7719,-73.9613,13,0,0,0
40.7337,-73.9951,18,1,0,0
40.8228,-73.9465,9,0,0,0
40.7301,-73.9935,10,1,0,0
40.6662,-73.8082,12,0,0,0
40.757,-73.9983,15,0,0,0
40.7283,-73.9847,23,0,0,0
40.7385,-73.9996,21,0,0,0
40.7531,-73.8613,2,0,0,0
40.7408,-74.0018,17,0,0,0
40.7561,-73.99,8,0,0,0
40.7562,-73.9897,4,0,0,0
40.7989,-73.9705,16,1,0,0
40.756,-73.975,17,0,0,0
40.7323,-73.9828,15,1,0,0
40.7764,-73.9759,13,1,0,0
40.7469,-73.9907,8,0,0,0
40.75,-74.0319,14,1,0,0
40.7771,-73.989,11,0,0,0
40.6924,-73.9217,9,1,0,0
40.6811,-73.9298,12,1,0,0
40.6473,-73.9606,21,1,0,0
40.7402,-73.9993,19,0,0,0
40.7382,-73.8601,10,0,0,0
40.7313,-73.9828,17,0,0,0
40.676,-73.9562,15,1,0,0
40.76,-73.9913,15,1,0,0
40.7253,-74.0012,15,0,0,0
40.7643,-73.9708,14,0,0,0
40.7165,-74.0103,16,0,0,0
40.6785,-73.9681,23,0,0,0
40.7618,-73.9788,20,0,0,0
40.865,-73.9269,1,1,0,0
40.7591,-73.9765,8,0,0,0
40.7568,-73.9847,22,0,0,0
40.769,-73.965,18,0,0,0
40.7483,-73.9568,10,1,0,0
40.7595,-73.9775,17,0,0,0
40.7483,-74.0037,19,0,0,0
40.746,-74.0053,15,0,0,0
40.7195,-73.9914,21,0,0,0
40.7189,-73.9642,21,0,0,0
40.7168,-73.9546,18,0,0,0
40.7793,-73.9616,22,0,0,0
40.7551,-73.9731,20,1,0,0
40.7384,-73.9917,17,0,0,0
40.7499,-73.9751,19,0,0,0
40.7259,-73.9981,4,0,0,0
40.7597,-73.9736,15,0,0,0
40.7833,-73.9489,5,1,0,0
40.6863,-73.9813,18,0,0,0
40.7374,-74.0038,20,0,0,0
40.7371,-74.0017,5,0,0,0
40.762,-73.9746,16,0,0,0
40.7507,-73.9908,15,0,0,0
40.7399,-73.9865,19,0,0,0
40.7399,-73.991,17,0,0,0
40.7113,-74.0161,16,0,0,0
40.6968,-73.8372,2,0,0,0
40.7347,-73.9988,18,0,0,0
40.7249,-74.0016,13,1,0,0
40.7522,-73.9732,15,0,0,0
40.7393,-73.9862,22,0,0,0
40.732,-74.0046,8,0,0,0
40.7468,-73.9728,17,0,0,0
40.7215,-73.9922,16,1,0,0
40.7886,-73.9794,13,0,0,0
40.7358,-73.9856,8,0,0,0
40.7213,-74.0053,14,0,0,0
40.7441,-73.9892,21,1,0,0
40.7201,-73.9885,14,0,0,0
40.7471,-73.987,13,1,0,0
40.7498,-74.0039,18,0,0,0
40.6459,-73.7768,13,0,0,0
40.7646,-73.9986,12,1,0,0
40.7453,-74.0007,14,0,0,0
40.7268,-73.9834,15,1,0,0
40.7804,-73.976,13,0,0,0
40.763,-73.7634,16,1,0,0
40.6673,-73.9946,9,0,0,0
40.7226,-73.958,21,0,0,0
40.738,-73.9868,7,0,0,0
40.7645,-73.9848,6,0,0,0
40.7676,-73.9706,19,0,0,0
40.8164,-73.9606,21,1,0,0
40.7124,-73.9625,10,1,0,0
40.724,-74.0099,18,0,0,0
40.7715,-73.9608,12,0,0,0
40.6876,-73.9148,21,0,0,0
40.735,-73.9914,19,0,0,0
40.7472,-73.9913,13,1,0,0
40.741,-73.9879,21,0,0,0
40.7719,-73.8671,16,0,0,0
40.7191,-73.9906,15,1,0,0
40.7618,-73.9721,9,1,0,0
40.7649,-73.9839,14,0,0,0
40.7191,-74.0048,11,0,0,0
40.7648,-73.9705,14,0,0,0
40.748,-73.9828,16,0,0,0
40.7424,-74.0028,11,1,0,0
40.7073,-74.0059,11,0,0,0
40.772,-73.9823,21,1,0,0
40.7613,-73.9668,17,0,0,0
40.7549,-73.974,14,0,0,0
40.645,-73.7819,17,1,0,0
40.7795,-73.9831,7,0,0,0
40.6445,-73.7817,15,1,0,0
40.783,-73.9506,7,0,0,0
40.7443,-73.9806,17,0,0,0
40.7286,-73.9859,20,0,0,0
40.7663,-73.966,22,0,0,0
40.7388,-74.0068,6,0,0,0
40.6739,-73.9568,21,0,0,0
40.7647,-73.9821,22,0,0,0
40.7859,-73.971,7,0,0,0
40.6459,-73.7767,6,0,0,0
40.6762,-73.9512,23,0,0,0
40.7615,-73.9746,17,0,0,0
40.6928,-73.9575,0,1,0,0
40.7732,-73.8856,17,0,0,0
40.6901,-73.9234,1,1,0,0
40.7147,-74.0145,21,1,0,0
40.7654,-73.9722,13,0,0,0
40.7878,-73.9757,19,0,0,0
40.7643,-73.9773,7,0,0,0
40.7598,-73.9722,18,0,0,0
40.8076,-73.9669,20,0,0,0
40.7378,-73.9881,6,0,0,0
40.7041,-74.0081,16,0,0,0
40.7192,-73.9855,20,1,0,0
40.7468,-73.9905,8,0,0,0
40.7193,-73.9977,17,0,0,0
40.7442,-73.9937,3,1,0,0
40.7396,-73.9798,21,1,0,0
40.7595,-73.9855,21,1,0,0
40.7575,-73.9787,9,1,0,0
40.763,-73.9738,19,1,0,0
40.7241,-73.996,20,0,0,0
40.6448,-73.7818,5,0,0,0
40.7635,-73.9865,13,1,0,0
40.7364,-73.9972,14,1,0,0
40.6787,-73.9905,0,0,0,0
40.7506,-73.9746,18,0,0,0
40.7726,-73.9194,8,0,0,0
40.7206,-73.9988,20,0,0,0
40.7526,-73.9955,11,0,0,0
40.7923,-73.9263,17,1,0,0
40.7421,-74.0046,15,0,0,0
40.7377,-74.0033,7,0,0,0
40.7747,-73.9687,14,0,0,0
40.7187,-74.0062,9,1,0,0
40.7504,-73.9946,8,0,0,0
40.7543,-73.9673,19,0,0,0
40.7386,-74.004,23,0,0,0
40.7337,-74.0068,7,0,0,0
40.7567,-73.9825,17,0,0,0
40.7195,-74.0004,10,0,0,0
40.7078,-74.0057,16,0,0,0
40.7724,-73.9508,7,0,0,0
40.6483,-73.7825,16,0,0,0
40.6895,-73.97,21,0,0,0
40.7218,-73.9974,20,0,0,0
40.7475,-73.9823,19,0,0,0
40.7605,-73.9846,7,1,0,0
40.7107,-74.01,18,0,0,0
40.7672,-73.9681,9,0,0,0
40.7508,-73.9739,22,0,0,0
40.7381,-73.989,17,1,0,0
40.7352,-74.0033,5,0,0,0
40.6627,-73.9321,21,1,0,0
40.7076,-73.9503,8,0,0,0
40.7748,-73.9524,6,1,0,0
40.7201,-74.0086,22,0,0,0
40.7522,-74.0072,13,0,0,0
40.7446,-74.0025,17,0,0,0
40.724,-74.0102,15,0,0,0
40.7461,-73.9821,20,0,0,0
40.7338,-73.9897,2,0,0,0
40.6468,-73.7897,8,0,0,0
40.756,-73.975,17,0,0,0
40.745,-73.9849,18,0,0,0
40.7063,-74.0176,23,0,0,0
40.7678,-73.9824,19,0,0,0
40.6932,-73.9986,14,1,0,0
40.7104,-74.0113,19,0,0,0
40.7533,-73.9872,20,0,0,0
40.7428,-73.9964,17,1,0,0
40.6234,-73.9309,15,1,0,0
40.7436,-73.9826,6,0,0,0
40.7561,-73.9727,14,1,0,0
40.7331,-73.9927,14,0,0,0
40.7115,-74.0088,22,0,0,0
40.7925,-73.941,11,0,0,0
40.7476,-73.916,23,0,0,0
40.7029,-73.9811,23,1,0,0
40.7622,-73.9703,23,1,0,0
40.7184,-73.9501,10,0,0,0
40.7406,-73.9726,18,0,0,0
40.7733,-73.8972,17,0,0,0
40.6406,-73.9657,10,1,0,0
40.7199,-74.0039,13,0,0,0
40.7222,-73.9952,16,0,0,0
40.7606,-73.9743,10,0,0,0
40.6466,-73.7902,23,0,0,0
40.7665,-73.9883,7,0,0,0
40.7103,-73.9844,16,0,0,0
40.7192,-73.9924,23,0,0,0
40.7467,-73.9938,15,0,0,0
40.7096,-73.8271,20,1,0,0
40.7331,-73.9936,10,0,0,0
40.7651,-73.958,16,0,0,0
40.6483,-73.7826,22,0,0,0
40.6141,-73.9455,16,0,0,0
40.7195,-73.9997,14,1,0,0
40.7365,-74.0083,18,1,0,0
40.7594,-73.9231,7,1,0,0
40.7736,-73.9662,6,0,0,0
40.6449,-73.7821,6,0,0,0
40.771,-73.9676,18,1,0,0
40.7467,-73.9816,17,0,0,0
40.7553,-73.9682,20,0,0,0
40.7595,-73.9772,21,0,0,0
40.7177,-74.5702,21,1,-1,-1
40.7171,-74.0074,22,0,0,0
40.6418,-73.7889,14,0,0,0
40.7784,-73.9821,7,0,0,0
40.7364,-73.987,13,0,0,0
40.7384,-73.9872,11,0,0,0
40.7387,-73.9939,9,0,0,0
40.7452,-73.986,19,0,0,0
40.7078,-74.0149,4,0,0,0
40.7455,-73.9776,0,0,0,0
40.7379,-73.9903,19,0,0,0
40.8,-73.9626,23,0,0,0
40.7879,-73.8382,15,0,0,0
40.7256,-74.0056,11,0,0,0
40.7097,-74.0082,19,0,0,0
40.7045,-73.925,7,0,0,0
40.7742,-73.8719,18,0,0,0
40.7352,-74.001,12,1,0,0
40.6624,-73.9511,7,1,0,0
40.7892,-73.9548,18,0,0,0
40.6957,-73.984,10,0,0,0
40.7342,-73.9909,6,1,0,0
40.7109,-73.9455,13,0,0,0
40.6801,-73.9681,22,1,0,0
40.8446,-74.0665,16,0,4,-1
40.79,-73.9542,14,0,0,0
40.6558,-73.9472,18,0,0,0
40.7557,-73.9764,12,0,0,0
40.7558,-73.9898,21,0,0,0
40.7639,-73.9767,9,0,0,0
40.7173,-74.0079,13,0,0,0
40.7056,-74.0093,14,0,0,0
40.7185,-73.9891,0,1,0,0
40.7596,-73.9994,11,0,0,0
40.7843,-73.9709,14,0,0,0
40.6846,-73.9591,21,0,0,0
40.7076,-74.0012,18,0,0,0
40.7251,-73.9781,9,0,0,0
40.7532,-73.9839,16,1,0,0
40.7453,-73.9886,18,0,0,0
40.6807,-73.9808,7,0,0,0
40.7187,-73.9976,11,0,0,0
40.7044,-74.013,3,0,0,0
40.6466,-73.7896,4,0,0,0
40.6774,-73.987,21,0,0,0
40.7389,-74.0003,14,0,0,0
40.7778,-73.9616,21,0,0,0
40.7581,-73.985,12,0,0,0
40.744,-73.9921,17,0,0,0
40.7551,-73.9365,5,0,0,0
40.7695,-73.968,15,0,0,0
40.7149,-73.9651,6,0,0,0
40.762,-73.9749,15,1,0,0
40.749,-73.9797,23,1,0,0
40.7268,-73.9837,0,1,0,0
40.7251,-73.8051,8,1,0,0
40.7603,-73.9758,17,0,0,0
40.7283,-73.9474,16,0,0,0
40.6424,-73.7895,6,0,0,0
40.7139,-73.8756,18,0,0,0
40.7261,-73.9912,11,0,0,0
40.7316,-74.0011,15,0,0,0
40.7337,-73.994,2,1,0,0
40.7535,-73.975,20,0,0,0
40.7939,-73.9699,13,0,0,0
40.7309,-73.9913,14,0,0,0
40.7491,-74.0069,19,0,0,0
40.767,-73.9679,9,0,0,0
40.8683,-73.9217,11,1,0,0
40.7232,-73.984,1,1,0,0
40.7211,-73.9556,19,1,0,0
40.7206,-73.9999,13,0,0,0
40.6926,-73.9413,7,0,0,0
40.7434,-74.029,22,1,0,0
40.707,-74.0045,17,1,0,0
40.7023,-74.013,21,0,0,0
40.7638,-73.9776,21,0,0,0
40.769,-73.9813,18,0,0,0
40.6407,-73.9495,6,1,0,0
40.7578,-73.9664,16,0,0,0
40.8865,-73.8996,13,1,0,0
40.7192,-74.0022,17,0,0,0
40.7519,-73.9781,19,0,0,0
40.7267,-73.9924,16,1,0,0
40.7544,-73.9655,15,0,0,0
40.7731,-73.8857,14,0,0,0
40.7806,-73.9817,21,0,0,0
40.6215,-74.0263,8,0,0,0
40.7373,-74.0005,15,1,0,0
40.7581,-73.9838,13,0,0,0
40.7231,-73.9766,12,0,0,0
40.7504,-73.9741,10,0,0,0
40.7577,-73.9889,21,0,0,0
40.7458,-73.9937,12,0,0,0
40.736,-73.9872,20,0,0,0
40.7508,-73.9944,11,0,0,0
40.7439,-74.0063,2,1,0,0
40.7185,-73.9892,22,0,0,0
40.7579,-73.9736,16,0,0,0
40.7557,-73.9749,16,0,0,0
40.7422,-73.9851,15,0,0,0
40.7402,-73.9957,15,0,0,0
40.7491,-73.9923,21,1,0,0
40.754,-73.9683,23,0,0,0
40.7566,-73.9787,10,0,0,0
40.7667,-73.9816,15,0,0,0
40.776,-73.9555,0,1,0,0
40.7498,-74.0026,2,1,0,0
40.7428,-73.9964,16,1,0,0
40.7322,-73.9963,12,0,0,0
40.7537,-73.9807,18,0,0,0
40.7209,-73.9789,8,0,0,0
40.7292,-74.0024,17,0,0,0
40.7419,-73.9969,17,0,0,0
40.7727,-73.8683,11,1,0,0
40.837,-73.9442,23,0,0,0
40.7076,-74.0039,18,0,0,0
40.7952,-73.9716,19,0,0,0
40.7444,-73.9917,22,0,0,0
40.74,-74.0023,12,1,0,0
40.7516,-73.9736,14,0,0,0
40.6692,-73.9741,9,0,0,0
40.7587,-73.9724,16,0,0,0
40.7584,-73.9671,10,1,0,0
40.7545,-73.9891,19,0,0,0
40.7289,-73.9874,4,1,0,0
40.7308,-73.9954,4,0,0,0
40.7431,-74.0083,21,1,0,0
40.7213,-73.9923,1,1,0,0
40.7681,-73.953,9,1,0,0
40.7084,-74.003,15,0,0,0
40.7595,-73.991,21,0,0,0
40.9127,-73.8837,17,0,0,0
40.6449,-73.7821,19,0,0,0
40.7569,-74.0012,11,0,0,0
40.7617,-73.9978,19,0,0,0
40.7203,-73.9998,17,0,0,0
40.6447,-73.782,16,1,0,0
40.7398,-73.9875,14,0,0,0
40.7071,-73.9397,19,1,0,0
40.7489,-73.9882,23,0,0,0
40.672,-73.9807,17,1,0,0
40.7195,-73.9867,1,1,0,0
40.7266,-73.9995,10,0,0,0
40.8275,-74.1347,11,1,-1,-1
40.711,-74.0091,13,0,0,0
40.7441,-73.9856,18,0,0,0
40.7109,-74.006,18,0,0,0
40.7686,-73.9556,23,0,0,0
40.7308,-74.0046,17,1,0,0
40.7569,-73.9982,4,1,0,0
40.7519,-74.0249,21,0,0,0
40.7233,-73.9931,22,1,0,0
40.7348,-74.0,20,0,0,0
40.6866,-73.9543,11,0,0,0
40.7596,-73.9778,11,0,0,0
40.6965,-73.9925,18,0,0,0
40.7532,-73.9806,19,0,0,0
40.7428,-73.9541,14,1,0,0
40.7615,-73.7899,2,1,0,-1
40.7363,-73.9829,9,1,0,0
40.7216,-73.9506,16,0,0,0
40.7691,-73.9521,13,0,0,0
40.7383,-73.988,21,0,0,0
40.6868,-73.9715,18,0,0,0
40.7156,-74.0075,14,1,0,0
40.7347,-73.9965,13,0,0,0
40.7506,-73.9837,18,0,0,0
40.764,-73.9991,22,0,0,0
40.6762,-73.9837,19,0,0,0
40.7272,-73.9921,18,1,0,0
40.7224,-73.9863,20,0,0,0
40.7152,-74.0113,5,0,0,0
40.7735,-73.9833,22,0,0,0
40.7953,-73.9732,6,0,0,0
40.7603,-73.995,16,0,0,0
40.7616,-73.971,21,0,0,0
40.7184,-73.9416,8,0,0,0
40.7438,-73.9929,17,0,0,0
40.6915,-73.9843,23,1,0,0
40.7738,-73.8711,15,0,0,0
40.7773,-73.9784,19,0,0,0
40.7281,-73.9912,23,0,0,0
40.7575,-73.9789,18,0,0,0
40.733,-73.9933,13,0,0,0
40.7626,-73.9743,18,0,0,0
40.7518,-73.9938,16,0,0,0
40.7657,-73.9699,12,0,0,0
40.7648,-73.9767,20,0,0,0
40.7037,-73.9907,16,1,0,0
40.7518,-73.9844,6,0,0,0
40.7368,-73.9958,18,0,0,0
40.7538,-73.9737,18,0,0,0
40.7632,-73.9825,12,0,0,0
40.7423,-73.9847,16,0,0,0
40.663,-73.9392,12,1,0,0
40.7231,-74.0031,6,0,0,0
40.6747,-73.9818,23,0,0,0
40.7407,-74.0386,4,0,0,0
40.7589,-73.9911,9,1,0,0
40.7121,-73.9465,0,0,0,0
40.715,-74.0153,17,0,0,0
40.7245,-73.891,8,0,0,0
40.7354,-73.994,16,1,0,0
40.7168,-74.0351,20,0,0,0
40.7622,-73.9824,17,0,0,0
40.7109,-74.0059,22,1,0,0
40.7628,-73.9753,22,0,0,0
40.7625,-73.982,16,0,0,0
40.7381,-73.9835,8,0,0,0
40.8003,-73.9654,8,0,0,0
40.7497,-74.0065,17,0,0,0
40.7855,-73.9802,8,1,0,0
40.7377,-74.0046,21,0,0,0
40.7408,-73.6403,15,0,0,-1
40.7327,-73.9937,9,0,0,0
40.9809,-74.1201,16,1,-1,-1
40.7179,-73.9894,2,1,0,0
40.6948,-74.1772,21,1,1,1
40.7587,-73.991,23,0,0,0
40.7265,-74.0023,20,0,0,0
40.7608,-73.9717,19,0,0,0
40.8062,-73.9424,16,0,0,0
40.7526,-73.9786,12,1,0,0
40.7239,-73.9964,14,0,0,0
40.7606,-73.9689,15,0,0,0
40.7496,-73.976,20,0,0,0
40.7608,-73.9779,20,0,0,0
40.7639,-73.996,23,0,0,0
40.7522,-73.9755,22,0,0,0
40.7304,-74.0067,23,0,0,0
40.6528,-73.9462,3,0,0,0
40.7578,-73.9234,17,1,0,0
40.7174,-73.9605,0,1,0,0
40.7142,-73.9876,15,1,0,0
40.7471,-73.9936,6,1,0,0
40.7449,-73.8434,17,0,0,0
40.7399,-74.0023,0,0,0,0
40.7781,-73.9827,14,0,0,0
40.7484,-73.9728,17,0,0,0
40.7722,-73.929,23,0,0,0
40.7093,-74.0166,20,1,0,0
40.7691,-73.9591,13,1,0,0
40.747,-73.9898,17,0,0,0
40.766,-73.9463,10,1,0,0
40.7713,-73.9889,10,1,0,0
40.7646,-73.9133,18,1,0,0
40.7254,-73.9927,19,0,0,0
40.7494,-73.9924,16,1,0,0
40.6484,-73.7831,19,1,0,0
40.6267,-73.9695,21,0,0,0
40.7556,-73.9947,18,0,0,0
40.7634,-73.9965,19,0,0,0
40.7566,-73.9701,12,0,0,0
40.7641,-73.9543,11,0,0,0
40.7607,-73.9942,21,0,0,0
40.757,-73.972,18,0,0,0
40.7638,-73.9791,17,0,0,0
40.7679,-73.8847,18,0,0,0
40.7552,-73.9875,20,0,0,0
40.7368,-73.9729,17,1,0,0
40.7247,-73.9995,13,0,0,0
40.7421,-73.9971,23,1,0,0
40.7594,-73.9673,18,0,0,0
40.7517,-73.9759,13,0,0,0
40.7074,-74.0014,17,0,0,0
40.7336,-73.9877,19,0,0,0
40.7263,-74.0107,15,0,0,0
40.7419,-74.0045,22,0,0,0
40.935,-73.7705,18,1,8,-1
40.7264,-74.0092,19,0,0,0
40.7798,-73.9596,18,1,0,0
40.725,-73.9829,5,0,0,0
40.7422,-73.9906,11,0,0,0
40.6759,-73.9717,21,1,0,0
40.7449,-73.9869,20,0,0,0
40.7289,-74.0081,15,0,0,0
40.7749,-73.9466,20,0,0,0
40.714,-74.0149,18,0,0,0
40.7703,-73.8754,0,0,0,0
40.7527,-73.9894,17,0,0,0
40.6948,-74.1777,16,1,1,1
40.6956,-73.9244,0,0,0,0
40.7359,-74.0017,12,1,0,0
40.721,-73.9939,3,1,0,0
40.7738,-73.982,15,0,0,0
40.7426,-74.0052,0,1,0,0
40.7025,-74.0114,18,0,0,0
40.7503,-73.9831,20,0,0,0
40.7367,-74.0012,6,0,0,0
40.7026,-73.9895,18,0,0,0
40.7544,-73.9992,17,0,0,0
40.7567,-74.0015,15,0,0,0
40.7612,-73.9712,19,0,0,0
40.7603,-73.9833,21,0,0,0
40.7763,-73.9584,23,0,0,0
40.7538,-73.9883,20,0,0,0
40.7313,-73.9969,22,0,0,0
40.7061,-74.013,9,0,0,0
40.771,-73.9079,20,0,0,0
40.7317,-74.0033,21,0,0,0
40.7767,-73.9821,11,1,0,0
40.7245,-73.9877,20,1,0,0
40.642,-73.7891,18,1,0,0
40.7762,-73.9579,21,0,0,0
40.7584,-73.9607,16,1,0,0
40.7542,-73.992,17,0,0,0
40.7606,-73.9584,8,0,0,0
40.7512,-74.0042,14,1,0,0
40.7547,-73.8463,0,0,0,0
40.7538,-73.996,17,0,0,0
40.688,-73.9621,15,0,0,0
40.7107,-73.9582,9,1,0,0
40.774,-73.9152,4,0,0,0
40.7033,-74.0102,23,1,0,0
40.7429,-74.0079,20,1,0,0
40.7231,-73.9839,17,0,0,0
40.7218,-73.9581,22,1,0,0
40.7365,-73.987,19,0,0,0
40.7346,-74.0096,22,0,0,0
40.7606,-73.9985,16,1,0,0
40.7315,-74.0049,19,0,0,0
40.7633,-73.9791,13,0,0,0
40.7627,-73.9794,17,0,0,0
40.7275,-73.9446,13,1,0,0
40.8655,-73.8566,5,0,0,0
40.7606,-73.9645,16,1,0,0
40.7572,-73.977,13,0,0,0
40.7595,-73.9807,21,0,0,0
40.7778,-73.9831,18,0,0,0
40.6679,-73.9581,22,0,0,0
40.7283,-74.0074,15,0,0,0
40.7489,-73.9903,20,1,0,0
40.688,-74.1829,19,0,1,1
40.7573,-73.9822,10,0,0,0
40.7396,-73.9906,16,0,0,0
40.7734,-73.9633,21,0,0,0
40.7886,-73.9785,15,1,0,0
40.7482,-73.9886,18,0,0,0
40.7509,-74.0056,21,0,0,0
40.7468,-73.9866,6,0,0,0
40.6972,-74.0673,14,0,0,0
40.7419,-73.9935,15,0,0,0
40.7313,-73.9918,22,1,0,0
40.6803,-73.976,11,0,0,0
40.786,-73.9257,9,1,0,0
40.7304,-74.0075,19,0,0,0
40.7438,-73.9754,10,0,0,0
40.7298,-74.0005,2,1,0,0
40.7631,-73.9685,20,1,0,0
40.7196,-74.0323,10,1,0,0
40.7297,-73.9995,20,0,0,0
40.7241,-73.9974,9,0,0,0
40.7768,-73.953,8,0,0,0
40.7268,-73.9964,18,1,0,0
40.6746,-73.8434,21,0,0,0
40.7094,-73.9372,13,0,0,0
40.7033,-73.9942,23,0,0,0
40.6727,-73.9867,18,1,0,0
40.7638,-73.974,9,0,0,0
40.7452,-73.9747,7,0,0,0
40.7362,-73.9983,16,0,0,0
40.6706,-73.946,14,0,0,0
40.7736,-73.9639,12,0,0,0
40.7561,-73.9964,8,0,0,0
40.7741,-73.8722,14,0,0,0
40.6878,-74.1817,0,0,1,1
40.6895,-73.9693,3,1,0,0
40.7104,-73.9846,17,1,0,0
40.7187,-73.9895,2,1,0,0
40.8275,-73.9442,16,0,0,0
40.7104,-73.9685,14,0,0,0
40.7877,-73.9764,18,1,0,0
40.7117,-74.0099,19,0,0,0
40.7355,-73.9887,17,0,0,0
40.7122,-73.9423,10,1,0,0
40.7336,-73.9898,15,0,0,0
40.7318,-74.0033,15,0,0,0
40.7063,-74.0168,17,0,0,0
40.7401,-73.9916,16,0,0,0
40.7561,-73.9882,22,1,0,0
40.6919,-74.0006,12,0,0,0
40.757,-73.9861,17,0,0,0
40.7317,-73.9744,6,0,0,0
40.7541,-73.9739,17,0,0,0
40.774,-73.8729,18,1,0,0
40.7665,-73.9841,8,0,0,0
40.7603,-73.9738,21,0,0,0
40.8795,-73.8783,13,0,0,0
40.6601,-73.9853,16,0,0,0
40.7644,-73.9734,10,0,0,0
40.7202,-73.9551,8,0,0,0
40.769,-73.9544,19,1,0,0
40.7455,-73.9867,14,0,0,0
40.7615,-73.9745,18,1,0,0
40.7184,-73.9587,20,0,0,0
40.7566,-73.973,16,0,0,0
40.7146,-73.9569,21,1,0,0
40.7626,-73.9658,9,0,0,0
40.7048,-74.0167,20,0,0,0
40.7438,-73.9893,22,0,0,0
40.7216,-73.9884,2,1,0,0
40.7345,-73.9542,19,0,0,0
40.6457,-73.7768,20,0,0,0
40.7308,-73.9872,19,1,0,0
40.7504,-73.9738,14,1,0,0
40.7611,-73.958,17,0,0,0
40.7351,-73.9937,21,0,0,0
40.8539,-73.9393,13,1,0,0
40.7394,-74.0272,23,1,0,0
40.7353,-73.9842,20,0,0,0
40.7449,-73.8433,16,1,0,0
40.7274,-73.9797,14,0,0,0
40.7628,-73.9677,11,0,0,0
40.8182,-73.9427,23,1,0,0
40.7073,-74.0054,6,0,0,0
40.7774,-73.9635,17,0,0,0
40.7673,-73.9624,16,0,0,0
40.7215,-74.0003,18,0,0,0
40.7637,-73.9762,21,1,0,0
40.7198,-73.9886,23,0,0,0
40.7741,-73.8721,15,0,0,0
40.7738,-73.8723,18,1,0,0
40.7591,-73.9726,15,0,0,0
40.7701,-73.8646,14,0,0,0
40.6955,-74.178,0,0,1,1
40.7562,-73.9737,17,0,0,0
40.7647,-73.974,14,1,0,0
40.7295,-73.9898,1,1,0,0
40.7226,-73.997,20,0,0,0
40.6849,-73.9992,8,0,0,0
40.7217,-73.9974,23,0,0,0
40.6996,-73.992,21,0,0,0
40.7829,-73.9552,18,0,0,0
40.7218,-73.9494,17,0,0,0
40.7406,-74.0052,17,0,0,0
40.7103,-74.0099,16,1,0,0
40.7102,-74.0108,10,0,0,0
40.757,-73.9703,15,0,0,0
40.6447,-73.7823,5,0,0,0
40.7304,-74.0048,0,1,0,0
40.7602,-73.9575,8,0,0,0
40.7104,-73.9573,18,0,0,0
40.7471,-74.01,16,0,0,0
40.7185,-73.9523,12,1,0,0
40.7086,-73.9484,7,1,0,0
40.753,-73.9788,15,0,0,0
40.7556,-73.9798,18,0,0,0
40.7238,-74.0104,7,0,0,0
40.8215,-73.946,6,1,0,0
40.7567,-73.9925,8,0,0,0
40.7346,-73.9824,8,0,0,0
40.7697,-73.987,19,1,0,0
40.7398,-74.0066,14,0,0,0
40.7631,-73.9687,20,0,0,0
40.6883,-74.0009,18,0,0,0
40.7337,-74.0025,1,1,0,0
40.6915,-73.9843,17,0,0,0
40.7986,-73.9366,23,0,0,0
40.7213,-73.988,20,1,0,0
40.7245,-73.9916,20,0,0,0
40.7503,-73.9735,5,0,0,0
40.7652,-73.982,1,1,0,0
40.7443,-73.9882,17,1,0,0
40.7243,-73.9959,12,0,0,0
40.6944,-73.9512,20,0,0,0
40.862,-73.8917,18,0,0,0
40.7006,-73.9771,19,0,0,0
40.7616,-73.9904,11,1,0,0
40.7279,-73.9949,14,0,0,0
40.7671,-73.9819,15,1,0,0
40.7765,-73.6198,17,0,-1,-1
40.7755,-73.9903,12,0,0,0
40.7641,-73.9792,7,0,0,0
40.7469,-73.9817,23,0,0,0
40.7819,-73.9587,7,0,0,0
40.7339,-73.9883,23,1,0,0
40.7591,-73.9805,21,0,0,0
40.7191,-73.9831,15,0,0,0
40.7401,-73.9858,9,0,0,0
40.7163,-74.0448,18,1,0,0
40.6704,-73.9801,13,0,0,0
40.7291,-73.9873,1,0,0,0
40.7576,-73.985,20,0,0,0
40.727,-73.9896,8,0,0,0
40.6708,-73.9516,7,0,0,0
40.7543,-73.9659,16,0,0,0
40.7697,-73.9686,17,1,0,0
40.7506,-73.9738,18,0,0,0
40.6968,-73.9831,17,1,0,0
40.7374,-73.8249,13,0,0,0
40.7344,-73.99,13,0,0,0
40.7683,-73.8622,11,0,0,0
40.7451,-73.9935,15,0,0,0
40.7704,-73.9663,20,0,0,0
40.7424,-73.9838,15,0,0,0
40.6785,-73.9951,13,1,0,0
40.727,-73.9797,9,0,0,0
40.7093,-74.0104,18,1,0,0
40.6446,-73.7825,5,0,0,0
40.7625,-73.9823,9,0,0,0
40.7612,-73.9906,23,0,0,0
40.7458,-73.9468,13,1,0,0
40.8614,-73.9279,19,1,0,0
40.777,-73.958,1,0,0,0
40.773,-73.9565,17,0,0,0
40.7518,-73.9946,8,0,0,0
40.7978,-73.9734,12,0,0,0
40.7824,-73.9806,7,0,0,0
40.642,-73.7885,19,1,0,0
40.784,-73.9762,8,0,0,0
40.712,-74.0082,8,0,0,0
40.7319,-73.7939,8,0,0,0
40.7279,-73.9461,19,0,0,0
40.7477,-74.0037,0,1,0,0
40.6435,-73.7899,17,0,0,0
40.7686,-73.8627,19,0,0,0
40.7191,-73.9644,15,0,0,0
40.7229,-73.6806,17,0,0,-1
40.7454,-73.9719,8,0,0,0
40.7675,-73.9816,21,0,0,0
40.7181,-73.9566,17,0,0,0
40.7395,-73.9904,16,0,0,0
40.718,-73.9894,16,0,0,0
40.7482,-73.9806,22,1,0,0
40.6849,-73.9817,22,0,0,0
40.7495,-73.9817,15,1,0,0
40.7114,-73.9677,8,1,0,0
40.7667,-73.9691,16,0,0,0
40.7202,-73.9883,14,0,0,0
40.7308,-73.9806,7,0,0,0
40.7249,-73.8472,5,0,0,0
40.7577,-73.982,21,0,0,0
40.7451,-73.9951,16,0,0,0
40.7122,-73.8892,18,0,0,0
40.7477,-73.9869,21,0,0,0
40.7584,-73.9815,1,0,0,0
40.7566,-73.9828,13,0,0,0
40.7201,-73.9957,13,0,0,0
40.7668,-73.9385,12,0,0,0
40.733,-73.9923,21,0,0,0
40.764,-73.9941,13,1,0,0
40.759,-73.8707,7,0,0,0
40.8858,-73.9079,17,0,0,0
40.7502,-73.9949,18,0,0,0
40.8032,-73.9502,7,1,0,0
40.8928,-73.8993,14,0,0,0
40.7532,-73.9859,23,0,0,0
40.7567,-73.9984,21,0,0,0
40.7642,-73.9545,17,0,0,0
40.7375,-73.9761,11,0,0,0
40.7436,-73.981,8,0,0,0
40.7358,-74.005,15,0,0,0
40.6918,-74.1777,17,0,1,1
40.8079,-73.9641,19,0,0,0
40.7745,-73.9772,17,0,0,0
40.7741,-73.8724,8,0,0,0
40.6448,-73.7825,14,1,0,0
40.7984,-73.9611,15,0,0,0
40.6878,-74.1815,13,0,1,1
40.7592,-73.9675,17,0,0,0
40.7317,-73.9855,22,0,0,0
40.7812,-73.9506,7,0,0,0
40.7404,-74.0057,1,1,0,0
40.7226,-73.998,16,0,0,0
40.7244,-73.9395,8,0,0,0
40.7486,-73.9811,21,0,0,0
40.7208,-74.01,19,0,0,0
40.7674,-73.9688,12,0,0,0
40.8129,-73.9628,21,0,0,0
40.7176,-73.9914,0,1,0,0
40.6898,-73.9518,9,1,0,0
40.741,-73.6183,11,0,0,6
40.7562,-73.9761,13,0,0,0
40.751,-73.9868,18,1,0,0
40.7553,-73.9775,17,0,0,0
40.7561,-73.9677,21,0,0,0
40.7171,-74.0037,17,0,0,0
40.7112,-74.0058,23,0,0,0
40.7342,-73.9954,6,0,0,0
40.9151,-74.0866,22,0,-1,-1
40.7372,-73.9985,16,1,0,0
40.7467,-73.9959,16,1,0,0
40.7529,-73.9737,16,0,0,0
40.7256,-73.988,22,1,0,0
40.7595,-73.9681,19,1,0,0
40.6875,-73.9677,4,0,0,0
40.7344,-73.9908,20,0,0,0
40.7747,-73.99,6,0,0,0
40.6423,-73.9595,8,0,0,0
40.7626,-73.9721,18,0,0,0
40.7132,-74.0111,18,0,0,0
40.75,-73.9948,9,0,0,0
40.7214,-73.9946,23,0,0,0
40.684,-73.9453,21,0,0,0
40.69,-73.9807,8,0,0,0
40.7631,-73.9694,14,0,0,0
40.7498,-73.9915,14,1,0,0
40.7311,-73.9888,14,0,0,0
40.7171,-73.9522,7,0,0,0
40.6758,-74.017,20,0,0,0
40.7407,-74.0056,20,0,0,0
40.7529,-73.9965,19,0,0,0
40.7209,-74.0043,19,0,0,0
40.7402,-73.9985,22,1,0,0
40.7487,-73.9948,16,0,0,0
40.7544,-73.9832,18,0,0,0
40.7376,-74.0024,16,0,0,0
40.7374,-73.9794,14,0,0,0
40.7167,-74.0164,18,0,0,0
40.765,-73.9787,18,0,0,0
40.7625,-73.9748,15,0,0,0
40.7668,-73.9788,20,0,0,0
40.7708,-73.9491,7,0,0,0
40.6532,-73.9748,21,0,0,0
40.7784,-73.9611,19,1,0,0
40.7458,-73.9459,0,1,0,0
40.7661,-73.9695,21,0,0,0
40.7271,-73.9797,23,0,0,0
40.7544,-73.9902,14,0,0,0
40.7534,-73.9788,20,0,0,0
40.737,-73.8997,16,0,0,0
40.7759,-73.9492,7,0,0,0
40.7566,-74.0017,16,0,0,0
40.7402,-74.0059,20,1,0,0
40.7708,-73.8658,7,0,0,0
40.7138,-73.9596,17,0,0,0
40.738,-73.9982,9,0,0,0
40.6449,-73.782,12,0,0,0
40.7105,-74.0148,15,0,0,0
40.752,-74.0011,14,0,0,0
40.7716,-73.983,17,0,0,0
40.7266,-73.9465,17,0,0,0
40.7136,-73.9516,4,0,0,0
40.7353,-74.0014,6,0,0,0
40.7382,-74.0082,12,0,0,0
40.7421,-73.9925,16,0,0,0
40.7604,-73.9884,20,0,0,0
40.7807,-73.9523,23,0,0,0
40.7609,-73.9612,12,1,0,0
40.6916,-73.9844,12,0,0,0
40.743,-73.9846,13,0,0,0
40.6639,-73.8849,23,1,0,0
40.7286,-73.9985,20,0,0,0
40.7447,-73.9567,10,0,0,0
40.7449,-73.9799,6,0,0,0
40.7145,-73.9917,2,1,0,0
40.7387,-73.9886,21,0,0,0
40.609,-73.9145,21,1,0,0
40.754,-73.8817,7,0,0,0
40.7591,-73.9883,9,0,0,0
40.7481,-73.9876,18,0,0,0
40.7126,-73.9629,22,1,0,0
40.7402,-74.0059,13,0,0,0
40.7652,-73.9751,22,0,0,0
40.726,-73.9504,16,1,0,0
40.7492,-73.9941,18,0,0,0
40.7637,-73.966,13,0,0,0
40.7539,-73.9742,19,0,0,0
40.7767,-73.955,3,0,0,0
40.7528,-73.9954,16,0,0,0
40.7432,-74.0075,21,1,0,0
40.7629,-73.9755,13,0,0,0
40.7887,-73.9694,7,0,0,0
40.7187,-73.9621,13,0,0,0
40.7463,-73.9785,15,0,0,0
40.7032,-74.0142,11,0,0,0
40.7529,-73.9751,19,0,0,0
40.7407,-74.0049,21,0,0,0
40.7282,-73.9591,17,0,0,0
40.7304,-73.9797,6,0,0,0
40.6466,-73.7895,6,0,0,0
40.7354,-74.0003,0,1,0,0
40.8047,-73.9381,14,0,0,0
40.7339,-74.0026,20,1,0,0
40.7377,-73.9825,11,1,0,0
40.7642,-73.9761,21,0,0,0
40.7341,-73.9866,7,0,0,0
40.7494,-73.9772,21,0,0,0
40.7621,-73.9785,15,0,0,0
40.7083,-74.007,7,1,0,0
40.7435,-73.9835,7,0,0,0
40.7311,-73.9888,11,0,0,0
40.7424,-73.9917,8,0,0,0
40.7298,-73.9894,10,1,0,0
40.7228,-74.0047,20,0,0,0
40.7399,-73.993,10,0,0,0
40.7188,-74.0065,21,1,0,0
40.6787,-73.9999,13,0,0,0
40.7439,-73.9836,21,0,0,0
40.7406,-73.9861,16,0,0,0
40.7171,-73.955,20,0,0,0
40.7375,-73.9884,12,0,0,0
40.743,-73.9909,7,1,0,0
40.6447,-73.7822,17,0,0,0
40.7582,-73.9815,16,0,0,0
40.7456,-73.9988,21,0,0,0
40.7698,-73.9545,20,0,0,0
40.7363,-74.0079,15,0,0,0
40.7514,-73.9941,22,0,0,0
40.7253,-73.9921,16,1,0,0
40.7514,-73.9437,21,0,0,0
40.6941,-73.9671,8,1,0,0
40.7674,-73.9617,18,1,0,0
40.741,-74.0076,5,0,0,0
40.7325,-73.997,17,0,0,0
40.7381,-73.9907,8,0,0,0
40.7625,-73.9777,19,0,0,0
40.7653,-73.9856,18,1,0,0
40.7213,-73.9879,19,1,0,0
40.7653,-73.9722,17,0,0,0
40.6465,-73.7897,6,0,0,0
40.7904,-73.9716,16,0,0,0
40.7446,-73.9949,7,0,0,0
40.7128,-74.0045,23,0,0,0
40.7548,-73.9881,13,0,0,0
40.7272,-73.9973,11,0,0,0
40.5903,-74.2386,23,0,-1,-1
40.7232,-73.9529,21,0,0,0
40.7152,-73.9516,0,0,0,0
40.7502,-74.0025,16,1,0,0
40.7445,-73.9556,18,1,0,0
40.6765,-73.9858,6,0,0,0
40.7469,-73.9935,11,0,0,0
40.7643,-73.9815,16,0,0,0
40.7313,-73.9918,21,0,0,0
40.7521,-73.9899,22,0,0,0
40.8658,-73.9268,16,1,0,0
40.7529,-73.9492,23,1,0,0
40.7322,-73.9804,7,0,0,0
40.7295,-73.9869,20,0,0,0
40.7667,-73.9529,18,1,0,0
40.7728,-73.9618,18,0,0,0
40.7582,-73.9787,19,0,0,0
40.6849,-73.9946,11,0,0,0
40.7337,-73.9958,2,1,0,0
40.6469,-73.7903,8,1,0,0
40.748,-73.9796,18,0,0,0
40.7766,-73.9494,21,0,0,0
40.7483,-73.9805,19,0,0,0
40.7649,-73.9219,13,0,0,0
40.7333,-73.9898,8,0,0,0
40.7447,-73.983,16,0,0,0
40.6986,-73.938,2,0,0,0
40.6953,-73.8595,0,1,0,0
40.7799,-73.9502,20,0,0,0
40.7466,-73.9715,16,0,0,0
40.7836,-73.9545,18,0,0,0
40.7751,-73.9823,20,0,0,0
40.7027,-73.9442,7,0,0,0
40.7596,-73.9698,15,0,0,0
40.7619,-73.9597,19,0,0,0
40.7616,-74.0021,19,0,0,0
40.7779,-73.9795,21,0,0,0
40.7749,-73.9546,6,0,0,0
40.7478,-74.0042,22,0,0,0
40.646,-73.7768,7,0,0,0
40.7597,-73.9814,17,0,0,0
40.759,-73.9712,23,0,0,0
40.7325,-74.0054,7,0,0,0
40.7151,-74.0079,21,1,0,0
40.5755,-73.98,19,1,0,0
40.7245,-73.9835,7,0,0,0
40.7564,-73.9905,21,0,0,0
40.72,-74.0107,8,0,0,0
40.7737,-73.9778,17,1,0,0
40.7726,-73.9524,6,1,0,0
40.7454,-74.0081,21,0,0,0
40.6747,-74.016,13,1,0,0
40.7246,-73.9957,16,0,0,0
40.7497,-73.992,15,0,0,0
40.7343,-73.9997,21,0,0,0
40.7279,-73.991,16,0,0,0
40.6853,-73.989,18,0,0,0
40.7308,-73.9923,23,1,0,0
40.7584,-73.9783,17,0,0,0
40.6913,-73.9928,14,0,0,0
40.6872,-73.9569,23,1,0,0
40.7225,-73.9877,12,1,0,0
40.6579,-73.9452,11,1,0,0
40.7379,-73.9736,19,1,0,0
40.7811,-73.9811,17,0,0,0
40.7715,-73.965,20,0,0,0
40.7569,-73.9783,12,0,0,0
40.7421,-73.9792,21,1,0,0
40.7684,-73.9575,6,0,0,0
40.7636,-73.9811,19,0,0,0
40.76,-73.9761,19,0,0,0
40.5882,-73.9376,14,1,0,0
40.7617,-73.9864,20,0,0,0
40.7592,-73.9882,21,0,0,0
40.7394,-74.0018,23,0,0,0
40.7208,-73.9939,19,0,0,0
40.6752,-74.0177,9,0,0,0
40.7259,-73.9965,19,0,0,0
40.7379,-73.9889,13,0,0,0
40.7463,-73.9929,3,0,0,0
40.7553,-73.993,21,1,0,0
40.7204,-73.9571,22,0,0,0
40.7592,-73.9723,18,0,0,0
40.7421,-74.0058,21,0,0,0
40.7651,-73.975,16,1,0,0
40.7269,-73.9515,12,1,0,0
40.7252,-73.9832,22,1,0,0
40.7487,-73.9425,9,1,0,0
40.99,-73.8079,10,0,-1,-1
40.7618,-73.9589,8,1,0,0
40.7592,-73.9945,8,0,0,0
40.7438,-73.9923,18,0,0,0
40.7484,-73.9943,20,0,0,0
40.6879,-74.1814,0,0,1,1
40.6999,-73.9223,16,0,0,0
40.7947,-73.9505,21,0,0,0
40.6462,-73.7769,11,0,0,0
40.7771,-73.9776,7,0,0,0
40.7711,-73.9809,19,0,0,0
40.7217,-73.9581,1,0,0,0
40.7301,-73.9978,21,0,0,0
40.7356,-73.9982,22,0,0,0
40.7792,-73.9847,8,0,0,0
40.6937,-73.9214,15,1,0,0
40.7136,-74.0117,16,0,0,0
40.7138,-73.9773,22,0,0,0
40.7418,-73.9891,14,0,0,0
40.7466,-74.0034,13,1,0,0
40.7553,-73.9874,11,1,0,0
40.6975,-73.9377,20,0,0,0
40.6599,-73.9548,14,0,0,0
40.7759,-73.9604,15,1,0,0
40.7065,-74.0058,15,0,0,0
40.7561,-73.9839,18,0,0,0
40.7748,-73.991,7,0,0,0
40.7668,-73.9597,6,0,0,0
40.7274,-73.9939,20,0,0,0
40.7906,-73.972,14,0,0,0
40.7541,-73.9753,16,0,0,0
40.7585,-73.9673,8,0,0,0
40.749,-73.9924,13,0,0,0
40.7315,-73.9902,17,0,0,0
40.7256,-74.0056,13,0,0,0
40.7271,-73.984,0,0,0,0
40.7582,-73.99,15,0,0,0
40.7191,-73.9897,15,1,0,0
40.7692,-73.9812,13,0,0,0
40.7555,-73.983,20,0,0,0
40.754,-73.9736,15,0,0,0
40.6868,-73.9735,21,0,0,0
40.6452,-73.7895,20,0,0,0
40.774,-73.8733,16,0,0,0
40.7563,-73.9725,9,0,0,0
40.6467,-73.7901,5,0,0,0
40.7419,-74.0038,23,0,0,0
40.7684,-73.9656,19,0,0,0
40.7549,-73.9851,19,0,0,0
40.7255,-73.9388,11,1,0,0
40.7557,-73.9706,16,0,0,0
40.732,-73.9966,14,0,0,0
40.8721,-73.8187,17,0,0,0
40.7728,-73.9616,10,0,0,0
40.7503,-73.9794,15,1,0,0
40.7461,-73.9828,17,0,0,0
40.7395,-73.9911,16,0,0,0
40.7405,-73.9965,19,0,0,0
40.7302,-73.9979,22,0,0,0
40.7709,-73.9828,8,0,0,0
40.7679,-73.9584,16,1,0,0
40.745,-73.9861,10,1,0,0
40.7719,-73.9829,19,0,0,0
40.688,-74.1828,21,0,1,1
40.7435,-73.9982,6,0,0,0
40.7424,-74.0006,0,1,0,0
40.7203,-73.9935,19,0,0,0
40.7593,-73.9702,19,0,0,0
40.7312,-74.0094,6,0,0,0
40.7644,-73.9951,16,0,0,0
40.683,-73.998,16,0,0,0
40.7393,-73.9953,22,0,0,0
40.746,-73.9829,20,0,0,0
40.7637,-73.9762,19,0,0,0
40.7842,-73.949,18,0,0,0
40.7858,-73.9459,3,1,0,0
40.7325,-74.0002,22,0,0,0
40.7491,-73.9915,23,0,0,0
40.7084,-74.0092,12,0,0,0
40.7224,-74.0106,22,1,0,0
40.7248,-73.9975,11,0,0,0
40.6463,-73.7898,17,0,0,0
40.7758,-73.9899,13,0,0,0
40.7394,-74.0068,1,1,0,0
40.7593,-73.9724,20,0,0,0
40.7746,-73.9511,23,0,0,0
40.7641,-73.973,18,0,0,0
40.7791,-73.9622,15,1,0,0
40.7502,-73.9738,17,1,0,0
40.7055,-74.0163,12,1,0,0
40.7032,-74.0145,20,0,0,0
40.7652,-73.9806,8,0,0,0
40.7226,-73.9828,7,0,0,0
40.7588,-73.964,7,0,0,0
40.7567,-73.9694,16,1,0,0
40.8089,-73.952,22,1,0,0
40.7153,-74.016,11,1,0,0
40.7205,-73.9879,5,0,0,0
40.7439,-74.0063,9,0,0,0
40.7639,-73.9753,18,0,0,0
40.7125,-73.9949,3,0,0,0
40.7392,-74.0027,3,1,0,0
40.7451,-74.0021,6,1,0,0
40.7511,-73.9785,14,0,0,0
40.7572,-73.9839,18,1,0,0
40.7697,-73.9941,17,1,0,0
40.774,-73.9573,23,0,0,0
40.6869,-73.9775,20,0,0,0
40.7394,-73.9975,19,1,0,0
40.7702,-73.9547,22,1,0,0
40.6954,-74.1777,21,0,1,1
40.7583,-74.0002,14,0,0,0
40.7163,-74.0128,20,0,0,0
40.6897,-73.995,19,0,0,0
40.7348,-74.0078,10,0,0,0
40.6868,-73.9867,20,0,0,0
40.7376,-73.9805,15,0,0,0
40.7246,-73.982,22,0,0,0
40.764,-73.9588,7,0,0,0
40.7347,-73.9941,20,0,0,0
40.7031,-73.9867,19,0,0,0
40.7792,-73.9607,14,0,0,0
40.7495,-73.9775,0,1,0,0
40.7169,-73.9637,17,1,0,0
40.7799,-73.9486,8,0,0,0
40.711,-73.9504,19,1,0,0
40.7673,-73.9817,8,1,0,0
40.7417,-73.9937,17,0,0,0
40.7677,-73.9597,12,0,0,0
40.7077,-74.0016,22,0,0,0
40.7694,-73.9618,16,0,0,0
40.7392,-73.9936,15,1,0,0
40.7732,-73.9902,6,0,0,0
40.7136,-73.9631,18,0,0,0
40.78,-73.955,7,0,0,0
40.7381,-73.9921,21,0,0,0
40.7191,-73.9999,17,0,0,0
40.7483,-74.0056,12,0,0,0
40.7239,-74.0033,19,0,0,0
40.7187,-74.0009,22,0,0,0
40.7395,-73.9865,20,0,0,0
40.7682,-73.8621,14,0,0,0
40.7232,-74.0031,18,0,0,0
40.7741,-73.8722,10,0,0,0
40.7213,-73.9876,17,1,0,0
40.7198,-73.9994,1,1,0,0
40.7705,-73.9576,16,0,0,0
40.7606,-73.9899,18,0,0,0
40.7407,-74.0086,1,1,0,0
40.7527,-73.9874,16,0,0,0
40.7642,-73.9985,15,1,0,0
40.7589,-73.981,21,0,0,0
40.771,-73.9507,21,0,0,0
40.7262,-73.9943,17,1,0,0
40.7126,-73.944,20,0,0,0
40.7784,-73.9611,14,0,0,0
40.7759,-73.9763,6,0,0,0
40.7251,-73.997,16,0,0,0
40.7772,-73.9523,21,0,0,0
40.7292,-73.9854,10,0,0,0
40.7506,-73.9741,14,0,0,0
40.6448,-73.7817,22,1,0,0
40.6746,-73.8743,9,0,0,0
40.7161,-73.9607,18,0,0,0
40.7577,-73.9845,13,0,0,0
40.7533,-73.9844,16,0,0,0
40.7944,-73.9664,6,0,0,0
40.722,-73.8723,22,0,0,0
40.734,-73.993,21,0,0,0
40.6979,-73.9587,18,1,0,0
40.7171,-73.9579,10,0,0,0
40.7816,-73.9794,14,1,0,0
40.6787,-73.9904,19,1,0,0
40.6969,-73.9358,17,0,0,0
40.7423,-73.9935,16,0,0,0
40.7137,-73.9792,20,0,0,0
40.7635,-73.9735,17,0,0,0
40.6655,-73.7422,14,0,0,0
40.7301,-73.9866,20,1,0,0
40.7578,-73.0215,19,1,-1,-1
40.7189,-74.0011,16,0,0,0
40.7596,-73.9871,23,1,0,0
40.7726,-73.982,11,0,0,0
40.7244,-74.0021,13,0,0,0
40.7473,-73.9864,23,0,0,0
40.6863,-73.9853,16,1,0,0
40.7237,-74.0111,20,0,0,0
40.7407,-73.9982,15,0,0,0
40.7718,-73.9513,7,0,0,0
40.7336,-73.9931,16,0,0,0
40.7718,-73.9868,8,0,0,0
40.768,-73.966,20,0,0,0
40.7107,-74.0073,11,1,0,0
40.7523,-74.0072,10,0,0,0
40.6448,-73.7821,14,0,0,0
40.7256,-74.0055,21,0,0,0
40.7392,-73.986,22,0,0,0
40.7623,-73.9936,8,0,0,0
40.7527,-73.9849,1,1,0,0
40.736,-74.0067,1,0,0,0
40.6324,-73.9494,19,0,0,0
40.726,-73.9471,1,1,0,0
40.7628,-73.9741,18,0,0,0
40.6621,-73.9555,21,0,0,0
40.7411,-73.9925,14,0,0,0
40.7861,-73.9799,7,0,0,0
40.7684,-73.9655,21,0,0,0
40.7367,-73.9802,1,0,0,0
40.8304,-73.9233,16,0,0,0
40.7739,-73.8725,9,0,0,0
40.6938,-73.9834,17,0,0,0
40.7179,-73.9855,1,1,0,0
40.7785,-73.9526,2,1,0,0
40.6893,-74.1788,17,0,1,1
40.7479,-73.9874,0,0,0,0
40.7715,-73.9131,7,1,0,0
40.7242,-73.9904,19,0,0,0
40.7619,-73.9939,0,1,0,0
40.7405,-74.0056,13,0,0,0
40.7831,-73.9784,21,0,0,0
40.7264,-73.9957,9,0,0,0
40.7444,-73.9961,9,0,0,0
40.799,-73.9622,20,0,0,0
40.7246,-74.0365,22,0,0,0
40.6888,-73.9181,11,0,0,0
40.735,-73.9918,7,0,0,0
40.7171,-74.0409,7,0,0,0
40.7415,-73.9834,15,0,0,0
40.729,-73.9848,7,0,0,0
40.6873,-73.9626,11,0,0,0
40.7738,-73.8739,17,0,0,0
40.7715,-73.9888,18,0,0,0
40.7341,-73.9776,17,1,0,0
40.798,-73.9735,17,0,0,0
40.7688,-73.9878,16,1,0,0
40.7238,-73.9854,22,0,0,0
40.7297,-73.9866,22,0,0,0
40.7561,-73.9705,20,0,0,0
40.7385,-73.9973,20,0,0,0
40.7473,-73.9131,22,0,0,0
40.747,-73.9972,9,0,0,0
40.7021,-73.9828,6,0,0,0
40.7363,-74.0031,6,0,0,0
40.8001,-73.9567,22,0,0,0
40.6879,-73.9556,15,0,0,0
40.7246,-74.0019,14,0,0,0
40.7631,-73.9822,17,0,0,0
40.7775,-73.9589,14,1,0,0
40.7804,-74.046,2,0,0,-1
40.7814,-73.9802,20,0,0,0
40.7538,-73.9764,18,0,0,0
40.7374,-74.0598,10,0,0,0
40.7078,-74.0136,5,0,0,0
40.7627,-73.9721,15,0,0,0
40.7759,-73.9111,13,0,0,0
40.708,-73.94,16,0,0,0
40.7543,-73.9772,20,0,0,0
40.7209,-74.0066,10,0,0,0
40.7741,-73.8725,14,0,0,0
40.7594,-73.9759,17,0,0,0
40.7618,-73.9864,21,0,0,0
40.7427,-73.8252,20,1,0,0
40.7203,-73.9619,12,1,0,0
40.7476,-74.1368,14,1,-1,1
40.7186,-74.0088,21,0,0,0
40.7211,-73.9829,7,0,0,0
40.6847,-73.9575,20,0,0,0
40.7344,-74.0088,17,0,0,0
40.721,-74.0043,9,0,0,0
40.7176,-73.9905,20,0,0,0
40.6411,-73.9646,22,0,0,0
40.8158,-73.918,18,0,0,0
40.7459,-73.9918,16,0,0,0
40.6878,-73.924,12,1,0,0
40.7303,-73.9794,14,0,0,0
40.7371,-74.0373,11,0,0,0
40.7127,-74.0046,15,0,0,0
40.7616,-73.9688,12,1,0,0
40.7605,-73.98,14,0,0,0
40.692,-73.9913,17,1,0,0
40.6951,-74.1776,6,0,1,1
40.7371,-74.0085,8,0,0,0
40.7742,-73.8722,10,0,0,0
40.7607,-73.9735,22,0,0,0
40.746,-73.9864,12,0,0,0
40.7591,-73.9863,4,0,0,0
40.7902,-73.9711,11,0,0,0
40.7598,-73.9699,15,0,0,0
40.7522,-73.9766,12,0,0,0
40.775,-73.9897,19,1,0,0
40.7897,-73.9804,16,0,0,0
40.7436,-73.9797,21,0,0,0
40.7483,-73.9472,16,0,0,0
40.6819,-73.9645,7,0,0,0
40.7612,-73.9752,13,0,0,0
40.6857,-73.9794,23,1,0,0
40.7608,-73.9984,19,0,0,0
40.8338,-73.94,12,1,0,0
40.7684,-73.9854,22,0,0,0
40.76,-73.9795,18,0,0,0
40.7428,-73.9822,9,0,0,0
40.7373,-73.9256,7,1,0,0
40.7181,-74.0149,20,0,0,0
40.7114,-73.9459,2,0,0,0
40.7574,-73.9695,12,0,0,0
40.6759,-73.9323,4,0,0,0
40.721,-74.0085,20,0,0,0
40.7609,-73.9085,18,1,0,0
40.719,-73.9588,21,1,0,0
40.7533,-73.9924,22,0,0,0
40.7674,-73.8879,17,0,0,0
40.7513,-73.9697,7,0,0,0
40.7302,-73.9917,22,0,0,0
40.7683,-73.8623,19,1,0,0
40.7582,-73.9242,21,0,0,0
40.7427,-73.993,19,0,0,0
40.6658,-73.9825,21,0,0,0
40.7266,-73.9959,0,1,0,0
40.734,-74.0096,18,0,0,0
40.7166,-74.0016,21,0,0,0
40.7352,-74.0017,21,0,0,0
40.7328,-74.0019,11,1,0,0
40.7442,-73.99,0,1,0,0
40.7765,-73.9641,17,0,0,0
40.7717,-73.9887,6,0,0,0
40.7067,-74.0141,19,0,0,0
40.7251,-73.9992,16,0,0,0
40.7645,-73.9776,9,0,0,0
40.7514,-73.9901,22,0,0,0
40.7444,-73.9808,20,1,0,0
40.745,-74.0036,21,0,0,0
40.6881,-73.9673,14,0,0,0
40.7403,-73.9901,0,1,0,0
40.7311,-74.0086,18,0,0,0
40.7864,-73.952,5,0,0,0
40.6693,-73.9765,11,0,0,0
40.7206,-74.01,15,0,0,0
40.7525,-73.9704,12,0,0,0
40.7355,-73.9829,17,1,0,0
40.7449,-73.9828,18,1,0,0
40.7263,-74.0076,18,0,0,0
40.7386,-73.9977,19,1,0,0
40.7675,-73.9829,17,0,0,0
40.7741,-73.8724,17,1,0,0
40.7444,-73.9842,19,1,0,0
40.7454,-73.937,22,0,0,0
40.687,-74.1935,7,0,1,1
40.8383,-73.9464,20,1,0,0
40.7193,-73.9999,14,0,0,0
40.7222,-73.986,22,0,0,0
40.7691,-73.9953,15,1,0,0
40.7784,-73.9456,8,0,0,0
40.7818,-73.9729,21,0,0,0
40.7092,-74.0054,22,0,0,0
40.7405,-73.9819,12,0,0,0
40.7129,-73.9586,21,1,0,0
40.8544,-73.9036,23,0,0,0
40.6259,-73.9684,17,0,0,0
40.7309,-73.9742,9,0,0,0
40.78,-73.9468,17,1,0,0
40.8313,-73.8967,16,0,0,0
40.7291,-73.9991,12,1,0,0
40.7052,-74.0076,21,1,0,0
40.6752,-73.9773,10,1,0,0
40.7656,-73.9684,17,0,0,0
40.7371,-73.994,19,0,0,0
40.7276,-73.9943,13,0,0,0
40.7743,-73.8722,18,0,0,0
40.7307,-73.9921,21,0,0,0
40.7206,-73.9815,0,1,0,0
40.7568,-73.9768,21,0,0,0
40.8585,-73.9328,21,1,0,0
40.7714,-73.9564,0,1,0,0
40.7264,-73.9845,14,0,0,0
40.7443,-73.986,10,0,0,0
40.7095,-74.0082,5,1,0,0
40.7589,-73.9706,11,0,0,0
40.7237,-74.0006,11,0,0,0
40.7364,-73.9868,7,0,0,0
40.7158,-74.0116,18,0,0,0
40.77,-73.8662,11,0,0,0
40.7244,-73.9911,23,0,0,0
40.7534,-73.9489,17,0,0,0
40.6946,-74.1778,13,1,1,1
40.7929,-73.9733,21,0,0,0
40.7356,-73.9916,14,0,0,0
40.7587,-73.9891,8,1,0,0
40.6916,-73.97,12,0,0,0
40.7371,-74.0022,21,0,0,0
40.8477,-73.9366,18,0,0,0
40.7451,-73.9786,17,0,0,0
40.7404,-74.0051,22,0,0,0
40.7675,-73.9961,22,1,0,0
40.7476,-73.9942,17,0,0,0
40.7789,-73.9521,8,0,0,0
40.724,-73.9759,19,1,0,0
40.7242,-73.9511,13,1,0,0
40.7228,-74.0047,8,1,0,0
40.7503,-73.9687,15,0,0,0
40.7347,-73.9997,21,0,0,0
40.7659,-73.9693,19,0,0,0
40.7581,-74.0005,17,1,0,0
40.7942,-73.9765,8,0,0,0
40.7386,-73.9875,11,0,0,0
40.7589,-73.9726,17,0,0,0
40.7671,-73.9642,17,0,0,0
40.7656,-73.9762,14,0,0,0
40.6981,-73.9369,0,0,0,0
40.7296,-73.9863,20,1,0,0
40.7507,-73.9686,18,1,0,0
40.6899,-73.9683,17,0,0,0
40.7487,-73.9744,19,1,0,0
40.7255,-74.0058,22,0,0,0
40.7309,-73.9755,8,0,0,0
40.7589,-73.975,17,0,0,0
40.7172,-74.0335,19,0,0,0
40.7789,-73.9482,9,0,0,0
40.7726,-73.9823,21,1,0,0
40.7512,-73.9856,16,0,0,0
40.7592,-73.9865,22,0,0,0
40.7103,-74.001,18,1,0,0
40.7574,-73.986,16,0,0,0
40.7181,-74.015,16,0,0,0
40.7636,-73.9717,9,0,0,0
40.7412,-74.006,22,0,0,0
40.8157,-73.7449,10,0,-1,-1
40.7231,-73.989,15,1,0,0
40.7519,-74.0049,15,0,0,0
40.7419,-74.0038,13,0,0,0
40.7329,-73.9748,23,0,0,0
40.755,-73.9797,18,0,0,0
40.7157,-73.9829,8,0,0,0
40.747,-73.9966,3,0,0,0
40.7417,-74.0036,2,1,0,0
40.7141,-74.0146,16,0,0,0
40.7396,-74.0022,20,0,0,0
40.7688,-73.8671,17,0,0,0
40.7498,-73.9918,18,0,0,0
40.7847,-73.9485,10,0,0,0
40.7706,-73.8654,19,1,0,0
40.7354,-73.9889,5,1,0,0
40.7618,-73.9256,12,1,0,0
40.7475,-74.0081,19,1,0,0
40.754,-73.9809,19,0,0,0
40.7539,-73.9847,5,0,0,0
40.6792,-73.8045,15,0,0,0
40.7637,-73.9816,1,0,0,0
40.7462,-73.9841,18,0,0,0
40.6975,-73.9932,9,0,0,0
40.7946,-73.6085,16,1,-1,-1
40.7514,-73.994,14,0,0,0
40.7227,-73.9889,8,0,0,0
40.7502,-73.9912,13,0,0,0
40.7562,-73.9789,14,0,0,0
40.7645,-73.9715,13,0,0,0
40.7026,-73.9888,22,0,0,0
40.7198,-73.9562,16,0,0,0
40.7469,-74.0011,15,0,0,0
40.7614,-73.973,21,0,0,0
40.7808,-73.9849,15,0,0,0
40.7608,-73.9736,18,0,0,0
40.7629,-73.9694,16,0,0,0
40.7208,-74.0055,6,1,0,0
40.7384,-73.9916,17,0,0,0
40.7265,-74.0025,14,0,0,0
40.7253,-73.9893,3,1,0,0
40.7301,-74.0033,17,1,0,0
40.7699,-73.8645,9,0,0,0
40.715,-74.0157,18,1,0,0
40.7308,-73.983,7,0,0,0
40.7216,-74.0024,13,0,0,0
40.7065,-73.937,9,0,0,0
40.7454,-73.9944,16,0,0,0
40.7248,-73.9941,20,0,0,0
40.722,-73.9964,14,0,0,0
40.7525,-73.9674,0,0,0,0
40.7548,-73.9751,21,0,0,0
40.6971,-73.996,0,0,0,0
40.7406,-73.986,17,0,0,0
40.723,-73.9503,23,0,0,0
40.7413,-73.9951,1,0,0,0
40.7625,-73.9743,14,0,0,0
40.6952,-73.9644,18,0,0,0
40.7458,-73.9911,9,0,0,0
40.7785,-73.9822,9,0,0,0
40.646,-73.7767,15,0,0,0
40.7238,-73.9945,19,0,0,0
40.7394,-74.0068,16,0,0,0
40.7473,-73.9933,8,0,0,0
40.7462,-74.0081,15,0,0,0
40.6844,-73.9775,8,0,0,0
40.7269,-73.9917,4,0,0,0
40.7465,-73.974,21,0,0,0
40.7763,-73.9763,15,1,0,0
40.7227,-73.9773,6,1,0,0
40.7199,-74.0003,10,0,0,0
40.7506,-73.97,18,0,0,0
40.7705,-73.865,23,0,0,0
40.7527,-73.9874,18,0,0,0
40.7561,-73.9833,16,0,0,0
40.7808,-73.9564,14,0,0,0
40.7408,-73.9836,22,1,0,0
40.7707,-73.967,16,1,0,0
40.7141,-73.9247,1,1,0,0
40.7609,-73.999,0,0,0,0
40.7644,-73.9689,17,0,0,0
40.7818,-73.9472,7,0,0,0
40.7672,-73.99,18,0,0,0
40.7389,-73.9832,23,0,0,0
40.7546,-73.9797,17,0,0,0
40.725,-73.999,18,0,0,0
40.726,-73.9981,11,0,0,0
40.6422,-73.7881,20,0,0,0
40.6459,-73.7768,17,1,0,0
40.7756,-73.9648,14,0,0,0
40.6841,-73.976,13,1,0,0
40.7641,-73.9611,10,0,0,0
40.7198,-74.0072,19,0,0,0
40.7586,-73.989,22,0,0,0
40.7081,-74.0046,13,0,0,0
40.7636,-73.974,14,0,0,0
40.726,-73.9895,22,1,0,0
40.7668,-73.9694,10,0,0,0
40.6998,-73.9414,15,0,0,0
40.7419,-74.0038,22,0,0,0
40.7478,-73.9966,14,0,0,0
40.7192,-74.0021,19,0,0,0
40.7187,-73.9568,4,0,0,0
40.7441,-73.984,19,0,0,0
40.7189,-73.9889,20,0,0,0
40.722,-73.9864,12,0,0,0
40.7204,-73.9849,8,0,0,0
40.724,-73.9964,21,0,0,0
40.6446,-73.783,6,0,0,0
40.6957,-73.9824,7,0,0,0
40.7203,-73.9996,8,0,0,0
40.7496,-73.9992,22,0,0,0
40.7079,-73.9218,23,0,0,0
40.7872,-73.9541,13,0,0,0
40.7243,-73.9935,9,1,0,0
40.7376,-74.0052,6,0,0,0
40.6913,-73.9975,0,1,0,0
40.7626,-73.9784,17,0,0,0
40.6977,-73.9939,20,0,0,0
40.7616,-73.975,15,1,0,0
40.758,-73.9733,13,0,0,0
40.7559,-73.9983,23,0,0,0
40.7403,-74.0035,10,1,0,0
40.7504,-73.9984,21,1,0,0
40.7511,-73.9902,14,0,0,0
40.7059,-74.0083,18,0,0,0
40.7171,-73.9641,16,0,0,0
40.7183,-74.0054,17,1,0,0
40.7221,-74.0041,0,0,0,0
40.7458,-73.9881,23,0,0,0
40.7447,-73.9988,22,0,0,0
40.7612,-73.987,4,1,0,0
40.7095,-73.936,18,0,0,0
40.6889,-73.9192,20,0,0,0
40.7638,-73.971,15,0,0,0
40.8027,-73.9677,8,1,0,0
40.7769,-73.9779,17,0,0,0
40.7339,-73.9771,7,0,0,0
40.7449,-73.9841,9,0,0,0
40.7758,-73.9632,15,0,0,0
40.7268,-73.987,21,0,0,0
40.7707,-73.8656,8,0,0,0
40.8491,-73.8527,20,0,0,0
40.7565,-73.975,20,0,0,0
40.7312,-73.9587,5,0,0,0
40.7614,-73.9677,14,0,0,0
40.741,-74.0075,1,1,0,0
40.752,-74.0025,10,1,0,0
40.7647,-73.9713,9,0,0,0
40.7147,-73.9411,22,0,0,0
40.7131,-73.9595,12,0,0,0
40.7162,-73.9877,16,0,0,0
40.7449,-73.9888,23,0,0,0
40.6198,-74.0019,7,1,0,0
40.6913,-73.9027,10,0,0,0
40.7145,-73.9988,22,1,0,0
40.7807,-73.9854,21,1,0,0
40.7469,-74.0601,5,0,0,0
40.762,-73.9736,13,0,0,0
40.7617,-73.9803,21,0,0,0
40.7746,-73.9638,5,0,0,0
40.7259,-74.0014,19,0,0,0
40.7621,-73.9714,22,0,0,0
40.7449,-73.9914,9,1,0,0
40.6939,-73.9891,5,0,0,0
40.7236,-73.9927,19,0,0,0
40.7884,-73.9807,7,0,0,0
40.7708,-73.8662,20,0,0,0
40.6449,-73.7819,19,0,0,0
40.7311,-73.9913,14,0,0,0
40.7565,-73.9139,6,0,0,0
40.7433,-74.0014,13,1,0,0
40.7437,-73.9837,14,0,0,0
40.6853,-73.9631,22,0,0,0
40.7368,-73.9972,15,1,0,0
40.7389,-74.0004,3,1,0,0
40.7804,-73.9459,7,0,0,0
40.761,-73.987,21,0,0,0
40.7488,-73.9737,6,0,0,0
40.728,-73.9901,21,0,0,0
40.724,-73.9768,10,0,0,0
40.8042,-73.9508,13,1,0,0
40.7596,-73.9616,9,1,0,0
40.7389,-74.0089,9,0,0,0
40.6848,-73.917,11,0,0,0
40.7574,-73.9687,23,0,0,0
40.755,-74.0022,19,0,0,0
40.7245,-74.0036,14,1,0,0
40.758,-73.9839,7,0,0,0
40.7097,-73.9546,20,1,0,0
40.7514,-73.994,17,0,0,0
40.7338,-73.993,23,0,0,0
40.7767,-73.9834,18,0,0,0
40.7542,-73.9792,20,0,0,0
40.738,-74.0082,16,0,0,0
40.7892,-73.9705,22,0,0,0
40.7325,-73.9992,22,0,0,0
40.7263,-73.9917,0,0,0,0
40.7637,-73.9761,19,0,0,0
40.7528,-73.9792,13,1,0,0
40.7274,-74.0055,12,0,0,0
40.7435,-73.9727,6,0,0,0
40.7079,-74.0085,11,0,0,0
40.783,-73.9713,7,0,0,0
40.7444,-74.0057,10,0,0,0
40.7672,-73.9587,19,0,0,0
40.7748,-73.9845,16,0,0,0
40.7224,-74.0039,23,0,0,0
40.7169,-73.9566,18,1,0,0
40.7864,-73.9685,15,1,0,0
40.7308,-73.9861,23,1,0,0
40.77,-73.9492,18,1,0,0
40.7306,-73.9829,8,0,0,0
40.9327,-73.8172,13,1,0,-1
40.7293,-73.9935,18,0,0,0
40.7686,-73.9328,13,1,0,0
40.7679,-73.9682,19,0,0,0
40.7255,-73.9965,13,0,0,0
40.7256,-74.0055,1,1,0,0
40.7577,-73.9775,20,1,0,0
40.7538,-73.9723,23,0,0,0
40.7432,-74.0072,22,1,0,0
40.7741,-73.9808,20,1,0,0
40.772,-73.9516,8,0,0,0
40.7843,-73.9702,16,0,0,0
40.741,-74.0055,16,0,0,0
40.7725,-73.9671,16,0,0,0
40.6714,-73.9469,20,0,0,0
40.615,-73.9148,22,1,0,0
40.7313,-73.9858,13,0,0,0
40.7227,-73.9859,17,0,0,0
40.7594,-73.9726,16,0,0,0
40.7462,-74.0017,13,0,0,0
40.744,-73.9879,13,0,0,0
40.7702,-73.9841,11,0,0,0
40.7684,-73.8627,19,0,0,0
40.7172,-74.0062,15,0,0,0
40.7459,-74.0083,20,0,0,0
40.7517,-74.0065,16,0,0,0
40.7686,-73.8626,20,0,0,0
40.7928,-73.9651,14,0,0,0
40.7355,-73.9936,16,0,0,0
40.731,-73.9888,23,1,0,0
40.7514,-73.9936,8,0,0,0
40.7255,-74.0091,13,1,0,0
40.7656,-73.9607,13,0,0,0
40.7249,-73.9919,7,0,0,0
40.6821,-73.9676,21,1,0,0
40.7387,-73.9959,13,0,0,0
40.7136,-73.9939,3,1,0,0
40.7262,-73.9894,0,1,0,0
40.7531,-73.9682,18,0,0,0
40.6772,-73.9712,8,0,0,0
40.7931,-73.9724,20,0,0,0
40.751,-73.9748,12,0,0,0
40.7533,-73.9722,20,1,0,0
40.7625,-73.9721,19,0,0,0
40.6982,-73.9929,20,0,0,0
40.6464,-73.7905,17,0,0,0
40.7671,-73.9895,6,0,0,0
40.7255,-73.9934,8,0,0,0
40.6916,-73.9696,18,1,0,0
40.7434,-73.9938,20,0,0,0
40.6766,-73.9684,18,1,0,0
40.7713,-73.98,19,0,0,0
40.7409,-74.0075,23,1,0,0
40.72,-74.0002,19,0,0,0
40.7341,-73.9913,15,1,0,0
40.7629,-73.9993,15,1,0,0
40.7426,-74.007,17,1,0,0
40.767,-73.9585,1,0,0,0
40.7947,-73.9719,4,0,0,0
40.7497,-73.9793,17,0,0,0
40.6415,-73.9638,3,1,0,0
40.7286,-73.9842,19,0,0,0
40.7626,-74.0003,22,0,0,0
40.7203,-74.0117,22,1,0,0
40.7739,-73.8707,7,0,0,0
40.7249,-73.9924,22,0,0,0
40.6588,-73.9625,15,0,0,0
40.7466,-73.9857,20,0,0,0
40.7115,-73.9533,21,0,0,0
40.6814,-73.9612,21,1,0,0
40.717,-73.995,21,0,0,0
40.7395,-73.989,8,1,0,0
40.6458,-73.7766,4,0,0,0
40.7577,-73.9686,20,0,0,0
40.7426,-73.9862,15,0,0,0
40.6482,-73.7828,21,1,0,0
40.7509,-73.9727,16,0,0,0
40.7545,-73.9833,15,0,0,0
40.7803,-73.9469,9,0,0,0
40.7522,-73.9932,16,1,0,0
40.7738,-73.8716,18,0,0,0
40.728,-73.993,22,0,0,0
40.7442,-74.0068,2,1,0,0
40.7585,-73.9823,18,0,0,0
40.715,-74.0113,6,0,0,0
40.7237,-73.9998,14,1,0,0
40.6418,-73.7891,17,0,0,0
40.7144,-73.9341,6,1,0,0
40.7636,-73.9651,19,0,0,0
40.7232,-73.9885,2,1,0,0
40.7407,-74.0084,22,0,0,0
40.7425,-73.986,13,0,0,0
40.7257,-73.9882,13,0,0,0
40.7553,-73.9794,18,0,0,0
40.7495,-73.9918,0,1,0,0
40.7595,-73.9765,19,0,0,0
40.774,-73.8722,21,0,0,0
40.755,-73.9876,18,0,0,0
40.7764,-73.9443,19,0,0,0
40.7143,-74.01,18,1,0,0
40.7942,-73.9211,20,0,0,0
40.723,-73.9985,14,0,0,0
40.7689,-73.9854,20,0,0,0
40.7794,-73.9599,17,0,0,0
40.7615,-73.9999,12,1,0,0
40.7166,-74.0049,19,0,0,0
40.7355,-73.9829,8,0,0,0
40.7368,-73.9745,14,0,0,0
40.761,-73.9709,16,0,0,0
40.7612,-73.9854,6,0,0,0
40.7642,-73.9841,13,0,0,0
40.7181,-74.0085,10,0,0,0
40.7919,-73.9529,13,1,0,0
40.7732,-73.9543,13,0,0,0
40.7405,-74.044,18,1,0,0
40.7768,-73.9597,10,0,0,0
40.6676,-73.99,3,0,0,0
40.7228,-73.9832,2,1,0,0
40.7217,-74.0045,9,0,0,0
40.7548,-73.9799,18,0,0,0
40.7397,-73.9826,14,1,0,0
40.7793,-73.9599,17,0,0,0
40.7125,-73.9677,4,0,0,0
40.7236,-73.9852,13,0,0,0
40.6753,-73.989,20,0,0,0
40.7561,-73.9751,19,0,0,0
40.7412,-73.9976,7,0,0,0
40.7255,-73.9922,19,0,0,0
40.7547,-73.9757,21,0,0,0
40.7147,-74.0059,14,0,0,0
40.7486,-73.9761,19,1,0,0
40.764,-73.9762,19,0,0,0
40.8308,-73.9269,21,1,0,0
40.7386,-73.9876,8,1,0,0
40.7645,-73.9797,9,0,0,0
40.7378,-73.9804,16,0,0,0
40.7388,-73.9873,5,0,0,0
40.7326,-73.9995,10,0,0,0
40.7281,-73.993,17,0,0,0
40.7195,-74.0005,20,0,0,0
40.6449,-73.7821,16,1,0,0
40.7646,-73.9698,15,0,0,0
40.8513,-73.9396,21,0,0,0
40.7234,-73.9997,16,0,0,0
40.774,-73.8731,21,0,0,0
40.7407,-73.986,15,0,0,0
40.7562,-73.9702,15,0,0,0
40.7461,-73.9022,21,1,0,0
40.7635,-73.9797,21,0,0,0
40.7379,-73.9831,8,0,0,0
40.6678,-73.8953,23,0,0,0
40.7408,-74.0085,22,0,0,0
40.774,-73.8728,15,0,0,0
40.7403,-73.9903,16,0,0,0
40.7485,-73.9782,18,0,0,0
40.66,-73.8022,15,1,0,0
40.7828,-73.9554,7,0,0,0
40.7139,-73.9245,3,1,0,0
40.659,-73.9922,17,0,0,0
40.7595,-73.9873,16,0,0,0
40.8063,-73.9574,22,1,0,0
40.6934,-73.8286,6,0,0,0
40.7479,-74.0003,16,0,0,0
40.7436,-73.9828,14,0,0,0
40.7783,-73.9549,17,0,0,0
40.7383,-73.9932,8,0,0,0
40.7119,-73.9629,11,1,0,0
40.7451,-73.9746,23,0,0,0
40.6867,-73.9924,8,0,0,0
40.7487,-73.9923,19,1,0,0
40.7298,-73.9988,17,0,0,0
40.7379,-73.9808,10,0,0,0
40.699,-73.9327,18,0,0,0
40.7652,-73.9808,20,1,0,0
40.7168,-74.0145,15,0,0,0
40.7567,-73.9926,18,0,0,0
40.7552,-73.9763,14,0,0,0
40.7521,-73.9736,16,0,0,0
40.7539,-73.9722,14,0,0,0
40.764,-73.994,9,0,0,0
40.7697,-73.9583,19,0,0,0
40.7591,-73.9927,16,0,0,0
40.7548,-73.9759,22,0,0,0
40.7446,-73.9755,3,1,0,0
40.7369,-73.9815,10,0,0,0
40.7217,-73.9956,21,0,0,0
40.7511,-74.0034,15,0,0,0
40.7273,-73.9508,22,1,0,0
40.7251,-74.0031,10,0,0,0
40.7234,-73.9473,9,0,0,0
40.7556,-73.9753,18,0,0,0
40.7582,-73.9173,21,1,0,0
40.7211,-73.9564,19,0,0,0
40.5754,-73.9812,19,1,0,0
40.7533,-73.9978,17,0,0,0
40.8595,-73.9323,10,1,0,0
40.7585,-73.9726,7,0,0,0
40.761,-73.9672,16,0,0,0
40.7271,-73.9803,9,0,0,0
40.9476,-73.9504,17,1,-1,-1
40.7646,-73.9736,16,0,0,0
40.7572,-73.9698,6,0,0,0
40.7454,-74.008,20,0,0,0
40.7515,-73.9782,21,0,0,0
40.7341,-73.8768,15,1,0,0
40.7631,-73.9695,21,0,0,0
40.6878,-74.182,17,0,1,1
40.718,-74.0125,15,0,0,0
40.7373,-73.9917,19,0,0,0
40.7357,-73.9951,20,0,0,0
40.7229,-73.993,9,0,0,0
40.682,-73.867,9,0,0,0
40.7739,-73.8725,13,0,0,0
40.7623,-73.9683,16,0,0,0
40.7778,-73.9756,10,1,0,0
40.6719,-73.9629,22,0,0,0
40.7321,-73.9864,10,0,0,0
40.6847,-73.983,8,1,0,0
40.7138,-73.9494,2,1,0,0
40.7407,-74.0078,23,0,0,0
40.6453,-73.7819,11,0,0,0
40.721,-73.9567,21,1,0,0
40.7586,-73.9739,22,0,0,0
40.7743,-73.9655,9,0,0,0
40.741,-73.9823,13,0,0,0
40.7531,-73.9749,18,0,0,0
40.6328,-73.9591,4,0,0,0
40.7228,-73.9976,14,0,0,0
40.7463,-73.9949,17,1,0,0
40.757,-73.9894,11,1,0,0
40.7457,-73.9821,17,0,0,0
40.7483,-73.9783,19,0,0,0
40.7352,-74.0011,6,0,0,0
40.7543,-73.9808,7,0,0,0
40.7846,-73.9518,17,1,0,0
40.7119,-73.9525,8,1,0,0
40.7951,-73.9331,22,1,0,0
40.7492,-73.9919,21,1,0,0
40.7215,-74.0012,16,0,0,0
40.5983,-73.9698,20,1,0,0
40.7403,-73.9947,19,0,0,0
40.7372,-73.9869,6,0,0,0
40.7459,-73.9555,9,0,0,0
40.738,-74.0082,6,0,0,0
40.7261,-73.9973,14,0,0,0
40.732,-74.0007,22,0,0,0
40.7553,-73.9753,19,0,0,0
40.7754,-73.9834,13,0,0,0
40.7534,-73.9888,14,0,0,0
40.8656,-73.8878,22,0,0,0
40.7184,-74.0027,19,0,0,0
40.7517,-73.9901,12,0,0,0
40.7153,-73.9562,22,0,0,0
40.7686,-73.8626,20,0,0,0
40.6878,-74.1829,19,1,1,1
40.7626,-73.9689,15,0,0,0
40.7396,-73.9926,8,0,0,0
40.768,-73.9915,6,0,0,0
40.7655,-73.9874,1,1,0,0
40.7056,-74.0046,14,0,0,0
40.7269,-74.0056,11,0,0,0
40.7548,-73.9799,13,0,0,0
40.7335,-74.0081,17,0,0,0
40.7194,-73.9973,20,1,0,0
40.7588,-73.9728,15,0,0,0
40.7061,-74.0098,4,0,0,0
40.7253,-73.9921,0,1,0,0
40.7507,-73.9945,18,1,0,0
40.6881,-73.9213,12,0,0,0
40.7532,-73.9744,13,0,0,0
40.7221,-73.9888,3,1,0,0
40.7395,-73.9912,16,0,0,0
40.7589,-73.9858,7,0,0,0
40.7725,-73.967,12,1,0,0
40.745,-73.9278,0,1,0,0
40.6949,-74.1779,14,1,1,1
40.7739,-73.8724,9,0,0,0
40.7663,-73.9817,18,0,0,0
40.7596,-73.9854,17,0,0,0
40.754,-73.9918,17,0,0,0
40.7661,-73.9821,21,0,0,0
40.7218,-74.0043,18,0,0,0
40.7491,-73.9719,22,1,0,0
40.7191,-73.9552,21,0,0,0
40.7465,-74.0101,6,0,0,0
40.6953,-74.1793,6,0,1,1
40.7593,-73.9421,18,0,0,0
40.7385,-73.9934,22,0,0,0
40.7681,-73.8619,16,0,0,0
40.7742,-73.9777,19,0,0,0
40.7352,-74.0016,20,0,0,0
40.7518,-73.9823,19,0,0,0
40.8097,-73.953,12,1,0,0
40.7246,-74.0019,15,0,0,0
40.7723,-73.9821,15,1,0,0
40.7868,-73.9756,18,0,0,0
40.7802,-73.9598,22,1,0,0
40.8096,-73.9443,13,0,0,0
40.7351,-74.005,10,1,0,0
40.6787,-73.9776,17,1,0,0
40.7774,-73.9566,6,0,0,0
40.7399,-73.9878,10,0,0,0
40.7738,-73.8715,20,0,0,0
40.7784,-73.9611,19,0,0,0
40.7365,-73.9885,17,0,0,0
40.735,-73.9916,11,0,0,0
40.7574,-73.9777,17,0,0,0
40.7191,-73.9895,15,0,0,0
40.7281,-73.9852,13,0,0,0
40.6709,-73.9512,7,1,0,0
40.7803,-73.9476,13,0,0,0
40.7418,-74.0048,22,0,0,0
40.755,-73.9943,17,0,0,0
40.7494,-73.9954,0,1,0,0
40.7821,-73.9779,16,0,0,0
40.7495,-73.9908,7,0,0,0
40.6741,-73.9825,10,0,0,0
40.7397,-73.991,12,0,0,0
40.7426,-73.9845,16,0,0,0
40.7552,-73.9734,15,0,0,0
40.7169,-74.0019,21,1,0,0
40.7022,-73.9828,19,1,0,0
40.7358,-73.9854,23,1,0,0
40.7527,-73.9753,13,0,0,0
40.7755,-73.9522,7,0,0,0
40.7615,-73.9729,19,0,0,0
40.8399,-73.9422,7,0,0,0
40.7687,-73.8862,5,0,0,0
40.743,-73.9741,21,1,0,0
40.6939,-73.9926,10,0,0,0
40.7096,-73.9921,6,0,0,0
40.7495,-73.9551,13,0,0,0
40.7734,-73.8855,11,0,0,0
40.6896,-73.9726,23,0,0,0
40.7209,-73.9555,15,1,0,0
40.6785,-73.9552,14,1,0,0
40.765,-73.9767,20,0,0,0
40.7424,-73.9859,15,1,0,0
40.6607,-73.8037,16,1,0,0
40.7827,-73.981,11,0,0,0
40.7374,-74.0039,17,0,0,0
40.7619,-74.0009,22,0,0,0
40.7581,-73.9899,20,0,0,0
40.7132,-73.9557,13,1,0,0
40.7453,-73.957,7,0,0,0
40.7095,-74.0113,16,0,0,0
40.7416,-74.0325,23,0,0,0
40.8857,-73.9138,9,0,0,0
40.645,-73.782,11,0,0,0
40.7796,-73.9816,10,1,0,0
40.766,-73.9545,9,0,0,0
40.7238,-73.9967,22,0,0,0
40.6896,-73.9925,21,0,0,0
40.7084,-73.9211,5,0,0,0
40.7427,-74.0072,16,0,0,0
40.6466,-73.7901,20,0,0,0
40.6592,-74.169,15,0,7,1
40.7216,-73.9839,6,0,0,0
40.721,-73.9983,18,1,0,0
40.7521,-73.9779,15,0,0,0
40.7603,-73.9728,20,0,0,0
40.7021,-74.0111,3,0,0,0
40.6753,-73.9518,7,0,0,0
40.6928,-73.997,21,0,0,0
40.645,-73.7818,19,0,0,0
40.7109,-74.0061,21,0,0,0
40.7411,-73.9907,16,0,0,0
40.7239,-74.0035,14,0,0,0
40.7326,-73.9771,9,1,0,0
40.7205,-73.9881,19,0,0,0
40.7484,-73.9888,6,0,0,0
40.7618,-73.9851,19,0,0,0
40.7545,-73.9874,17,0,0,0
40.7417,-74.0005,16,0,0,0
40.7173,-74.0093,23,1,0,0
40.7527,-73.9856,22,0,0,0
40.766,-73.9872,16,0,0,0
40.7313,-74.01,7,0,0,0
40.7406,-73.9892,8,0,0,0
40.7311,-73.9887,20,0,0,0
40.7249,-74.0079,16,0,0,0
40.7533,-73.9874,16,1,0,0
40.6948,-74.1771,10,0,1,1
40.7253,-73.9332,11,0,0,0
40.7725,-73.8301,14,0,0,0
40.7639,-73.9761,19,0,0,0
40.7342,-73.9834,9,0,0,0
40.7589,-73.9768,13,1,0,0
40.7403,-73.9924,19,0,0,0
40.7693,-73.986,8,0,0,0
40.6735,-74.0171,15,0,0,0
40.7567,-73.9903,21,0,0,0
40.7377,-73.9881,14,0,0,0
40.6747,-73.9817,19,1,0,0
40.7068,-74.01,21,0,0,0
40.6731,-73.9865,19,0,0,0
40.7259,-73.9963,16,0,0,0
40.7541,-73.9847,18,0,0,0
40.7591,-73.9815,20,0,0,0
40.6863,-73.9871,23,1,0,0
40.7317,-73.958,20,0,0,0
40.7313,-74.0004,5,0,0,0
40.7652,-73.9877,22,0,0,0
40.7052,-73.9304,18,0,0,0
40.7609,-73.9989,9,1,0,0
40.7478,-73.9967,15,0,0,0
40.7574,-73.9611,18,0,0,0
40.7287,-73.9999,0,1,0,0
40.7248,-73.9986,23,0,0,0
40.7593,-73.977,19,0,0,0
40.7002,-73.9464,8,0,0,0
40.695,-73.9652,6,0,0,0
40.8591,-73.8866,19,1,0,0
40.7185,-74.003,16,0,0,0
40.7225,-73.9978,23,0,0,0
40.7532,-73.982,8,0,0,0
40.7639,-73.9887,0,0,0,0
40.7448,-73.9871,20,0,0,0
40.793,-73.9674,7,0,0,0
40.7641,-73.9726,15,0,0,0
40.7288,-73.9994,17,0,0,0
40.6915,-74.1769,13,0,1,1
40.7239,-73.9937,22,0,0,0
40.6037,-73.9689,12,0,0,0
40.7623,-73.9748,15,1,0,0
40.7553,-73.9839,16,0,0,0
40.7504,-73.9749,18,0,0,0
40.7405,-74.0084,23,0,0,0
40.7716,-73.955,14,1,0,0
40.7638,-73.9763,21,0,0,0
40.6743,-73.9501,13,1,0,0
40.7217,-73.9875,19,0,0,0
40.7568,-73.9744,9,0,0,0
40.6448,-73.782,23,0,0,0
40.7175,-74.0127,8,0,0,0
40.7667,-73.9609,16,0,0,0
40.6734,-73.9687,6,0,0,0
40.7395,-74.0331,7,0,0,0
40.7596,-73.9721,8,0,0,0
40.68,-73.997,20,0,0,0
40.7413,-73.9891,14,0,0,0
40.7326,-73.9993,17,0,0,0
40.7782,-73.9886,22,0,0,0
40.7739,-73.8724,10,1,0,0
40.731,-73.9994,15,0,0,0
40.7437,-73.9908,17,0,0,0
40.7642,-73.9749,17,0,0,0
40.7552,-73.9636,15,0,0,0
40.7251,-74.0025,18,0,0,0
40.7649,-73.9609,16,0,0,0
40.7607,-73.9872,0,1,0,0
40.7303,-73.9932,1,1,0,0
40.7108,-74.0089,16,1,0,0
40.6933,-73.9249,15,1,0,0
40.7265,-73.9801,6,0,0,0
40.754,-73.9728,19,1,0,0
40.7225,-73.9867,9,0,0,0
40.7603,-73.9713,17,0,0,0
40.7664,-73.9685,14,1,0,0
40.7139,-74.0066,16,0,0,0
40.774,-73.8722,21,0,0,0
40.7306,-74.0091,14,1,0,0
40.7555,-73.9856,22,0,0,0
40.7536,-73.9781,21,0,0,0
40.7261,-74.0097,18,0,0,0
40.7241,-73.9978,14,0,0,0
40.7456,-73.9745,17,1,0,0
40.9044,-74.1014,6,0,-1,-1
40.7123,-73.9423,19,0,0,0
40.7514,-73.8569,14,1,0,0
40.7513,-73.9941,15,1,0,0
40.7787,-73.9887,7,0,0,0
40.6852,-73.9915,22,1,0,0
40.7588,-73.8688,19,0,0,0
40.7395,-73.9954,20,0,0,0
40.7388,-74.0088,6,0,0,0
40.748,-74.0029,13,1,0,0
40.7104,-74.0113,17,1,0,0
40.7613,-73.9664,14,0,0,0
40.7485,-73.9782,10,1,0,0
40.7818,-73.9467,6,0,0,0
40.753,-73.9798,17,0,0,0
40.7525,-73.9894,16,0,0,0
40.7249,-73.9992,11,0,0,0
40.758,-73.9659,6,0,0,0
40.7202,-74.0103,19,0,0,0
40.7637,-73.9714,16,0,0,0
40.734,-74.0002,23,0,0,0
40.7683,-73.9962,16,0,0,0
40.7247,-73.9982,13,0,0,0
40.7079,-73.9433,23,1,0,0
40.6112,-74.0325,5,0,0,0
40.6483,-73.7851,15,0,0,0
40.7356,-74.0031,18,0,0,0
40.7364,-74.0029,16,1,0,0
40.7067,-74.0059,0,0,0,0
40.7514,-73.9933,13,1,0,0
40.7553,-73.9732,19,0,0,0
40.7242,-74.0046,18,0,0,0
40.7422,-73.9949,1,0,0,0
40.7294,-73.98,17,0,0,0
40.7617,-73.9744,20,0,0,0
40.8441,-73.9373,18,1,0,0
40.7216,-73.9978,13,1,0,0
40.7684,-73.9574,7,0,0,0
40.7589,-73.98,15,0,0,0
40.7722,-73.8744,13,0,0,0
40.7397,-74.0063,0,1,0,0
40.7583,-73.8447,17,1,0,0
40.7259,-73.9838,5,1,0,0
40.7493,-73.9943,11,0,0,0
40.7451,-73.9941,6,0,0,0
40.7673,-73.9665,17,1,0,0
40.7754,-73.954,16,0,0,0
40.7093,-74.0059,16,0,0,0
40.7297,-74.005,22,1,0,0
40.7386,-73.9978,7,0,0,0
40.7388,-73.9854,21,0,0,0
40.7405,-74.0078,22,0,0,0
40.8413,-73.9426,14,0,0,0
41.0299,-73.7608,22,0,3,-1
40.75,-73.9832,13,0,0,0
40.7536,-73.9694,18,1,0,0
40.8508,-73.9343,8,1,0,0
40.7083,-74.0063,1,1,0,0
40.709,-73.9211,21,1,0,0
40.7506,-73.8826,23,0,0,0
40.9999,-73.8233,20,1,-1,-1
40.7362,-73.9988,18,0,0,0
40.8766,-73.9188,9,0,0,0
40.7508,-73.988,18,0,0,0
40.7056,-73.8344,16,1,0,0
40.7329,-73.9901,12,0,0,0
40.7678,-73.9916,14,1,0,0
40.7511,-74.0064,17,0,0,0
40.6941,-73.9835,10,1,0,0
40.6195,-73.928,18,0,0,0
40.7601,-73.9677,20,0,0,0
40.7578,-73.9817,17,0,0,0
40.7443,-74.0001,19,0,0,0
40.7757,-73.9606,11,1,0,0
40.7739,-73.8713,16,0,0,0
40.6926,-73.9989,12,0,0,0
40.7454,-73.9906,9,0,0,0
40.757,-73.9687,20,0,0,0
40.7237,-73.9779,8,0,0,0
40.7335,-74.0045,0,1,0,0
40.8523,-73.9414,9,0,0,0
40.6201,-74.0403,7,1,0,0
40.7467,-74.0016,20,0,0,0
40.7634,-73.9651,13,0,0,0
40.7593,-73.992,22,0,0,0
40.7582,-73.9797,19,0,0,0
40.7487,-73.9792,10,0,0,0
40.7411,-73.9785,15,0,0,0
40.7659,-73.983,18,1,0,0
40.7679,-73.9619,3,1,0,0
40.7642,-73.9709,19,0,0,0
40.7588,-73.9812,20,0,0,0
40.7235,-73.7293,9,1,0,0
40.6455,-73.7767,21,1,0,0
40.7142,-73.9388,8,0,0,0
40.703,-73.9263,5,1,0,0
40.7343,-73.9923,8,0,0,0
40.7212,-74.0002,1,1,0,0
40.7555,-73.975,18,0,0,0
40.7092,-74.0889,9,0,0,0
40.7245,-74.0059,20,0,0,0
40.7215,-74.0113,18,0,0,0
40.7217,-73.9875,22,1,0,0
40.7595,-73.9807,21,0,0,0
40.7738,-73.872,21,0,0,0
40.7109,-74.0056,8,0,0,0
40.698,-73.9943,5,0,0,0
40.7442,-73.9854,13,0,0,0
40.719,-74.0101,21,0,0,0
40.7321,-73.9843,13,0,0,0
40.7438,-73.9987,12,1,0,0
40.7145,-74.0158,20,0,0,0
40.8288,-73.9413,15,0,0,0
40.7726,-73.9669,12,1,0,0
40.745,-73.9888,22,0,0,0
40.6795,-73.997,7,0,0,0
40.7521,-73.9858,19,1,0,0
40.8862,-73.9058,14,0,0,0
40.7505,-74.0034,13,0,0,0
40.7761,-73.9623,15,1,0,0
40.6683,-73.9777,6,0,0,0
40.7306,-74.009,14,1,0,0
40.645,-73.782,17,0,0,0
40.769,-73.9812,19,0,0,0
40.7626,-73.9575,8,0,0,0
40.7716,-73.9636,15,0,0,0
40.6366,-73.9728,4,0,0,0
40.684,-73.9924,21,0,0,0
40.7542,-73.9867,22,0,0,0
40.77,-73.8647,9,0,0,0
40.774,-73.8726,21,0,0,0
40.7601,-73.9964,2,1,0,0
40.774,-73.8725,15,0,0,0
40.7454,-73.9867,13,0,0,0
40.7508,-73.9738,7,0,0,0
40.7272,-73.9931,18,1,0,0
40.7639,-73.9887,22,0,0,0
40.7471,-74.0026,17,0,0,0
40.7641,-73.9688,12,1,0,0
40.7343,-73.9951,22,0,0,0
40.7509,-73.9992,6,0,0,0
40.7627,-73.9657,21,0,0,0
40.642,-73.7879,18,0,0,0
40.7555,-73.9679,13,1,0,0
40.7216,-73.9954,20,0,0,0
40.7472,-73.9897,21,0,0,0
40.7212,-73.9935,2,0,0,0
40.7747,-73.9633,9,0,0,0
40.7847,-73.9772,23,1,0,0
40.6607,-73.9196,16,0,0,0
40.7752,-73.9598,6,0,0,0
40.7665,-73.9783,9,0,0,0
40.7451,-74.0062,7,0,0,0
40.7593,-73.9682,14,0,0,0
40.7515,-73.9994,18,1,0,0
40.768,-73.9859,22,0,0,0
40.7556,-73.9326,8,1,0,0
40.7596,-73.9873,19,0,0,0
40.7831,-73.9572,6,0,0,0
40.7356,-74.0073,15,0,0,0
40.7707,-73.964,10,1,0,0
40.7631,-73.9781,11,0,0,0
40.7342,-73.999,23,0,0,0
40.7876,-73.9688,14,0,0,0
40.7149,-73.8811,6,0,0,0
40.7824,-73.9808,9,1,0,0
40.7324,-74.0006,18,0,0,0
40.7128,-74.008,15,0,0,0
40.7642,-73.9739,8,0,0,0
40.7641,-73.9728,11,0,0,0
40.7496,-73.9835,14,0,0,0
40.7395,-73.9923,8,0,0,0
40.7432,-73.9926,14,0,0,0
40.7249,-73.9809,12,0,0,0
40.7337,-73.9882,5,0,0,0
40.7414,-73.9214,21,0,0,0
40.7113,-74.0161,6,0,0,0
40.7801,-73.975,15,0,0,0
40.7225,-73.9841,0,1,0,0
40.7512,-73.9979,18,0,0,0
40.7712,-73.8655,16,0,0,0
40.7251,-73.997,15,0,0,0
40.6447,-73.7824,17,1,0,0
40.7421,-74.004,22,0,0,0
40.7419,-73.906,3,1,0,0
40.7178,-74.0046,15,0,0,0
40.7392,-74.0055,21,0,0,0
40.7701,-73.9623,11,1,0,0
40.7278,-74.0072,15,0,0,0
40.7213,-74.0015,16,0,0,0
40.7136,-73.9493,16,1,0,0
40.7496,-73.9925,21,1,0,0
40.7309,-73.9954,4,0,0,0
40.678,-73.9553,12,1,0,0
40.7831,-73.9572,16,0,0,0
40.749,-73.9927,16,0,0,0
40.7317,-74.001,0,1,0,0
40.7168,-73.9976,14,0,0,0
40.7206,-73.9986,13,0,0,0
40.7159,-74.0431,14,0,0,0
40.726,-73.9974,17,0,0,0
40.7387,-74.009,11,0,0,0
40.7229,-74.0047,12,0,0,0
40.5984,-73.9572,5,1,0,0
40.7371,-73.983,9,0,0,0
40.66,-73.8023,19,0,0,0
40.7442,-74.0067,6,0,0,0
40.7254,-74.0,17,1,0,0
40.7224,-73.9874,1,1,0,0
40.7158,-73.9982,16,1,0,0
40.7464,-73.9824,12,0,0,0
40.6528,-73.9569,19,0,0,0
40.7184,-73.9928,13,0,0,0
40.6448,-73.782,21,0,0,0
40.7561,-73.9725,18,0,0,0
40.7786,-73.9888,22,0,0,0
40.7713,-73.9474,6,0,0,0
40.7506,-74.0034,21,0,0,0
40.7676,-73.9592,9,0,0,0
40.7508,-73.9746,9,1,0,0
40.8079,-73.9538,23,1,0,0
40.7301,-73.9926,17,0,0,0
40.7158,-74.0116,6,0,0,0
40.7343,-74.008,14,1,0,0
40.7516,-73.9742,16,0,0,0
40.8015,-73.968,6,0,0,0
40.74,-74.0071,20,0,0,0
40.7255,-73.9839,20,0,0,0
40.7926,-73.9671,11,0,0,0
40.763,-73.9722,10,0,0,0
40.7477,-74.0045,21,0,0,0
40.7342,-74.0062,0,1,0,0
40.6896,-74.1847,17,0,1,1
40.679,-73.9531,20,0,0,0
40.7195,-74.0044,20,0,0,0
40.7157,-73.9988,8,0,0,0
40.7552,-73.9829,8,0,0,0
40.7757,-73.983,12,0,0,0
40.7663,-73.9936,20,0,0,0
40.5524,-74.3562,4,0,-1,-1
40.7112,-73.9493,5,0,0,0
40.765,-73.9829,11,0,0,0
40.7537,-73.8032,15,0,0,0
40.7917,-73.9409,17,0,0,0
40.7346,-74.0005,7,0,0,0
40.7705,-73.8652,7,0,0,0
40.7154,-73.9561,21,1,0,0
40.7411,-74.0055,2,1,0,0
40.7648,-73.9834,18,0,0,0
40.7636,-73.9714,14,1,0,0
40.7276,-73.8236,14,1,0,0
40.7586,-73.976,16,1,0,0
40.7254,-73.9969,22,1,0,0
40.7741,-73.8727,22,0,0,0
40.7386,-73.9938,17,0,0,0
40.7297,-74.0069,12,0,0,0
40.7584,-73.9272,17,0,0,0
40.7523,-73.9242,12,0,0,0
40.7178,-74.0047,23,0,0,0
40.7967,-73.9647,18,1,0,0
40.7551,-73.9734,2,0,0,0
40.7913,-73.974,16,0,0,0
40.7542,-73.9884,14,0,0,0
40.7435,-73.9728,11,0,0,0
40.7799,-73.9547,14,1,0,0
40.7559,-73.9653,21,0,0,0
40.6408,-73.9609,9,1,0,0
40.7074,-73.9296,15,0,0,0
40.7732,-73.8856,18,0,0,0
40.6466,-73.7897,22,1,0,0
40.7224,-73.9862,17,1,0,0
40.7201,-73.9992,17,0,0,0
40.7093,-74.0152,4,0,0,0
40.7392,-73.9971,10,0,0,0
40.7352,-73.6613,9,0,0,-1
40.7075,-73.9684,0,1,0,0
40.7537,-73.9039,11,0,0,0
40.725,-73.9948,18,0,0,0
40.7653,-73.9875,11,1,0,0
40.6862,-73.9772,10,0,0,0
40.8036,-73.9357,21,1,0,0
40.7615,-73.9748,19,1,0,0
40.7203,-73.8433,16,0,0,0
40.7191,-73.9897,10,1,0,0
40.7551,-73.9737,12,0,0,0
40.7494,-73.991,21,1,0,0
40.7854,-73.9576,19,0,0,0
40.647,-74.0213,11,0,0,0
40.7769,-73.9778,21,0,0,0
40.74,-74.0052,0,1,0,0
40.7231,-73.9976,12,0,0,0
40.7099,-74.0154,6,1,0,0
40.7207,-73.9546,18,1,0,0
40.7395,-73.987,20,0,0,0
40.7248,-74.0078,9,0,0,0
40.7075,-73.929,14,1,0,0
40.7338,-73.9954,21,0,0,0
40.7263,-74.002,20,0,0,0
40.7568,-73.9672,16,0,0,0
40.7673,-73.8829,6,0,0,0
40.7702,-73.9905,17,0,0,0
40.7743,-73.8728,22,0,0,0
40.7518,-73.9821,11,0,0,0
40.7867,-73.9756,21,0,0,0
40.7611,-73.9348,22,0,0,0
40.6783,-73.9488,22,0,0,0
40.7464,-73.9724,7,0,0,0
40.7214,-73.9974,21,0,0,0
40.7752,-73.9557,19,0,0,0
40.7537,-73.999,15,0,0,0
40.7187,-73.9889,0,0,0,0
40.7233,-73.9901,8,0,0,0
40.753,-73.983,9,0,0,0
40.6835,-73.9355,23,0,0,0
40.7102,-73.9641,20,1,0,0
40.7097,-73.9469,10,0,0,0
40.7379,-73.9829,8,0,0,0
40.7498,-73.9955,22,1,0,0
40.6899,-73.9643,9,1,0,0
40.6966,-73.9886,13,1,0,0
40.7233,-73.9763,16,0,0,0
40.6241,-74.0308,16,0,0,0
40.766,-73.9949,18,0,0,0
40.7577,-73.9854,16,0,0,0
40.7281,-73.9909,15,1,0,0
40.7454,-73.9908,12,1,0,0
40.7301,-73.9753,6,0,0,0
40.7236,-73.9915,16,0,0,0
40.7768,-73.9533,7,0,0,0
40.8721,-73.9178,12,1,0,0
40.7657,-73.9666,18,0,0,0
40.728,-74.0032,16,0,0,0
40.8822,-73.8666,10,1,0,0
40.7206,-73.9547,20,1,0,0
40.7338,-73.977,8,0,0,0
40.7521,-73.9853,19,0,0,0
40.774,-73.8732,22,1,0,0
40.7396,-73.9813,23,1,0,0
40.7523,-73.9839,10,0,0,0
40.7713,-73.9502,11,1,0,0
40.7648,-73.9606,7,0,0,0
40.7202,-73.9791,19,0,0,0
40.7345,-73.9896,0,1,0,0
40.7034,-73.9847,21,0,0,0
40.7213,-73.9576,5,0,0,0
40.6323,-73.9484,14,0,0,0
40.7704,-73.9312,11,0,0,0
40.7363,-73.9822,15,0,0,0
40.7051,-74.0159,17,0,0,0
40.7151,-74.0431,21,0,0,0
40.7483,-73.9568,19,0,0,0
40.737,-73.9899,14,1,0,0
40.7777,-73.9632,7,0,0,0
40.7561,-73.9969,14,0,0,0
40.7246,-74.0044,7,0,0,0
40.7269,-73.983,0,0,0,0
40.6485,-73.7832,19,0,0,0
40.7531,-73.9745,16,0,0,0
40.601,-73.9684,7,0,0,0
40.7584,-73.9815,8,0,0,0
40.7512,-73.9804,13,0,0,0
40.7002,-73.8869,2,0,0,0
40.7192,-73.9975,20,0,0,0
40.728,-73.9821,15,1,0,0
40.7526,-73.9785,13,0,0,0
40.7202,-73.9634,6,0,0,0
40.7438,-74.0064,5,0,0,0
40.7708,-73.8662,20,0,0,0
40.7394,-73.9939,21,0,0,0
40.7637,-73.9726,15,0,0,0
40.7142,-73.956,22,0,0,0
40.7543,-73.9773,13,0,0,0
40.7204,-74.0023,18,0,0,0
40.7751,-73.9506,10,1,0,0
40.745,-73.9862,10,0,0,0
40.7392,-73.9913,15,0,0,0
40.7607,-73.9747,14,0,0,0
40.721,-73.9584,18,1,0,0
40.6876,-73.9887,7,0,0,0
40.6436,-73.7899,22,1,0,0
40.7594,-73.987,20,0,0,0
40.7188,-74.0101,17,0,0,0
40.6433,-73.7896,11,0,0,0
40.7732,-73.9507,15,1,0,0
40.72,-73.9878,20,1,0,0
40.7186,-73.962,3,0,0,0
40.6954,-74.1779,19,0,1,1
40.7647,-73.9719,17,0,0,0
40.6846,-73.9261,12,1,0,0
40.7058,-74.0072,15,0,0,0
40.7109,-74.009,22,0,0,0
40.7495,-73.9548,20,1,0,0
40.6459,-73.7767,21,0,0,0
40.7516,-73.9938,12,1,0,0
40.7737,-73.9548,7,0,0,0
40.7505,-73.9792,15,0,0,0
40.7386,-73.9899,20,0,0,0
40.7197,-74.0005,19,0,0,0
40.7824,-73.9805,8,0,0,0
40.7234,-74.0028,23,1,0,0
40.7388,-74.0084,5,0,0,0
40.7644,-73.973,17,1,0,0
40.7092,-74.0136,15,0,0,0
40.7407,-74.0055,20,0,0,0
40.7246,-73.9847,23,1,0,0
40.6889,-73.9534,18,1,0,0
40.7071,-74.0173,13,1,0,0
40.7569,-73.9861,13,0,0,0
40.7494,-73.9944,19,0,0,0
40.7084,-74.0138,4,0,0,0
40.7223,-73.9943,10,0,0,0
40.7534,-73.9744,14,0,0,0
40.7845,-73.954,10,0,0,0
40.6485,-73.7836,19,0,0,0
40.7864,-73.7293,17,0,0,-1
40.7422,-73.9414,20,1,0,0
40.7355,-73.9986,16,1,0,0
40.7139,-73.9653,20,1,0,0
40.8131,-74.0088,5,0,0,0
40.7381,-73.9909,15,0,0,0
40.7685,-73.9579,6,0,0,0
40.756,-73.9778,19,0,0,0
40.7373,-73.9843,15,1,0,0
40.7682,-73.9823,19,0,0,0
40.7551,-73.9808,12,0,0,0
40.7286,-73.9557,6,0,0,0
40.7409,-73.99,15,0,0,0
40.7518,-73.9771,6,0,0,0
40.8419,-73.9153,6,0,0,0
40.72,-74.0052,16,0,0,0
40.7376,-73.9897,20,0,0,0
40.6559,-73.9433,14,1,0,0
40.7329,-73.9876,8,0,0,0
40.7105,-73.9657,18,0,0,0
40.7805,-73.9872,11,0,0,0
40.74,-73.9798,16,1,0,0
40.7076,-74.0133,14,0,0,0
40.7249,-73.9992,19,0,0,0
40.7144,-73.9847,14,0,0,0
40.7728,-73.9668,15,0,0,0
40.7741,-73.9871,15,1,0,0
40.7447,-73.9914,0,0,0,0
40.7694,-73.9833,12,0,0,0
40.7494,-73.9725,21,0,0,0
40.7258,-73.9369,9,0,0,0
40.7712,-73.9834,17,0,0,0
40.7478,-74.0001,3,0,0,0
40.7257,-74.0054,10,0,0,0
40.7158,-74.0154,15,1,0,0
40.7649,-73.9613,20,0,0,0
40.7787,-73.9886,17,0,0,0
40.8239,-73.9442,11,0,0,0
40.7365,-73.9821,17,0,0,0
40.7241,-73.996,16,0,0,0
40.7689,-73.9687,17,0,0,0
40.7818,-73.9559,8,0,0,0
40.7414,-74.0072,18,0,0,0
40.7077,-74.0136,4,0,0,0
40.7156,-74.0046,7,0,0,0
40.7673,-73.9546,9,0,0,0
40.7744,-73.9556,20,1,0,0
40.7308,-74.0008,7,0,0,0
40.7406,-74.0055,15,0,0,0
40.7245,-73.9983,14,0,0,0
40.7751,-73.9637,18,0,0,0
40.7382,-74.0056,18,1,0,0
40.7298,-74.0106,1,1,0,0
40.763,-73.9699,20,0,0,0
40.7146,-73.944,13,1,0,0
40.8538,-74.0548,17,1,4,-1
40.6853,-73.939,18,0,0,0
40.6461,-73.7768,0,1,0,0
40.736,-74.0295,20,0,0,0
40.7583,-73.9855,13,0,0,0
40.7525,-73.9795,20,0,0,0
40.7413,-73.993,17,0,0,0
40.7139,-73.9618,2,1,0,0
40.7184,-73.9602,16,0,0,0
40.7645,-73.9715,16,0,0,0
40.7361,-74.0291,18,1,0,0
40.7512,-73.9939,22,0,0,0
40.7446,-73.9795,10,0,0,0
40.7215,-73.9583,15,0,0,0
40.7293,-74.0011,9,1,0,0
40.7561,-73.9749,19,0,0,0
40.7287,-73.9858,7,0,0,0
40.7129,-73.9521,12,0,0,0
40.8066,-73.9267,9,0,0,0
40.7134,-74.015,20,0,0,0
40.7517,-73.9929,19,1,0,0
40.7633,-73.9717,17,0,0,0
40.7258,-74.0061,17,1,0,0
40.7114,-74.0159,18,0,0,0
40.6856,-73.9794,19,1,0,0
40.7015,-73.922,6,0,0,0
40.7476,-74.004,16,0,0,0
40.8269,-73.9232,21,0,0,0
40.7128,-73.9018,6,0,0,0
40.7589,-73.9859,21,1,0,0
40.777,-73.9824,12,1,0,0
40.716,-74.0119,14,1,0,0
40.8652,-73.931,14,1,0,0
40.759,-73.9899,13,0,0,0
40.7215,-73.9561,11,1,0,0
40.7376,-74.0082,16,0,0,0
40.7536,-73.989,17,1,0,0
40.7586,-73.9584,11,1,0,0
40.6759,-73.9532,20,0,0,0
40.7358,-74.0068,19,0,0,0
40.7213,-74.0043,1,1,0,0
40.7417,-73.9875,21,0,0,0
40.7619,-73.9688,17,0,0,0
40.7651,-73.9615,6,0,0,0
40.7565,-73.9822,9,0,0,0
40.7593,-73.9957,21,0,0,0
40.7199,-74.0001,8,0,0,0
40.7372,-74.0015,20,1,0,0
40.7435,-73.9728,4,0,0,0
40.774,-73.8724,22,0,0,0
40.7508,-73.9766,19,0,0,0
40.739,-73.4232,9,0,-1,-1
40.7665,-73.9862,21,0,0,0
40.7801,-73.953,14,0,0,0
40.7319,-73.9859,21,0,0,0
40.7615,-73.9866,21,0,0,0
40.7197,-73.9993,14,0,0,0
40.7178,-74.0074,6,0,0,0
40.7479,-73.988,1,1,0,0
40.7707,-73.9662,16,0,0,0
40.7375,-73.9954,11,1,0,0
40.7644,-73.9909,1,1,0,0
40.7418,-73.9937,18,0,0,0
40.7693,-73.9654,10,0,0,0
40.76,-73.9961,8,0,0,0
40.735,-73.9853,19,0,0,0
40.7545,-73.9798,19,0,0,0
40.6951,-73.9927,19,1,0,0
40.7519,-73.9856,14,0,0,0
40.747,-74.0081,22,0,0,0
40.753,-73.9819,8,0,0,0
40.7451,-73.995,8,0,0,0
40.7498,-73.9916,0,1,0,0
40.7302,-73.9858,5,0,0,0
40.7186,-73.9937,15,0,0,0
40.7465,-73.9716,16,0,0,0
40.7179,-74.007,7,0,0,0
40.7621,-73.9746,16,0,0,0
40.7444,-73.9736,22,1,0,0
40.7225,-73.9922,20,0,0,0
40.7554,-73.9684,22,0,0,0
40.7081,-73.9433,20,0,0,0
40.78,-73.9792,2,0,0,0
40.7471,-73.9909,6,0,0,0
40.7625,-73.968,11,0,0,0
40.7212,-73.9911,3,1,0,0
40.6492,-74.0204,16,0,0,0
40.7188,-74.0104,20,1,0,0
40.7546,-73.9638,17,0,0,0
40.7328,-74.0001,22,0,0,0
40.736,-73.982,15,0,0,0
40.728,-73.9931,9,0,0,0
40.6814,-73.9737,7,0,0,0
40.846,-73.469,21,1,-1,-1
40.73,-73.9994,18,0,0,0
40.7833,-73.9568,11,0,0,0
40.6933,-73.9659,15,1,0,0
40.6464,-73.8011,3,0,0,0
40.6815,-73.9709,11,0,0,0
40.6952,-74.1786,13,1,1,1
40.711,-73.9501,19,0,0,0
40.7125,-73.966,21,0,0,0
40.765,-73.9609,7,0,0,0
40.7139,-74.0122,17,0,0,0
40.6417,-73.7888,19,0,0,0
40.7331,-73.9875,7,0,0,0
40.7454,-74.0078,11,0,0,0
40.7574,-73.9781,9,0,0,0
40.7736,-73.9459,17,1,0,0
40.7773,-73.9781,16,0,0,0
40.7176,-74.0127,22,0,0,0
40.7418,-74.0074,17,0,0,0
40.7437,-73.888,13,1,0,0
40.6952,-74.1773,0,0,1,1
40.7478,-74.0043,18,0,0,0
40.7544,-73.9871,21,0,0,0
40.7673,-73.9536,20,0,0,0
40.7146,-73.9635,20,0,0,0
40.7086,-74.0014,19,0,0,0
40.783,-73.9711,21,0,0,0
40.7633,-73.9654,14,0,0,0
40.7245,-73.9938,19,0,0,0
40.7478,-73.9737,18,0,0,0
40.731,-73.984,23,1,0,0
40.7641,-73.9737,21,0,0,0
40.7507,-73.9898,15,0,0,0
40.6868,-73.9645,19,0,0,0
40.7594,-73.9993,20,0,0,0
40.6568,-74.0083,12,0,0,0
40.7034,-74.0102,21,0,0,0
40.6459,-73.7768,10,0,0,0
40.7368,-73.9803,18,1,0,0
40.7839,-73.9758,15,0,0,0
40.7448,-73.9952,17,1,0,0
40.7452,-74.0078,20,1,0,0
40.7103,-74.0056,16,0,0,0
40.7412,-73.9978,18,1,0,0
40.7186,-73.9635,18,0,0,0
40.6694,-73.9867,9,1,0,0
40.7556,-73.9818,10,0,0,0
40.7523,-74.0032,11,0,0,0
40.7734,-73.9465,5,0,0,0
40.7427,-74.0019,3,1,0,0
40.7186,-73.9836,9,0,0,0
40.7513,-73.9776,17,0,0,0
40.7208,-73.9624,22,0,0,0
40.7699,-73.9544,7,0,0,0
40.7331,-73.9874,2,0,0,0
40.7685,-73.9573,10,0,0,0
40.739,-73.9282,6,1,0,0
40.7003,-73.9251,23,0,0,0
40.7258,-73.9123,2,0,0,0
40.7498,-73.9839,17,0,0,0
40.7685,-73.8624,15,0,0,0
40.73,-74.002,21,1,0,0
40.7746,-73.9559,20,1,0,0
40.7015,-74.0143,22,0,0,0
40.7624,-73.9775,18,0,0,0
40.7701,-73.9496,10,0,0,0
40.66,-73.961,13,0,0,0
40.7768,-73.9854,17,0,0,0
40.779,-73.983,7,0,0,0
40.7242,-73.9974,7,1,0,0
40.7195,-74.0106,13,0,0,0
40.7479,-73.9736,16,0,0,0
40.7723,-73.9523,17,1,0,0
40.7881,-73.9473,5,0,0,0
40.7206,-73.998,19,0,0,0
40.765,-73.979,11,0,0,0
40.719,-74.0063,19,0,0,0
40.7749,-73.9547,7,0,0,0
40.7306,-73.9576,23,1,0,0
40.7435,-73.9842,17,0,0,0
40.7143,-73.9351,4,1,0,0
40.7553,-73.9677,9,0,0,0
40.7204,-73.987,11,0,0,0
40.6822,-73.9657,16,0,0,0
40.7189,-74.0104,16,0,0,0
40.7237,-74.0107,19,1,0,0
40.7308,-74.0008,22,0,0,0
40.6902,-74.1864,13,0,1,1
40.7421,-73.9948,13,1,0,0
40.7487,-74.0275,19,0,0,0
40.7503,-73.9742,8,0,0,0
40.7244,-73.9786,6,0,0,0
40.7322,-73.9987,0,1,0,0
40.7128,-73.8155,15,0,0,0
40.7545,-73.9845,10,0,0,0
40.7471,-74.01,16,0,0,0
40.7399,-73.9859,16,0,0,0
40.7632,-73.9964,12,0,0,0
40.6419,-73.7882,6,0,0,0
40.6858,-73.9884,13,1,0,0
40.7633,-73.9828,14,0,0,0
40.6816,-73.904,21,0,0,0
40.598,-73.9871,2,1,0,0
40.7414,-73.9949,14,1,0,0
40.793,-73.9749,6,0,0,0
40.7376,-74.0082,18,0,0,0
40.7454,-74.008,8,0,0,0
40.7545,-73.9693,21,1,0,0
40.7209,-73.9974,14,0,0,0
40.6464,-73.7902,15,0,0,0
40.6835,-73.9763,1,0,0,0
40.7655,-73.9802,14,0,0,0
40.7574,-73.974,16,0,0,0
40.8058,-73.9608,22,0,0,0
40.6927,-73.9469,0,1,0,0
40.7699,-73.9553,19,0,0,0
40.7674,-73.9867,22,0,0,0
40.7393,-73.9881,19,1,0,0
40.7406,-73.9948,12,0,0,0
40.7245,-73.9914,11,1,0,0
40.684,-73.9575,10,0,0,0
40.7352,-74.0014,8,0,0,0
40.1102,-74.0343,0,1,-1,-1
40.7743,-73.9823,8,0,0,0
40.7474,-73.9722,17,0,0,0
40.7698,-73.8642,8,0,0,0
40.7077,-74.0074,3,1,0,0
40.7102,-73.9844,10,0,0,0
40.7071,-74.0046,18,0,0,0
40.7232,-73.9899,20,1,0,0
40.6449,-73.7823,11,0,0,0
40.7338,-73.9928,20,0,0,0
40.7082,-74.0021,14,0,0,0
40.7552,-73.9733,15,0,0,0
40.7607,-74.0026,18,0,0,0
40.7362,-73.9521,16,0,0,0
40.689,-73.9526,6,0,0,0
40.7481,-74.005,18,0,0,0
40.7524,-73.9943,22,0,0,0
40.7387,-74.0065,0,1,0,0
40.7782,-73.9484,4,0,0,0
40.7563,-73.9901,15,0,0,0
40.7869,-73.9757,19,0,0,0
40.7176,-74.0026,16,1,0,0
40.7469,-73.9352,17,1,0,0
40.7194,-73.9974,11,0,0,0
40.7202,-73.9634,18,1,0,0
40.6228,-73.7467,13,0,2,5
40.6847,-73.9508,12,0,0,0
40.6921,-73.9444,21,0,0,0
40.6923,-73.9894,11,1,0,0
40.7172,-73.9975,20,0,0,0
40.7933,-73.9672,16,1,0,0
40.6483,-73.7826,5,0,0,0
40.7505,-73.9859,16,0,0,0
40.7157,-73.9014,2,1,0,0
40.7695,-73.9538,19,0,0,0
40.6825,-73.9818,18,1,0,0
40.7833,-73.953,12,0,0,0
40.7447,-73.9567,5,1,0,0
40.7254,-74.0068,17,0,0,0
40.7085,-74.0015,22,0,0,0
40.74,-73.9905,11,0,0,0
40.6455,-73.7997,22,0,0,0
40.7114,-73.9474,23,1,0,0
40.7444,-73.9924,14,1,0,0
40.7484,-73.9889,9,1,0,0
40.7163,-73.9497,5,0,0,0
40.764,-73.9763,22,0,0,0
40.7824,-73.9804,16,0,0,0
40.7084,-74.0067,6,0,0,0
40.803,-73.9681,18,0,0,0
40.76,-73.9843,21,0,0,0
40.7701,-73.8647,8,0,0,0
40.707,-73.9326,23,1,0,0
40.7418,-73.9959,7,0,0,0
40.7788,-73.956,8,0,0,0
40.7197,-73.995,18,0,0,0
40.7602,-73.9753,14,0,0,0
40.7198,-74.0074,16,0,0,0
40.7511,-73.9849,18,0,0,0
40.7193,-74.0075,5,0,0,0
40.646,-73.7768,7,0,0,0
40.7501,-73.9738,18,0,0,0
40.7729,-73.9539,16,0,0,0
40.7873,-73.9544,3,0,0,0
40.7528,-73.9934,22,0,0,0
40.775,-73.9821,15,1,0,0
40.6957,-73.9969,8,0,0,0
40.7417,-73.9893,20,0,0,0
40.7436,-73.9726,10,1,0,0
40.719,-73.9852,22,1,0,0
40.7506,-74.0058,13,0,0,0
40.7198,-74.0053,12,0,0,0
40.7614,-73.973,16,0,0,0
40.7102,-74.006,22,1,0,0
40.7172,-74.0046,22,1,0,0
40.6211,-73.9127,14,0,0,0
40.7455,-73.9717,18,0,0,0
40.7891,-73.9744,4,0,0,0
40.7565,-73.9867,21,0,0,0
40.6446,-73.7822,19,0,0,0
40.7469,-74.028,4,0,0,0
40.7701,-73.9843,4,0,0,0
40.7756,-73.9586,21,0,0,0
40.7157,-73.9408,21,1,0,0
40.6447,-73.7819,7,0,0,0
40.7472,-73.9564,5,0,0,0
40.7545,-73.9776,13,0,0,0
40.7323,-73.9552,10,0,0,0
40.7229,-73.9817,9,0,0,0
40.7762,-73.976,8,0,0,0
40.7639,-73.9686,15,0,0,0
40.7336,-73.9959,5,0,0,0
40.8665,-73.8808,23,1,0,0
40.7289,-73.9809,22,0,0,0
40.7348,-74.0061,20,0,0,0
40.742,-74.0039,17,0,0,0
40.7204,-73.9963,19,0,0,0
40.7707,-73.9643,18,1,0,0
40.7669,-73.9528,9,0,0,0
40.7366,-73.936,18,1,0,0
40.7251,-73.9574,20,0,0,0
40.8021,-73.9391,21,0,0,0
40.7436,-73.9912,20,0,0,0
40.7028,-73.9293,21,0,0,0
40.7148,-74.0103,13,0,0,0
40.774,-73.8729,14,1,0,0
40.7257,-73.9969,15,1,0,0
40.7637,-73.9817,23,1,0,0
40.7586,-73.9812,6,1,0,0
40.7628,-73.983,19,0,0,0
40.737,-73.9962,8,0,0,0
40.7209,-73.9993,20,0,0,0
40.7535,-73.9647,10,1,0,0
40.7798,-73.9494,4,0,0,0
40.7439,-73.9838,14,0,0,0
40.7452,-73.9862,14,1,0,0
40.693,-73.9889,19,0,0,0
40.7686,-73.9499,18,1,0,0
40.7584,-73.8448,18,1,0,0
40.8366,-73.919,12,1,0,0
40.7576,-73.9903,7,0,0,0
40.7635,-73.9617,15,1,0,0
40.6956,-73.9466,21,0,0,0
40.7262,-74.0026,7,0,0,0
40.7601,-73.9734,10,0,0,0
40.7728,-73.9658,11,0,0,0
40.766,-73.9829,17,1,0,0
40.7414,-73.9948,14,0,0,0
40.7047,-74.0118,10,0,0,0
40.7322,-73.9805,6,0,0,0
40.7525,-73.9398,20,0,0,0
40.7701,-73.8647,10,0,0,0
40.7327,-73.9958,17,0,0,0
40.7243,-73.998,15,0,0,0
40.7274,-74.0006,12,1,0,0
40.6465,-73.7898,12,0,0,0
40.7241,-74.0023,9,0,0,0
40.6449,-73.7821,18,0,0,0
40.762,-73.9781,10,0,0,0
40.7049,-73.8291,13,0,0,0
40.7226,-73.9981,15,0,0,0
40.7588,-73.9727,13,1,0,0
40.7045,-74.0116,21,1,0,0
40.7042,-74.0106,22,0,0,0
40.8636,-73.9225,18,0,0,0
40.725,-73.9886,9,0,0,0
40.7533,-73.9784,18,0,0,0
40.7083,-73.9583,23,0,0,0
40.6918,-74.177,13,0,1,1
40.7341,-73.9835,15,0,0,0
40.7524,-73.9857,14,0,0,0
40.7353,-74.0099,22,1,0,0
40.7876,-74.0465,8,1,0,0
40.7262,-73.8587,21,1,0,0
40.7626,-73.9711,14,1,0,0
40.7034,-74.0116,14,0,0,0
40.7444,-74.0008,16,0,0,0
40.7525,-73.9805,18,0,0,0
40.7254,-74.0031,21,0,0,0
40.762,-73.9702,11,0,0,0
40.7602,-73.9892,21,0,0,0
40.7101,-73.9627,20,0,0,0
40.7417,-74.0048,17,0,0,0
40.6938,-73.983,18,0,0,0
40.6923,-73.9697,9,0,0,0
40.7572,-73.9839,11,0,0,0
40.7448,-73.9888,10,0,0,0
40.7711,-73.9555,6,0,0,0
40.7735,-73.9474,0,0,0,0
40.7377,-74.0072,9,0,0,0
40.7247,-73.9938,11,1,0,0
40.743,-73.9951,17,0,0,0
40.7412,-73.9856,8,0,0,0
40.7553,-73.9809,10,1,0,0
40.7334,-74.0047,20,0,0,0
40.7439,-73.9933,18,0,0,0
40.72,-73.9554,19,1,0,0
40.7628,-73.9718,21,0,0,0
40.7595,-73.9723,11,0,0,0
40.7278,-74.0012,0,1,0,0
40.7158,-73.9914,23,0,0,0
40.7237,-73.9487,15,0,0,0
40.6825,-73.9933,23,0,0,0
40.7159,-74.0099,6,0,0,0
40.7497,-73.992,9,0,0,0
40.6838,-73.9352,11,0,0,0
40.8066,-73.9649,12,0,0,0
40.774,-73.8726,18,0,0,0
40.7715,-73.6808,14,1,0,0
40.7075,-73.9498,22,0,0,0
40.7611,-73.993,17,0,0,0
40.7552,-73.9627,14,0,0,0
40.7323,-74.0077,16,0,0,0
40.7271,-73.9897,6,0,0,0
40.6447,-73.782,21,0,0,0
40.7603,-73.9596,14,1,0,0
40.7468,-73.9974,19,0,0,0
40.7602,-73.9806,13,0,0,0
40.774,-73.9821,19,1,0,0
40.7343,-74.0027,22,0,0,0
40.7596,-73.9874,14,0,0,0
40.7768,-73.9828,14,1,0,0
40.7131,-73.9641,14,1,0,0
40.7141,-74.0142,17,0,0,0
40.7244,-74.0017,16,0,0,0
40.7782,-73.9139,0,0,0,0
40.6215,-74.0326,8,0,0,0
40.7078,-73.9218,2,1,0,0
40.5954,-73.7428,16,1,2,5
40.7473,-74.0007,19,0,0,0
40.7658,-73.9559,16,0,0,0
40.7189,-73.9873,2,1,0,0
40.7604,-73.9699,0,1,0,0
40.7186,-73.9833,0,1,0,0
40.7357,-73.9895,17,1,0,0
40.9708,-73.8772,16,0,-1,-1
40.7485,-73.9733,20,0,0,0
40.7653,-73.9615,8,0,0,0
40.7512,-73.9854,15,0,0,0
40.7438,-73.9879,20,0,0,0
40.7649,-73.9687,18,0,0,0
40.676,-73.999,13,0,0,0
40.7104,-74.0174,16,0,0,0
40.715,-74.0163,16,0,0,0
40.7262,-74.0448,17,1,0,0
40.7549,-73.9873,17,0,0,0
40.7335,-73.9762,9,0,0,0
40.7627,-73.9908,5,0,0,0
40.7647,-73.921,15,1,0,0
40.8042,-73.9354,22,0,0,0
40.7381,-74.0094,14,0,0,0
40.7541,-73.9904,15,0,0,0
40.7376,-74.0082,20,0,0,0
40.6735,-73.981,6,0,0,0
40.6852,-73.9593,19,1,0,0
40.7266,-73.9941,22,0,0,0
40.7101,-73.9626,22,0,0,0
40.7624,-73.9685,21,0,0,0
40.734,-73.9813,19,1,0,0
40.7515,-73.971,19,0,0,0
40.7254,-73.9926,14,1,0,0
40.8904,-73.8522,9,0,0,0
40.7288,-73.9808,20,0,0,0
40.7617,-73.9589,21,0,0,0
40.7361,-74.0078,23,0,0,0
40.6467,-73.7895,22,1,0,0
40.7779,-73.9478,10,0,0,0
40.7593,-73.962,16,0,0,0
40.7786,-73.9159,9,0,0,0
40.7819,-73.9809,17,1,0,0
40.7507,-73.9685,17,0,0,0
40.7605,-74.003,16,1,0,0
40.6906,-74.1781,7,0,1,1
40.645,-73.782,19,0,0,0
40.7588,-73.9875,19,1,0,0
40.7576,-73.9846,16,0,0,0
40.6926,-73.9549,11,0,0,0
40.6466,-73.7901,13,0,0,0
40.7745,-73.9838,13,1,0,0
40.766,-73.9696,19,0,0,0
40.7644,-73.9752,15,0,0,0
40.7485,-73.9393,18,0,0,0
40.7775,-73.9888,7,0,0,0
40.7471,-73.9935,19,1,0,0
40.7123,-74.0089,18,0,0,0
40.7382,-74.0086,5,0,0,0
40.7155,-74.0146,18,1,0,0
40.7634,-73.9824,21,0,0,0
40.7507,-73.9977,13,1,0,0
40.7215,-73.9475,22,0,0,0
40.7641,-73.9691,16,1,0,0
40.7441,-73.9919,18,1,0,0
40.7314,-73.9885,20,0,0,0
40.6459,-73.7767,12,0,0,0
40.7186,-73.9908,21,0,0,0
40.7561,-73.9967,11,1,0,0
40.7437,-74.0071,2,1,0,0
40.7473,-73.9722,16,0,0,0
40.778,-73.9747,6,0,0,0
40.7264,-73.9563,18,0,0,0
40.764,-73.974,16,0,0,0
40.7448,-73.9888,16,1,0,0
40.7226,-73.9952,20,0,0,0
40.7803,-73.9475,5,0,0,0
40.7695,-73.9953,15,0,0,0
40.7188,-74.0089,11,0,0,0
40.774,-73.8726,14,0,0,0
40.7499,-73.9803,16,0,0,0
40.754,-73.972,17,0,0,0
40.7503,-73.9786,17,0,0,0
40.7534,-73.9885,20,0,0,0
40.7236,-74.0108,14,0,0,0
40.7689,-73.9839,23,0,0,0
40.705,-74.0075,8,0,0,0
40.7404,-74.0058,23,0,0,0
40.7275,-74.0071,11,0,0,0
40.7353,-74.0094,8,0,0,0
40.876,-73.8834,20,0,0,0
40.7472,-73.9885,19,0,0,0
40.7578,-73.9777,19,0,0,0
40.7138,-73.9927,17,1,0,0
40.7274,-73.9917,21,0,0,0
40.7733,-73.9531,8,1,0,0
40.6938,-73.9879,21,0,0,0
40.7404,-73.9868,13,0,0,0
40.7566,-73.9879,1,1,0,0
40.7789,-73.9583,3,0,0,0
40.6671,-73.9785,18,1,0,0
40.7367,-73.9889,19,0,0,0
40.7247,-73.9988,14,0,0,0
40.8078,-73.9656,13,1,0,0
40.7474,-73.9832,11,0,0,0
40.724,-73.9937,10,0,0,0
40.7599,-73.9598,7,0,0,0
40.7595,-73.9756,20,0,0,0
40.7616,-73.9792,19,0,0,0
40.7774,-73.9862,11,0,0,0
40.7612,-73.9793,13,0,0,0
40.8081,-73.9665,12,0,0,0
40.7639,-73.9899,14,1,0,0
40.6449,-73.7819,21,0,0,0
40.6457,-73.7767,12,0,0,0
40.792,-73.9719,16,0,0,0
40.741,-74.0071,19,0,0,0
40.7488,-73.9814,17,0,0,0
40.7793,-73.9819,18,1,0,0
40.7741,-73.8727,10,0,0,0
40.7217,-73.9946,3,1,0,0
40.6686,-73.9479,18,1,0,0
40.7643,-73.987,0,1,0,0
40.7513,-73.9762,20,0,0,0
40.7424,-74.0046,2,0,0,0
40.7752,-73.9508,7,0,0,0
40.7493,-73.9773,7,0,0,0
40.8021,-73.9452,16,1,0,0
40.7408,-74.0077,2,1,0,0
40.7519,-73.9934,20,1,0,0
40.7827,-73.9736,12,0,0,0
40.7189,-74.0087,13,0,0,0
40.7192,-73.9869,8,0,0,0
40.6486,-73.7832,17,0,0,0
40.7109,-74.0061,20,0,0,0
40.7648,-73.9691,17,0,0,0
40.7165,-73.9615,6,0,0,0
40.7526,-73.9933,19,1,0,0
40.7591,-73.981,17,0,0,0
40.7506,-74.0033,22,0,0,0
40.7195,-73.9999,18,0,0,0
40.7558,-73.9725,19,0,0,0
40.722,-73.9945,20,0,0,0
40.7228,-73.9483,11,0,0,0
40.7167,-74.009,6,0,0,0
40.7414,-73.9932,23,0,0,0
40.7366,-73.9977,14,1,0,0
40.7163,-74.0044,22,0,0,0
40.7437,-73.9732,3,0,0,0
40.7687,-73.9623,14,0,0,0
40.7276,-74.0015,20,0,0,0
40.7264,-74.0055,20,0,0,0
40.6926,-73.9457,9,0,0,0
40.7073,-74.0074,14,1,0,0
40.6783,-73.9854,22,1,0,0
40.7615,-73.9235,0,0,0,0
40.7161,-73.9596,14,1,0,0
40.7422,-74.0046,21,0,0,0
40.7149,-74.0161,10,1,0,0
40.7558,-73.9873,1,0,0,0
40.6932,-73.9987,19,1,0,0
40.7535,-73.9815,19,0,0,0
40.7431,-74.0076,11,0,0,0
40.7374,-74.0005,16,0,0,0
40.7788,-73.96,8,0,0,0
40.7143,-74.0151,17,0,0,0
40.7232,-74.006,9,0,0,0
40.7585,-73.9686,17,0,0,0
40.7423,-73.9838,13,0,0,0
40.7117,-74.0104,17,0,0,0
40.7588,-73.973,15,0,0,0
40.7328,-74.0082,22,0,0,0
40.7581,-73.973,20,0,0,0
40.7634,-73.9709,17,0,0,0
40.7559,-73.9823,14,0,0,0
40.723,-73.9977,7,0,0,0
40.6487,-73.9271,23,0,0,0
40.7476,-74.0038,17,0,0,0
40.7778,-73.9617,20,1,0,0
40.7205,-73.9947,21,0,0,0
40.718,-74.2384,1,0,-1,-1
40.7349,-73.986,20,0,0,0
40.7502,-73.9701,4,0,0,0
40.7313,-73.9903,4,0,0,0
40.7618,-73.9706,17,0,0,0
40.7409,-73.983,9,0,0,0
40.7808,-73.9146,17,1,0,0
40.7189,-73.9436,16,0,0,0
40.7318,-74.0096,17,0,0,0
40.7024,-73.9868,7,0,0,0
40.7669,-73.9844,1,1,0,0
40.7791,-73.9601,15,0,0,0
40.7708,-73.9683,6,0,0,0
40.7212,-73.778,7,0,0,0
40.7613,-73.9778,16,1,0,0
40.6863,-73.95,8,0,0,0
40.7501,-74.008,22,0,0,0
40.771,-73.9597,6,0,0,0
40.7854,-73.9717,7,0,0,0
40.7463,-74.0012,5,1,0,0
40.7684,-73.8623,22,0,0,0
40.8,-73.9527,2,1,0,0
40.7098,-74.01,19,0,0,0
40.7216,-73.9954,11,0,0,0
40.7225,-74.0046,18,0,0,0
40.7095,-74.0017,13,0,0,0
40.7608,-73.9988,11,1,0,0
40.7657,-73.9828,21,0,0,0
40.8093,-73.9489,4,1,0,0
40.7596,-73.9873,21,0,0,0
40.7243,-74.0011,15,0,0,0
40.7514,-74.0039,15,1,0,0
40.6882,-73.9793,14,1,0,0
40.7683,-73.9892,6,0,0,0
40.7293,-73.9962,16,0,0,0
40.6867,-73.9754,23,1,0,0
40.7648,-73.9784,17,1,0,0
41.0689,-73.704,20,0,-1,-1
40.7188,-74.0071,17,0,0,0
40.7659,-73.9634,12,1,0,0
40.7511,-73.9937,15,0,0,0
40.7615,-73.9667,18,0,0,0
40.7666,-73.9529,10,0,0,0
40.7415,-73.9934,22,0,0,0
40.7271,-73.9983,20,0,0,0
40.7666,-73.9586,22,1,0,0
40.7436,-73.9926,17,0,0,0
40.726,-73.9869,7,0,0,0
40.7094,-74.0176,5,0,0,0
40.7646,-73.978,18,0,0,0
40.7052,-74.0132,18,0,0,0
40.7321,-74.0045,5,0,0,0
40.7342,-73.9831,11,0,0,0
40.7664,-73.9684,9,0,0,0
40.7387,-73.935,12,0,0,0
40.7452,-73.9905,23,0,0,0
40.7237,-74.0054,19,0,0,0
40.7288,-74.0027,21,1,0,0
40.7716,-73.9489,18,0,0,0
40.77,-73.9576,6,0,0,0
40.7486,-73.9871,16,1,0,0
40.7473,-74.0071,14,0,0,0
40.7411,-74.0075,23,1,0,0
40.7479,-73.9712,10,0,0,0
40.6979,-73.9708,13,1,0,0
40.7366,-73.9818,6,0,0,0
40.752,-74.0017,9,1,0,0
40.7137,-73.9608,11,1,0,0
40.6802,-73.9495,7,0,0,0
40.725,-73.9993,11,0,0,0
40.7357,-73.9981,17,0,0,0
40.6464,-73.79,23,0,0,0
40.71,-74.0047,11,0,0,0
40.676,-73.9776,18,1,0,0
40.7321,-74.0035,22,0,0,0
40.6971,-73.9534,20,1,0,0
40.7604,-73.9792,8,0,0,0
40.717,-73.9803,8,0,0,0
40.8799,-73.8806,16,0,0,0
40.741,-73.9859,12,0,0,0
40.7222,-73.9576,0,1,0,0
40.7326,-73.9816,7,0,0,0
40.7278,-74.0054,21,0,0,0
40.7188,-73.9893,22,0,0,0
40.7246,-74.0019,23,0,0,0
40.7512,-73.994,22,1,0,0
40.7104,-73.9847,20,0,0,0
40.7441,-73.9913,19,1,0,0
40.7678,-73.9823,19,0,0,0
40.738,-73.8615,23,1,0,0
40.7413,-73.9897,21,0,0,0
40.7684,-73.8622,19,0,0,0
40.7103,-73.9352,15,0,0,0
40.711,-73.9354,13,0,0,0
40.7114,-73.996,2,0,0,0
40.7405,-73.9927,17,0,0,0
40.7569,-73.9724,18,0,0,0
40.6869,-73.9931,15,0,0,0
40.7306,-73.9802,14,1,0,0
40.7522,-73.9855,19,0,0,0
40.7408,-74.0076,16,0,0,0
40.7551,-73.9643,20,1,0,0
40.7466,-73.9741,19,0,0,0
40.7588,-73.9729,15,0,0,0
40.762,-73.9838,18,1,0,0
40.6935,-73.9688,7,0,0,0
40.719,-74.0103,19,0,0,0
40.6483,-73.7827,18,1,0,0
40.7334,-73.9899,16,0,0,0
40.7267,-74.0001,12,0,0,0
40.7385,-73.9918,19,0,0,0
40.7382,-74.0092,22,0,0,0
40.7644,-73.9809,15,0,0,0
40.7405,-73.9925,16,0,0,0
40.7325,-73.98,9,0,0,0
40.7398,-73.9924,9,0,0,0
40.764,-73.9732,14,0,0,0
40.756,-73.9749,17,0,0,0
40.717,-74.0125,20,0,0,0
40.8139,-73.9462,20,0,0,0
40.7572,-73.9664,13,0,0,0
40.7288,-73.9542,16,0,0,0
40.7361,-73.977,8,0,0,0
40.7563,-73.9715,22,0,0,0
40.7042,-74.0089,17,0,0,0
40.703,-73.9258,11,1,0,0
40.7138,-73.9854,21,0,0,0
40.7621,-73.9733,20,0,0,0
40.7143,-73.9515,23,0,0,0
40.7445,-73.9873,16,0,0,0
40.7415,-74.0031,13,0,0,0
40.7526,-73.9867,17,0,0,0
40.727,-74.0037,19,0,0,0
40.6459,-73.7766,13,0,0,0
40.8074,-73.9443,8,0,0,0
40.7222,-74.0097,18,0,0,0
40.7452,-73.983,11,0,0,0
40.7141,-73.9879,1,0,0,0
40.7558,-73.9865,13,1,0,0
40.7152,-73.9584,13,1,0,0
40.7979,-73.9735,11,1,0,0
40.6704,-73.9836,6,0,0,0
40.721,-73.9868,1,1,0,0
40.7611,-73.9907,18,0,0,0
40.7641,-73.9588,20,1,0,0
40.7399,-73.9858,14,1,0,0
40.7189,-73.9515,18,0,0,0
40.7393,-73.9842,8,0,0,0
40.6914,-73.9596,17,1,0,0
40.7261,-73.9896,0,1,0,0
40.694,-73.9212,17,0,0,0
40.7509,-73.9761,20,0,0,0
40.754,-73.9693,20,0,0,0
40.7639,-73.9849,19,0,0,0
40.7964,-73.9742,11,0,0,0
40.6914,-73.9156,10,0,0,0
40.7665,-73.9782,5,0,0,0
40.8366,-73.9052,16,0,0,0
40.9353,-73.9022,16,0,-1,0
40.6458,-73.7767,10,0,0,0
40.6948,-74.1778,4,0,1,1
40.7217,-74.0011,20,0,0,0
40.7421,-73.9984,0,1,0,0
40.7322,-73.9963,21,1,0,0
40.7366,-73.9795,6,1,0,0
40.7302,-73.9839,7,0,0,0
40.7254,-74.0101,21,1,0,0
40.7447,-73.9953,16,1,0,0
40.7748,-73.9913,12,1,0,0
40.6945,-74.1777,20,1,1,1
40.6447,-73.782,20,0,0,0
40.7006,-73.8075,18,0,0,0
40.7513,-73.9806,11,0,0,0
40.7622,-73.9897,10,0,0,0
40.7147,-74.012,18,0,0,0
40.7323,-73.9963,18,1,0,0
40.7435,-73.9924,14,0,0,0
40.7333,-74.0101,7,0,0,0
40.7105,-73.9655,22,0,0,0
40.7266,-73.9959,21,0,0,0
40.7748,-74.0316,16,0,0,0
40.7885,-73.9749,19,0,0,0
40.7601,-73.9722,14,0,0,0
40.7561,-73.9864,0,0,0,0
40.7269,-73.9782,16,0,0,0
40.7595,-73.9744,11,0,0,0
40.7383,-73.9931,17,0,0,0
40.7473,-73.9936,12,0,0,0
40.7142,-74.0065,20,1,0,0
40.7277,-73.9911,12,1,0,0
40.7762,-73.9766,12,0,0,0
40.7475,-73.985,15,0,0,0
40.6417,-73.789,13,1,0,0
40.7265,-73.9957,22,0,0,0
40.1737,-74.0332,2,1,-1,-1
40.7449,-73.9989,16,1,0,0
40.735,-74.006,22,0,0,0
40.6837,-73.9406,7,0,0,0
40.7127,-73.9605,0,1,0,0
40.7626,-73.9788,18,1,0,0
40.7546,-73.9881,23,0,0,0
40.7734,-73.962,14,0,0,0
40.77,-73.9611,19,0,0,0
40.7701,-73.8647,19,1,0,0
40.7214,-73.9886,19,0,0,0
40.7294,-73.9961,13,0,0,0
40.7256,-73.9935,17,0,0,0
40.7496,-73.9936,9,0,0,0
40.7686,-73.862,18,0,0,0
40.7986,-73.9351,13,1,0,0
40.711,-74.0058,9,0,0,0
40.7819,-73.9794,22,0,0,0
40.7108,-73.9684,8,0,0,0
40.7612,-73.9894,14,0,0,0
40.7319,-73.9996,21,1,0,0
40.6779,-73.992,22,1,0,0
40.763,-73.9937,4,0,0,0
40.7424,-73.9844,9,0,0,0
40.7413,-73.9898,14,0,0,0
40.7327,-74.0089,10,0,0,0
40.7632,-73.9647,19,0,0,0
40.7421,-74.0039,18,0,0,0
40.687,-73.9569,7,0,0,0
40.7446,-73.9568,22,1,0,0
40.8812,-73.8786,16,0,0,0
40.7643,-73.9736,20,0,0,0
40.7816,-73.9796,15,1,0,0
40.7515,-73.9849,16,0,0,0
40.7641,-73.9688,14,0,0,0
40.7239,-74.0005,15,0,0,0
40.7262,-74.0088,17,1,0,0
40.7895,-73.9731,12,0,0,0
40.965,-73.7241,20,0,-1,2
40.6892,-73.969,6,0,0,0
40.6737,-73.9672,7,1,0,0
40.7693,-73.9557,9,1,0,0
40.7174,-74.0056,13,0,0,0
40.7078,-74.0169,5,0,0,0
40.7271,-74.0016,23,0,0,0
40.717,-73.9946,21,0,0,0
40.7929,-73.9674,16,0,0,0
40.7775,-73.9769,9,0,0,0
40.7558,-73.9905,11,0,0,0
40.7202,-73.9883,22,1,0,0
40.7171,-73.963,17,1,0,0
40.725,-73.9948,21,0,0,0
40.7246,-73.9936,9,0,0,0
40.7707,-73.8655,18,0,0,0
40.7628,-73.972,16,0,0,0
40.7434,-73.994,14,0,0,0
40.8009,-73.943,19,1,0,0
40.783,-73.9711,9,0,0,0
40.6577,-74.0071,15,0,0,0
40.6941,-73.96,0,1,0,0
40.6864,-73.9233,19,0,0,0
40.7648,-73.9823,20,0,0,0
40.7504,-73.9788,11,0,0,0
40.6877,-74.0013,21,0,0,0
40.7365,-73.9988,12,0,0,0
40.711,-74.0062,10,1,0,0
40.7796,-73.9735,23,0,0,0
40.7518,-73.9773,11,1,0,0
40.7785,-73.949,18,1,0,0
40.6673,-73.7939,8,0,0,0
40.7443,-73.9744,19,0,0,0
40.7515,-73.9783,19,0,0,0
40.8716,-74.0621,16,0,4,-1
40.7516,-74.0015,15,0,0,0
40.5918,-74.101,13,0,-1,-1
40.6757,-74.017,3,1,0,0
40.7519,-73.9707,22,0,0,0
40.7602,-73.9743,18,0,0,0
40.7437,-73.987,19,0,0,0
40.7555,-73.971,21,0,0,0
40.7219,-74.0043,12,1,0,0
40.695,-74.1783,22,0,1,1
40.7631,-73.9739,15,0,0,0
40.8652,-73.9309,15,1,0,0
40.7654,-73.9721,18,0,0,0
40.727,-74.0032,12,0,0,0
40.7256,-73.9948,20,0,0,0
40.7714,-73.9607,17,1,0,0
40.7174,-74.0103,11,0,0,0
40.7222,-73.9944,21,0,0,0
40.7674,-73.9868,7,0,0,0
40.7321,-74.0034,21,0,0,0
40.7966,-73.9723,15,1,0,0
40.7423,-73.9806,2,1,0,0
40.6336,-74.0143,9,1,0,0
40.7199,-74.0106,11,0,0,0
40.7531,-73.9869,18,0,0,0
40.7547,-73.9765,19,0,0,0
40.7451,-73.9861,8,0,0,0
40.7368,-74.0093,7,0,0,0
40.6461,-73.7767,18,0,0,0
40.7473,-73.8914,14,0,0,0
40.7638,-73.979,6,0,0,0
40.7588,-73.9875,20,0,0,0
40.7389,-73.9955,23,0,0,0
40.6737,-73.9823,17,1,0,0
40.7449,-73.9888,22,0,0,0
40.7296,-74.0047,22,1,0,0
40.645,-73.7821,21,0,0,0
40.734,-74.0045,6,0,0,0
40.6785,-73.9898,22,1,0,0
40.6875,-73.9958,4,1,0,0
40.7985,-73.9597,18,0,0,0
40.7592,-73.9771,15,0,0,0
40.7555,-73.984,17,0,0,0
40.7059,-73.9335,22,1,0,0
40.7484,-74.0078,16,0,0,0
40.7293,-73.9575,3,1,0,0
40.776,-73.9571,11,0,0,0
40.7027,-73.928,1,1,0,0
40.7737,-73.9559,23,1,0,0
40.9848,-73.6844,12,0,3,3
40.7223,-73.9918,8,0,0,0
40.7707,-73.9629,6,0,0,0
40.7268,-73.9859,2,1,0,0
40.727,-73.984,1,1,0,0
40.7465,-73.9721,7,0,0,0
40.7506,-73.9782,18,0,0,0
40.7046,-74.0079,12,1,0,0
40.7169,-73.9979,18,0,0,0
40.6885,-73.9599,7,0,0,0
40.7638,-73.956,11,0,0,0
40.809,-73.9645,16,1,0,0
40.7217,-73.9992,12,1,0,0
40.7805,-73.9571,15,1,0,0
40.7223,-74.0006,15,1,0,0
40.7939,-73.9344,22,0,0,0
40.7407,-73.9981,19,1,0,0
40.721,-73.9939,6,0,0,0
40.7372,-73.9906,20,0,0,0
40.7832,-73.9551,15,0,0,0
40.7512,-73.9754,19,0,0,0
40.7439,-73.9863,17,0,0,0
40.7093,-74.0112,7,0,0,0
40.7368,-74.0045,5,0,0,0
40.7195,-74.0029,14,0,0,0
40.7628,-73.9952,7,0,0,0
40.7651,-73.9801,7,0,0,0
40.7321,-74.0096,10,0,0,0
40.7475,-73.9726,9,0,0,0
40.7204,-73.9551,15,1,0,0
40.7662,-73.9537,11,0,0,0
40.7458,-74.0075,6,0,0,0
40.7469,-73.9906,16,0,0,0
40.746,-73.9455,5,1,0,0
40.7675,-73.9671,13,0,0,0
40.7608,-73.9787,19,1,0,0
40.7186,-73.9821,9,0,0,0
40.7643,-73.9686,8,0,0,0
40.7382,-74.0095,23,0,0,0
40.7265,-73.9959,15,0,0,0
40.7614,-74.0001,9,0,0,0
40.7377,-73.9806,10,1,0,0
40.7566,-73.9867,16,0,0,0
40.6843,-73.3382,18,1,-1,-1
40.7472,-73.9819,23,0,0,0
40.7639,-73.9748,12,1,0,0
40.7682,-73.862,22,0,0,0
40.7381,-73.989,14,0,0,0
40.7731,-73.886,17,0,0,0
40.7754,-73.9499,19,1,0,0
40.7459,-73.9882,18,1,0,0
40.7585,-73.9889,18,0,0,0
40.7638,-73.9972,19,0,0,0
40.645,-73.782,16,1,0,0
40.7643,-73.974,20,0,0,0
40.7206,-73.9978,15,1,0,0
40.7706,-73.9568,7,0,0,0
40.7543,-73.9675,22,0,0,0
40.7761,-73.9607,18,1,0,0
40.853,-73.863,19,1,0,0
40.7665,-73.9783,12,0,0,0
40.802,-73.9694,6,0,0,0
40.7534,-73.9928,20,0,0,0
40.779,-73.9521,15,0,0,0
40.765,-73.9946,13,0,0,0
40.7931,-73.9767,20,0,0,0
40.756,-74.0023,18,1,0,0
40.7773,-73.9623,6,0,0,0
40.7395,-74.002,0,1,0,0
40.7363,-73.9925,22,1,0,0
40.6619,-73.9852,22,1,0,0
40.6804,-73.9778,21,0,0,0
40.7046,-74.0116,16,0,0,0
40.7407,-74.007,22,1,0,0
40.7578,-73.9734,17,0,0,0
40.7219,-73.992,23,0,0,0
40.7594,-73.9778,8,0,0,0
40.7638,-73.9938,22,0,0,0
40.75,-73.9824,9,0,0,0
40.8041,-73.9555,23,1,0,0
40.7617,-73.9749,21,0,0,0
40.7177,-74.0057,10,0,0,0
40.7174,-74.016,5,0,0,0
40.7861,-73.953,16,0,0,0
40.7302,-74.0029,19,1,0,0
40.72,-74.0076,7,0,0,0
40.7197,-73.9789,8,0,0,0
40.7239,-74.0041,0,0,0,0
40.7901,-73.9769,6,0,0,0
40.7139,-74.0145,19,1,0,0
40.8398,-73.9409,14,0,0,0
40.7591,-73.9944,7,0,0,0
40.7373,-74.0005,18,0,0,0
40.765,-73.9613,18,0,0,0
40.7392,-74.0013,21,0,0,0
40.7312,-74.0067,19,0,0,0
40.7221,-74.0008,16,1,0,0
40.7599,-73.9964,5,0,0,0
40.7641,-73.9904,18,0,0,0
40.8452,-73.936,9,0,0,0
40.7286,-73.9985,2,1,0,0
40.7354,-74.0033,9,0,0,0
40.6867,-73.7375,13,1,0,0
40.7199,-74.0102,23,0,0,0
40.7596,-73.9784,15,0,0,0
40.7232,-74.0062,8,0,0,0
40.6916,-73.9845,9,0,0,0
40.8797,-73.8794,15,0,0,0
40.737,-74.0021,19,0,0,0
40.7559,-73.9838,15,0,0,0
40.7466,-73.9938,18,1,0,0
40.7239,-74.0041,3,0,0,0
40.7367,-73.9931,19,0,0,0
40.7072,-73.9322,0,1,0,0
40.7352,-73.9942,16,0,0,0
40.7598,-73.9789,18,0,0,0
40.7036,-74.0097,15,0,0,0
40.6972,-73.9467,13,0,0,0
40.7443,-73.9803,23,0,0,0
40.7173,-73.9644,7,1,0,0
40.7867,-73.953,12,0,0,0
40.7444,-73.9944,14,0,0,0
40.7801,-73.9571,15,0,0,0
40.7498,-74.0051,13,0,0,0
40.79,-73.9705,17,0,0,0
40.7358,-73.9837,13,0,0,0
40.7625,-73.9688,13,0,0,0
40.7496,-73.9795,20,0,0,0
40.7211,-73.9878,18,1,0,0
40.694,-74.0009,14,1,0,0
40.747,-74.0026,4,0,0,0
40.7578,-73.9813,14,0,0,0
40.7521,-73.5878,12,0,9,6
40.6702,-73.9788,15,1,0,0
40.7483,-74.0056,8,0,0,0
40.7498,-74.005,19,0,0,0
40.751,-73.9764,22,0,0,0
40.6836,-73.959,21,1,0,0
40.7219,-73.9792,6,0,0,0
40.7361,-74.009,19,1,0,0
40.7213,-73.9936,1,1,0,0
40.6952,-74.1788,23,0,1,1
40.7412,-74.0015,22,0,0,0
40.6481,-73.7825,20,0,0,0
40.7556,-73.9874,20,0,0,0
40.8037,-73.9483,13,0,0,0
40.718,-73.9549,22,1,0,0
40.7752,-73.959,10,0,0,0
40.7219,-73.9919,2,1,0,0
40.7147,-73.9502,13,1,0,0
40.73,-73.9994,8,0,0,0
40.7246,-73.8744,18,1,0,0
40.7642,-73.977,18,0,0,0
40.6484,-73.7831,13,1,0,0
40.7484,-73.9748,15,0,0,0
40.7367,-73.9964,22,1,0,0
40.7128,-73.7876,19,1,0,0
40.7816,-73.9768,8,0,0,0
40.7053,-74.008,21,0,0,0
40.7695,-73.9894,10,0,0,0
40.6748,-73.9995,15,0,0,0
40.7623,-73.9626,9,1,0,0
40.6836,-73.8861,21,0,0,0
40.6447,-73.7821,4,0,0,0
40.6469,-73.7897,8,0,0,0
40.7182,-74.0148,7,0,0,0
40.7544,-73.9769,2,0,0,0
40.766,-73.9636,13,0,0,0
40.7452,-73.9533,13,0,0,0
40.7483,-73.9766,21,0,0,0
40.7236,-74.0027,19,1,0,0
40.7791,-73.9827,13,0,0,0
40.771,-73.8661,21,0,0,0
40.6739,-74.0171,17,1,0,0
40.7437,-73.986,10,0,0,0
40.7563,-73.8439,18,0,0,0
40.7644,-73.9687,8,1,0,0
40.7865,-73.9525,9,0,0,0
40.7821,-73.9558,15,0,0,0
40.6861,-73.989,5,0,0,0
40.7721,-73.9827,12,0,0,0
40.722,-73.9974,5,0,0,0
40.6921,-73.9861,7,0,0,0
40.7266,-73.986,15,0,0,0
40.75,-73.9951,21,1,0,0
40.7541,-73.994,8,0,0,0
40.7442,-74.003,8,1,0,0
40.6624,-73.7904,21,1,0,0
40.7168,-74.0146,22,0,0,0
40.6815,-73.9768,23,1,0,0
40.7386,-73.9854,17,0,0,0
40.7508,-73.9882,12,0,0,0
40.645,-73.7819,19,0,0,0
40.7781,-73.9781,8,0,0,0
40.7045,-74.0095,19,1,0,0
40.7732,-73.9663,11,1,0,0
40.8228,-73.9398,14,1,0,0
40.7609,-73.9803,20,0,0,0
40.7241,-73.9962,21,1,0,0
40.7156,-74.0114,9,1,0,0
40.7325,-73.9771,7,0,0,0
40.7465,-73.9977,15,0,0,0
40.7702,-73.967,18,0,0,0
40.7228,-73.993,13,0,0,0
40.7179,-73.9761,10,1,0,0
40.6754,-73.9714,19,1,0,0
40.7326,-73.9992,23,0,0,0
40.7029,-73.9908,18,0,0,0
40.7339,-73.9896,23,1,0,0
40.6439,-73.7831,0,0,0,0
40.7514,-73.9904,13,0,0,0
40.7611,-73.9706,16,0,0,0
40.7454,-73.9807,17,0,0,0
40.6956,-73.9339,11,0,0,0
40.7511,-73.9747,17,0,0,0
40.7547,-73.9932,12,0,0,0
40.7602,-74.0024,7,0,0,0
40.6687,-73.9852,12,0,0,0
40.7851,-73.9538,17,0,0,0
40.7539,-73.9995,19,0,0,0
40.7178,-73.9941,19,0,0,0
40.7487,-73.9843,11,0,0,0
40.7496,-73.9814,19,0,0,0
40.7535,-73.9871,12,0,0,0
40.6501,-74.0233,14,0,0,0
40.7496,-73.9736,17,0,0,0
40.7224,-73.9886,1,1,0,0
40.7608,-73.9904,19,1,0,0
40.7341,-74.0026,22,0,0,0
40.7177,-73.9558,20,0,0,0
40.7271,-74.0047,20,0,0,0
40.7571,-73.9669,11,0,0,0
40.7059,-73.9034,13,1,0,0
40.701,-73.9842,7,0,0,0
40.7632,-73.9881,4,0,0,0
40.7256,-74.0054,17,0,0,0
40.7382,-74.0423,10,0,0,0
40.7843,-73.9739,5,0,0,0
40.7476,-73.9829,1,0,0,0
40.7714,-73.9524,13,1,0,0
40.7646,-73.9221,16,1,0,0
40.7601,-73.9514,18,0,0,0
40.7707,-73.9606,6,0,0,0
40.7449,-73.989,4,0,0,0
40.7298,-74.007,23,0,0,0
40.7789,-73.9863,6,0,0,0
40.7739,-73.8725,18,0,0,0
40.7271,-74.0073,16,0,0,0
40.7881,-73.9719,21,1,0,0
40.606,-73.9764,21,0,0,0
40.7831,-73.9743,22,0,0,0
40.769,-73.9826,12,0,0,0
40.7893,-73.9784,11,0,0,0
40.7855,-73.9839,19,0,0,0
40.759,-73.9956,12,0,0,0
40.723,-74.0032,23,0,0,0
40.7796,-73.9577,9,0,0,0
40.7739,-73.8714,16,0,0,0
40.6704,-73.9581,17,0,0,0
40.695,-74.1774,22,0,1,1
40.7598,-73.9741,19,0,0,0
40.7748,-73.9824,15,0,0,0
40.6451,-73.7985,14,0,0,0
40.7532,-73.9931,22,0,0,0
40.768,-73.9831,5,0,0,0
40.6984,-73.9298,17,0,0,0
40.7289,-74.0094,6,0,0,0
40.7121,-73.9943,11,0,0,0
40.7346,-73.9937,21,0,0,0
40.6536,-74.0054,2,1,0,0
40.8513,-73.941,9,0,0,0
40.7886,-73.9771,13,0,0,0
40.7372,-73.9853,10,1,0,0
40.7557,-73.9921,8,1,0,0
40.8633,-73.8626,7,0,0,0
40.7235,-74.0049,19,1,0,0
40.7524,-73.9818,17,0,0,0
40.6612,-73.9971,9,0,0,0
40.6447,-73.7822,14,0,0,0
40.7217,-74.0021,17,0,0,0
40.764,-73.9764,18,0,0,0
40.7427,-73.9895,16,0,0,0
40.7588,-73.9779,19,0,0,0
40.7589,-73.9739,18,0,0,0
40.7376,-73.9881,12,0,0,0
40.7058,-73.9371,2,1,0,0
40.7405,-73.9822,20,0,0,0
40.7527,-73.9677,21,0,0,0
40.6429,-73.789,16,0,0,0
40.7592,-73.9958,8,0,0,0
40.7452,-73.9942,7,0,0,0
40.7562,-73.9837,21,0,0,0
40.7409,-73.9765,7,0,0,0
40.7365,-73.9985,13,1,0,0
40.7174,-73.9515,11,0,0,0
40.7428,-73.979,22,0,0,0
40.7807,-73.9821,8,0,0,0
40.6446,-73.7823,18,0,0,0
40.7195,-73.9971,5,1,0,0
40.7578,-73.9912,11,0,0,0
40.7449,-74.0051,19,1,0,0
40.7618,-73.983,20,0,0,0
40.7476,-73.9889,19,0,0,0
40.7503,-73.9911,16,1,0,0
40.7591,-73.9616,20,0,0,0
40.6777,-73.9859,8,0,0,0
40.7188,-74.0107,17,0,0,0
40.7586,-73.976,0,0,0,0
40.737,-73.981,6,0,0,0
40.7361,-74.0059,22,1,0,0
40.6468,-73.7897,19,1,0,0
40.7926,-73.9641,20,0,0,0
40.7933,-73.9725,22,1,0,0
40.7322,-73.9879,9,1,0,0
40.776,-73.9615,15,0,0,0
40.7549,-73.9798,12,0,0,0
40.7432,-74.0065,14,1,0,0
40.7384,-73.9995,16,0,0,0
40.7859,-73.9531,10,0,0,0
40.7579,-73.9755,23,1,0,0
40.7608,-73.9861,18,0,0,0
40.7269,-73.9804,6,0,0,0
40.7444,-73.9832,13,0,0,0
40.7535,-73.9809,19,0,0,0
40.7639,-73.9737,12,0,0,0
40.7381,-73.9859,21,1,0,0
40.7631,-73.988,19,1,0,0
40.7216,-73.9836,8,0,0,0
40.7499,-74.0035,15,0,0,0
40.771,-73.9618,23,1,0,0
40.7345,-73.9883,21,0,0,0
40.7786,-73.9562,11,0,0,0
40.733,-73.9843,16,0,0,0
40.7782,-73.9481,7,0,0,0
40.7051,-74.0074,22,1,0,0
40.7502,-74.0024,1,1,0,0
40.7292,-74.0053,20,0,0,0
40.675,-73.9602,0,1,0,0
40.6881,-74.0,20,0,0,0
40.7513,-73.9789,23,0,0,0
40.666,-73.9953,13,0,0,0
40.7352,-73.9939,10,1,0,0
40.7419,-73.9943,19,0,0,0
40.7276,-73.9884,20,1,0,0
40.81,-73.944,22,1,0,0
40.7404,-74.0041,18,0,0,0
40.6934,-73.9843,11,0,0,0
40.7197,-73.9995,18,1,0,0
40.7495,-73.9953,14,0,0,0
40.6446,-73.7826,22,0,0,0
40.7237,-73.9791,8,0,0,0
40.7481,-74.0051,18,0,0,0
40.7564,-73.973,13,1,0,0
40.7246,-73.9937,18,0,0,0
40.6465,-73.7899,7,0,0,0
40.7222,-73.9431,18,1,0,0
40.6448,-73.7819,4,0,0,0
40.7222,-73.9873,9,0,0,0
40.7283,-74.002,21,0,0,0
40.7196,-73.9901,13,0,0,0
40.6852,-73.9334,13,0,0,0
40.6613,-73.9858,10,0,0,0
40.7822,-73.9579,22,0,0,0
40.7475,-74.0059,17,0,0,0
40.7136,-74.0117,18,0,0,0
40.7752,-73.9072,13,1,0,0
40.7715,-73.9548,7,0,0,0
40.7552,-73.9868,1,0,0,0
40.7252,-73.9842,0,1,0,0
40.7532,-73.9979,13,0,0,0
40.6856,-73.915,6,0,0,0
40.8403,-73.8767,14,0,0,0
40.747,-74.0079,19,0,0,0
40.7063,-74.0093,12,0,0,0
40.6017,-73.9514,12,0,0,0
40.715,-73.9919,13,0,0,0
40.7539,-73.9725,18,0,0,0
40.755,-73.984,22,0,0,0
40.5979,-73.9716,16,0,0,0
40.7501,-73.9914,15,0,0,0
40.7265,-74.0089,8,0,0,0
40.732,-73.9965,15,0,0,0
40.752,-73.9815,16,0,0,0
40.7612,-73.9732,15,0,0,0
40.7579,-73.9618,15,0,0,0
40.7607,-73.9835,3,1,0,0
40.735,-73.9814,13,1,0,0
40.7566,-73.9923,19,0,0,0
40.6466,-73.7899,23,1,0,0
40.7255,-73.9951,19,0,0,0
40.7553,-73.9913,15,0,0,0
40.7554,-73.9985,9,0,0,0
40.7791,-73.9581,21,0,0,0
40.7256,-73.9998,6,0,0,0
40.6723,-73.6042,17,0,-1,-1
40.7267,-73.9851,8,0,0,0
40.7565,-73.9765,16,0,0,0
40.6735,-73.9848,17,0,0,0
40.7055,-73.9961,21,1,0,0
40.7199,-73.9601,0,1,0,0
40.8166,-73.8965,17,0,0,0
40.7473,-73.981,11,0,0,0
40.7727,-73.9535,11,0,0,0
40.7316,-73.9903,16,1,0,0
40.7163,-74.0047,10,0,0,0
40.7328,-73.99,13,0,0,0
40.7416,-74.0285,17,0,0,0
40.7755,-73.954,8,1,0,0
40.7165,-74.0166,20,0,0,0
40.7627,-73.9929,22,0,0,0
40.7547,-73.9783,16,1,0,0
40.7176,-73.9528,14,0,0,0
40.7383,-73.9998,8,0,0,0
40.74,-74.0061,22,0,0,0
40.7119,-74.0107,15,0,0,0
40.7411,-73.9788,17,0,0,0
40.7454,-73.9912,15,0,0,0
40.6724,-73.9484,1,0,0,0
40.7482,-73.9925,16,0,0,0
40.7233,-73.9947,19,0,0,0
40.6687,-73.9852,0,1,0,0
40.7824,-73.9766,6,0,0,0
40.7511,-73.9905,11,0,0,0
40.6949,-73.9871,10,0,0,0
40.7156,-73.964,15,1,0,0
40.7122,-74.0087,18,0,0,0
40.7473,-73.9896,10,0,0,0
40.739,-73.9915,11,1,0,0
40.743,-73.9872,18,0,0,0
40.7055,-74.008,8,0,0,0
40.774,-73.8724,19,0,0,0
40.7497,-73.9747,13,0,0,0
40.7345,-73.9991,22,0,0,0
40.7573,-72.9522,14,1,-1,-1
40.7532,-73.9811,20,0,0,0
40.7233,-73.9915,10,1,0,0
40.7247,-74.0022,19,0,0,0
40.7494,-73.981,6,0,0,0
40.7571,-73.9855,16,0,0,0
40.7547,-73.9841,15,0,0,0
40.7459,-73.9556,19,0,0,0
40.6447,-73.7827,7,0,0,0
40.6865,-73.9165,10,0,0,0
40.7638,-73.9712,16,0,0,0
40.6878,-74.1816,7,0,1,1
40.7173,-74.0091,13,0,0,0
40.7379,-73.9922,18,0,0,0
40.7317,-74.0033,19,0,0,0
40.7738,-73.8717,23,0,0,0
40.7675,-73.9613,19,0,0,0
40.7557,-73.992,20,1,0,0
40.7413,-74.0062,21,0,0,0
40.6931,-73.969,20,0,0,0
40.757,-73.9972,14,0,0,0
40.7365,-73.9973,17,0,0,0
40.7143,-73.9464,22,1,0,0
40.7356,-73.9967,22,1,0,0
40.7748,-73.9807,6,0,0,0
40.7305,-73.9893,15,1,0,0
40.8857,-73.91,18,0,0,0
40.765,-73.9826,15,0,0,0
40.7249,-74.035,6,0,0,0
40.7409,-73.9857,19,0,0,0
40.779,-73.9741,16,1,0,0
40.7705,-73.7933,21,0,0,0
40.7755,-73.9562,21,0,0,0
40.7695,-73.9873,10,1,0,0
40.6871,-73.9959,17,0,0,0
40.6888,-73.9649,14,1,0,0
40.7944,-73.9664,6,0,0,0
40.7852,-73.9752,12,1,0,0
40.7641,-73.9611,4,0,0,0
40.8006,-73.97,13,1,0,0
40.8057,-73.9405,19,1,0,0
40.6446,-73.7832,19,0,0,0
40.742,-73.9901,14,1,0,0
40.7539,-73.9645,11,1,0,0
40.7312,-73.9994,15,0,0,0
40.6906,-73.9582,23,0,0,0
40.7179,-74.003,21,1,0,0
40.7609,-73.9674,16,0,0,0
40.7636,-73.9637,8,1,0,0
40.7179,-73.9904,14,1,0,0
40.7171,-74.0045,17,0,0,0
40.697,-73.9746,20,0,0,0
40.7621,-73.9823,21,0,0,0
40.7406,-74.0077,23,0,0,0
40.7473,-74.0031,5,0,0,0
40.7651,-73.9668,18,0,0,0
40.7639,-73.9741,17,1,0,0
40.7188,-73.9633,20,0,0,0
40.777,-73.9594,7,0,0,0
40.7346,-73.9923,15,0,0,0
40.7147,-73.9569,6,0,0,0
40.781,-73.9799,18,1,0,0
40.7521,-73.9817,18,0,0,0
40.727,-73.9889,23,0,0,0
40.7623,-73.982,15,0,0,0
40.646,-73.7768,6,0,0,0
40.777,-73.9882,9,0,0,0
40.67,-73.9881,18,0,0,0
40.6414,-73.9467,17,0,0,0
40.7419,-74.0035,20,1,0,0
40.6942,-73.949,18,0,0,0
40.7686,-73.9848,8,0,0,0
40.7543,-73.9958,14,1,0,0
40.7524,-73.9742,22,0,0,0
40.7635,-73.9811,12,0,0,0
40.7284,-73.9927,15,0,0,0
40.672,-73.9773,13,0,0,0
40.7022,-73.943,8,1,0,0
40.7754,-73.9841,21,0,0,0
40.7578,-73.9872,21,0,0,0
40.7497,-73.9855,10,0,0,0
40.7197,-73.9608,17,0,0,0
40.7185,-73.983,22,0,0,0
40.7996,-73.9607,14,1,0,0
40.7192,-74.004,18,0,0,0
40.7236,-74.0062,17,0,0,0
40.7051,-73.9332,13,1,0,0
40.7416,-74.0049,23,1,0,0
40.7533,-73.9807,7,0,0,0
40.7406,-74.002,21,0,0,0
40.7346,-73.9925,8,1,0,0
40.7191,-73.9643,20,1,0,0
40.7619,-73.9776,14,1,0,0
40.7547,-73.9953,18,1,0,0
40.7641,-73.9771,17,1,0,0
40.7321,-74.0007,14,0,0,0
40.6814,-73.9736,18,0,0,0
40.7647,-73.9941,12,0,0,0
40.7399,-73.9799,8,0,0,0
40.7197,-73.9995,4,1,0,0
40.7627,-73.9741,12,0,0,0
40.7766,-73.9764,17,0,0,0
40.7632,-73.9846,20,0,0,0
40.7708,-73.9569,7,0,0,0
40.6811,-73.9309,23,0,0,0
40.7588,-73.9739,19,0,0,0
40.7477,-73.945,14,0,0,0
40.718,-74.0049,18,0,0,0
40.8473,-73.9382,21,0,0,0
40.7327,-74.0023,19,0,0,0
40.7376,-74.0034,20,0,0,0
40.7298,-74.0046,10,1,0,0
40.7027,-73.9907,13,0,0,0
40.7397,-73.9868,10,0,0,0
40.6799,-73.9781,21,1,0,0
40.7398,-73.984,22,1,0,0
40.7333,-73.9872,22,0,0,0
40.7164,-73.9961,0,0,0,0
40.7811,-73.9495,12,0,0,0
40.6896,-73.9532,11,0,0,0
40.7316,-74.0057,19,0,0,0
40.7144,-74.0154,21,0,0,0
40.6811,-73.9752,22,0,0,0
40.7544,-73.9739,14,0,0,0
40.7546,-73.9687,19,0,0,0
40.7339,-73.9884,16,0,0,0
40.7608,-73.9747,21,0,0,0
40.7385,-73.9855,20,1,0,0
40.7695,-73.9825,12,1,0,0
40.7247,-73.9405,8,0,0,0
40.7328,-74.0044,13,0,0,0
40.7463,-73.9861,14,0,0,0
40.7153,-74.0077,21,1,0,0
40.7469,-73.9857,0,1,0,0
40.8183,-73.9371,22,0,0,0
40.7238,-73.8063,5,1,0,0
40.7741,-73.8722,16,1,0,0
40.7721,-73.9622,11,0,0,0
40.7054,-74.0105,16,0,0,0
40.7068,-74.0041,14,1,0,0
40.7535,-73.9779,21,1,0,0
40.7454,-74.0064,19,1,0,0
40.7568,-73.9985,20,1,0,0
40.703,-74.0147,15,0,0,0
40.7741,-73.8724,10,0,0,0
40.7474,-73.9936,10,1,0,0
40.7487,-73.9899,2,0,0,0
40.776,-73.9615,11,0,0,0
40.7592,-73.9868,8,0,0,0
40.7728,-73.9598,9,0,0,0
40.7041,-73.9275,3,0,0,0
40.765,-73.9804,15,0,0,0
40.6785,-73.9516,0,1,0,0
40.711,-74.009,16,0,0,0
40.7437,-73.988,13,0,0,0
40.7251,-74.0077,21,0,0,0
40.7475,-73.9723,17,0,0,0
40.7073,-74.0046,15,0,0,0
40.8564,-73.9372,23,1,0,0
40.697,-73.955,11,0,0,0
40.7494,-73.9768,20,1,0,0
40.791,-73.9688,14,0,0,0
40.7185,-74.008,10,1,0,0
40.7158,-73.9401,8,0,0,0
40.7074,-73.9528,12,1,0,0
40.7164,-74.0112,16,1,0,0
40.7586,-73.9754,19,0,0,0
40.7458,-73.9808,21,0,0,0
40.707,-74.0081,14,0,0,0
40.7404,-74.0058,3,0,0,0
40.7673,-73.9708,15,0,0,0
40.6719,-74.0104,18,1,0,0
40.7769,-73.9615,16,0,0,0
40.7351,-73.9985,22,1,0,0
40.743,-74.0006,18,1,0,0
40.7559,-73.975,17,0,0,0
40.7269,-73.9073,18,0,0,0
40.7739,-73.8715,20,1,0,0
40.6894,-73.9552,19,0,0,0
40.7074,-74.0041,20,1,0,0
40.7178,-73.9826,15,0,0,0
40.7407,-74.0007,19,0,0,0
40.7457,-74.0056,17,0,0,0
40.7358,-73.7087,5,0,0,0
40.7547,-73.9687,0,0,0,0
40.7496,-73.9875,10,0,0,0
40.6449,-73.7822,16,0,0,0
40.7521,-73.9856,14,1,0,0
40.7518,-73.9922,12,0,0,0
40.7594,-73.9725,17,0,0,0
40.757,-73.9784,19,0,0,0
40.7439,-73.9915,17,0,0,0
40.7552,-74.0312,22,1,0,0
40.7647,-73.9881,12,0,0,0
40.7429,-73.9809,8,0,0,0
40.7707,-73.8656,18,1,0,0
40.7682,-73.9824,22,0,0,0
40.7643,-73.9667,10,0,0,0
40.7473,-74.0008,14,0,0,0
40.7061,-74.013,20,0,0,0
40.799,-73.9334,15,0,0,0
40.7822,-73.9761,21,0,0,0
40.7208,-73.9996,7,0,0,0
40.7612,-73.9667,9,0,0,0
40.7735,-73.9643,21,0,0,0
40.7548,-73.9897,16,0,0,0
40.7049,-74.0099,16,0,0,0
40.7729,-73.8861,18,1,0,0
40.7245,-73.9958,1,0,0,0
40.695,-73.9977,20,0,0,0
40.73,-74.0047,0,0,0,0
40.6869,-73.9989,1,1,0,0
40.6097,-73.9513,11,1,0,0
40.7644,-73.9987,22,0,0,0
40.7376,-74.0094,20,0,0,0
40.7426,-74.0043,15,0,0,0
40.7334,-73.9586,13,0,0,0
40.7169,-74.0064,10,0,0,0
40.7383,-73.999,10,0,0,0
40.7406,-73.9916,21,0,0,0
40.6878,-74.182,11,0,1,1
40.7693,-73.9533,14,0,0,0
40.7946,-74.0042,4,1,0,0
40.724,-73.996,18,1,0,0
40.7178,-73.9952,22,1,0,0
40.7245,-73.9532,20,0,0,0
40.7577,-73.9756,21,0,0,0
40.7139,-73.9923,20,0,0,0
40.7268,-73.9872,12,0,0,0
40.6753,-73.989,13,0,0,0
40.771,-73.9568,23,0,0,0
40.7584,-73.9768,15,0,0,0
40.7665,-73.9883,11,0,0,0
40.7611,-73.9871,21,1,0,0
40.7617,-73.9999,0,1,0,0
40.6754,-73.9519,8,0,0,0
40.7248,-73.9824,20,0,0,0
40.7191,-73.9643,22,1,0,0
40.7774,-73.9484,7,0,0,0
40.7641,-73.979,6,0,0,0
40.7641,-73.9543,15,0,0,0
40.7241,-73.9843,8,0,0,0
40.6801,-73.9949,10,0,0,0
40.782,-73.9779,16,1,0,0
40.7741,-73.8722,13,0,0,0
40.745,-73.9857,20,0,0,0
40.6909,-73.9854,16,0,0,0
40.7207,-73.9782,18,1,0,0
40.6745,-73.7488,13,0,0,0
40.7633,-73.9966,15,1,0,0
40.7442,-74.0066,18,0,0,0
40.7593,-73.9943,15,0,0,0
40.7202,-74.0062,4,0,0,0
40.7372,-73.9905,17,0,0,0
40.6715,-73.9711,18,0,0,0
40.7434,-73.9912,22,0,0,0
40.6904,-73.9781,17,0,0,0
40.7731,-73.8856,18,0,0,0
40.7645,-73.9728,16,0,0,0
40.7786,-73.9834,16,0,0,0
40.7167,-74.0143,15,1,0,0
40.7381,-74.0056,21,0,0,0
40.766,-73.9783,18,1,0,0
40.7261,-73.992,22,0,0,0
40.7368,-73.9801,17,0,0,0
40.7522,-73.9822,11,1,0,0
40.688,-74.1808,4,0,1,1
40.7472,-73.9916,17,1,0,0
40.7261,-73.9919,23,0,0,0
40.6774,-73.9861,7,0,0,0
40.6448,-73.7821,10,0,0,0
40.7008,-73.9901,10,0,0,0
40.7633,-73.9713,6,0,0,0
40.7218,-74.002,16,0,0,0
40.6739,-73.9791,16,0,0,0
40.802,-73.9674,22,1,0,0
40.7618,-73.9902,13,1,0,0
40.7569,-73.9983,18,0,0,0
40.759,-73.9729,15,0,0,0
40.6717,-73.962,1,1,0,0
40.7734,-73.9451,15,0,0,0
40.785,-73.9789,16,0,0,0
40.7646,-73.9707,14,0,0,0
40.6544,-73.9466,10,1,0,0
40.7562,-73.9832,17,0,0,0
40.7475,-73.9726,22,0,0,0
40.7552,-73.9712,19,0,0,0
40.7685,-73.989,6,0,0,0
40.7153,-73.9898,17,0,0,0
40.7547,-73.8538,12,0,0,0
40.7738,-73.8712,16,0,0,0
40.7628,-73.9655,21,0,0,0
40.7611,-73.9993,12,0,0,0
40.7193,-73.9999,19,1,0,0
40.7216,-74.0022,13,0,0,0
40.7649,-73.9805,15,0,0,0
40.7716,-73.9508,12,1,0,0
40.7647,-73.9788,22,0,0,0
40.7107,-74.0092,18,0,0,0
40.7399,-74.0027,23,0,0,0
40.8249,-73.9525,19,0,0,0
40.7564,-73.9882,11,0,0,0
40.7139,-74.015,17,0,0,0
40.7095,-74.0151,10,0,0,0
40.7332,-73.9812,12,0,0,0
40.7913,-73.9776,7,0,0,0
40.7385,-73.994,23,0,0,0
40.7753,-73.9904,16,1,0,0
40.7731,-73.8856,19,0,0,0
40.7646,-73.9763,14,0,0,0
40.7269,-74.0032,17,0,0,0
40.7305,-73.9926,13,1,0,0
40.7048,-74.012,21,0,0,0
40.7323,-73.98,6,0,0,0
40.761,-73.9831,20,0,0,0
40.7351,-73.8661,16,1,0,0
40.729,-74.0053,16,0,0,0
40.7198,-73.963,11,0,0,0
40.7649,-73.9473,4,0,0,0
40.7517,-74.0062,13,0,0,0
40.7732,-73.8855,21,0,0,0
40.7398,-73.9795,7,1,0,0
40.7472,-73.9896,13,0,0,0
40.7202,-73.955,19,1,0,0
40.7743,-73.963,13,0,0,0
40.7385,-73.9996,21,0,0,0
40.7539,-73.9889,17,0,0,0
40.7585,-73.9894,10,0,0,0
40.7778,-73.958,5,0,0,0
40.7614,-73.962,16,0,0,0
40.7413,-73.9929,21,0,0,0
40.7431,-74.0005,15,0,0,0
40.7448,-73.9913,18,0,0,0
40.7838,-73.9503,3,0,0,0
40.7735,-73.9494,9,0,0,0
40.7842,-73.9739,8,0,0,0
40.7738,-73.8718,8,0,0,0
40.7654,-73.9829,7,0,0,0
40.7228,-73.999,15,1,0,0
40.7249,-73.9555,21,0,0,0
40.7605,-74.0028,16,0,0,0
40.6449,-73.7822,22,0,0,0
40.7699,-73.9689,16,0,0,0
40.7353,-74.0069,17,1,0,0
40.7471,-73.9835,13,0,0,0
40.7075,-73.9293,22,0,0,0
40.7653,-73.9822,13,0,0,0
40.7688,-73.9643,9,0,0,0
40.6771,-73.9574,21,0,0,0
40.7731,-73.8855,18,0,0,0
40.7381,-73.9879,22,0,0,0
40.7599,-73.9731,17,0,0,0
40.758,-73.9729,18,0,0,0
40.6944,-73.9576,13,0,0,0
40.6812,-73.9296,19,0,0,0
40.8194,-73.9371,14,1,0,0
40.7118,-73.9924,17,0,0,0
40.7191,-73.9915,3,1,0,0
40.7032,-74.01,18,0,0,0
40.7618,-73.9851,8,1,0,0
40.7472,-73.9721,11,0,0,0
40.7287,-73.9939,6,0,0,0
40.7734,-73.9823,21,1,0,0
40.7487,-74.0082,16,0,0,0
40.7276,-73.949,0,1,0,0
40.724,-73.9962,18,0,0,0
40.7739,-73.8725,9,0,0,0
40.7397,-74.0063,3,1,0,0
40.7214,-74.0089,10,0,0,0
40.7637,-73.9745,10,1,0,0
40.7409,-74.0075,1,1,0,0
40.7416,-74.0013,0,0,0,0
40.7655,-73.9526,9,0,0,0
40.764,-73.9737,15,0,0,0
40.7109,-74.0059,15,0,0,0
40.7191,-73.9895,11,1,0,0
40.7926,-73.9709,16,0,0,0
40.7174,-74.009,16,0,0,0
40.7633,-73.9748,14,0,0,0
40.6936,-73.9825,13,1,0,0
40.7652,-73.9763,11,1,0,0
40.7441,-74.0053,18,0,0,0
40.7729,-73.8856,12,0,0,0
40.7359,-73.9912,12,1,0,0
40.7571,-73.9825,15,1,0,0
40.7673,-73.9257,15,0,0,0
40.8164,-73.9393,1,1,0,0
40.7385,-73.9855,21,0,0,0
40.7641,-73.9788,6,0,0,0
40.7473,-74.003,11,0,0,0
40.6465,-73.7902,18,0,0,0
40.7477,-73.9867,18,1,0,0
40.7147,-73.964,0,1,0,0
40.725,-73.9843,1,0,0,0
40.7606,-73.9736,18,0,0,0
40.737,-73.8978,5,0,0,0
40.7446,-74.0008,19,0,0,0
40.7132,-73.8158,8,0,0,0
40.7301,-73.9979,20,0,0,0
40.7156,-74.0059,16,0,0,0
40.7224,-73.9864,2,1,0,0
40.7246,-73.9914,17,1,0,0
40.7542,-73.9984,8,1,0,0
40.7415,-74.0012,15,0,0,0
40.7432,-73.9913,8,0,0,0
40.6449,-73.7823,12,0,0,0
40.7204,-73.9873,21,0,0,0
40.8886,-73.9106,23,0,0,0
40.8424,-73.915,9,0,0,0
40.7211,-73.9556,8,1,0,0
40.6343,-74.0365,20,1,0,0
40.7055,-73.9471,16,1,0,0
40.7152,-74.0071,18,1,0,0
40.6857,-73.9772,19,0,0,0
40.7237,-74.0035,16,1,0,0
40.7739,-73.8717,13,0,0,0
40.7662,-73.9833,19,1,0,0
40.6979,-73.9333,11,1,0,0
40.7093,-74.0139,22,0,0,0
40.7709,-73.9553,5,0,0,0
40.7277,-74.0013,18,0,0,0
40.8123,-73.9363,8,1,0,0
40.7573,-73.984,9,0,0,0
40.6961,-73.9429,18,0,0,0
40.6888,-73.968,11,1,0,0
40.7217,-73.9935,8,0,0,0
40.754,-73.9861,14,0,0,0
40.7397,-74.0021,19,0,0,0
40.7589,-73.9703,18,0,0,0
40.7122,-73.9963,19,0,0,0
40.7505,-73.9741,17,0,0,0
40.7703,-73.9578,6,0,0,0
40.7373,-73.9893,9,1,0,0
40.7558,-73.9905,21,0,0,0
40.6878,-74.1818,21,0,1,1
40.7732,-73.8855,16,0,0,0
40.6519,-73.976,5,1,0,0
40.7168,-73.9979,16,1,0,0
40.7178,-73.9576,23,0,0,0
40.7212,-73.9561,17,0,0,0
40.7081,-74.0099,17,1,0,0
40.7597,-73.9918,19,0,0,0
40.7512,-73.9753,16,0,0,0
40.6893,-73.991,13,1,0,0
40.7423,-73.9989,15,0,0,0
40.7456,-73.9887,12,0,0,0
40.8116,-73.9409,21,1,0,0
40.7619,-73.9792,23,0,0,0
40.7638,-73.967,13,0,0,0
40.7299,-73.9837,20,0,0,0
40.6905,-73.9059,21,0,0,0
40.7589,-73.9726,17,0,0,0
40.7686,-73.962,11,0,0,0
40.7542,-73.9736,15,0,0,0
40.714,-74.0069,7,0,0,0
40.7297,-74.0022,15,0,0,0
40.7427,-73.9944,19,1,0,0
40.8811,-73.8785,9,0,0,0
40.7554,-73.9796,17,0,0,0
40.7171,-74.0107,18,0,0,0
40.7626,-74.0001,22,0,0,0
40.734,-73.9812,23,0,0,0
40.7664,-73.9781,18,1,0,0
40.7506,-74.0033,0,1,0,0
40.6951,-74.1787,20,0,1,1
40.7712,-73.866,20,0,0,0
40.7784,-73.9552,10,0,0,0
40.7343,-73.978,12,1,0,0
40.762,-73.9716,18,0,0,0
40.7663,-73.9696,18,0,0,0
40.6607,-73.9906,22,1,0,0
40.7081,-74.001,18,1,0,0
40.7292,-73.9936,0,1,0,0
40.7569,-73.9675,11,0,0,0
40.7292,-73.9872,21,0,0,0
40.7364,-74.0015,21,0,0,0
40.7325,-74.0076,17,0,0,0
40.7517,-73.9852,1,1,0,0
40.726,-73.9966,22,0,0,0
40.7382,-73.9911,20,0,0,0
40.7437,-73.9715,14,0,0,0
40.7567,-73.9669,7,0,0,0
40.7644,-73.9616,18,0,0,0
40.7643,-73.9772,12,0,0,0
40.762,-73.9785,14,0,0,0
40.7706,-73.9918,21,1,0,0
40.7208,-74.0009,20,0,0,0
40.7028,-73.9908,16,0,0,0
40.741,-74.0017,13,0,0,0
40.7282,-73.9849,7,0,0,0
40.7215,-74.002,17,0,0,0
40.7723,-73.9498,16,0,0,0
40.6799,-73.9648,22,1,0,0
40.7506,-73.9875,17,0,0,0
40.7441,-73.7012,5,0,0,0
40.7203,-73.9981,17,1,0,0
40.7692,-73.9692,16,1,0,0
40.731,-73.9916,13,0,0,0
40.745,-74.0025,7,0,0,0
40.6448,-73.7819,6,0,0,0
40.8897,-73.8984,11,0,0,0
40.7113,-74.0057,20,1,0,0
40.7533,-73.9734,14,0,0,0
40.7811,-73.9556,6,0,0,0
40.6827,-73.963,8,0,0,0
40.6778,-73.9728,20,0,0,0
40.7113,-73.9606,15,0,0,0
40.7421,-73.9949,20,0,0,0
40.7646,-73.9728,11,1,0,0
40.7172,-74.0159,20,0,0,0
40.7863,-73.9762,1,0,0,0
40.718,-73.9575,23,0,0,0
40.761,-73.9989,14,0,0,0
40.734,-73.9909,21,0,0,0
40.758,-73.9861,18,0,0,0
40.8322,-73.9426,22,0,0,0
40.7594,-73.976,16,0,0,0
40.7037,-73.9866,18,0,0,0
40.7664,-73.9684,14,0,0,0
40.7266,-73.9995,11,0,0,0
40.7429,-73.9925,16,1,0,0
40.7525,-73.9934,6,0,0,0
40.7566,-73.994,12,1,0,0
40.7968,-73.97,6,0,0,0
40.7604,-73.9732,21,0,0,0
40.7385,-73.9834,22,1,0,0
40.6072,-73.959,8,0,0,0
40.7296,-74.0046,13,0,0,0
40.7537,-73.9806,17,0,0,0
40.6909,-74.1776,13,0,1,1
40.7659,-73.977,1,1,0,0
40.7522,-73.9932,8,0,0,0
40.7302,-73.9822,12,0,0,0
40.7597,-73.9788,16,0,0,0
40.7412,-73.9848,18,0,0,0
40.7294,-73.98,8,1,0,0
40.7767,-73.9183,21,1,0,0
40.7879,-73.9767,16,0,0,0
40.7484,-74.0039,12,0,0,0
40.7212,-74.0005,15,0,0,0
40.7796,-73.9573,14,1,0,0
40.7566,-73.9821,9,0,0,0
40.7499,-73.967,17,0,0,0
40.7321,-73.9879,8,0,0,0
40.7461,-73.9842,19,0,0,0
40.7457,-73.9934,21,0,0,0
40.7768,-73.949,8,0,0,0
40.6448,-73.7824,12,0,0,0
40.7349,-73.9797,14,0,0,0
40.7901,-73.977,21,0,0,0
40.7242,-73.9939,22,0,0,0
40.7559,-73.9791,14,0,0,0
40.7266,-74.0351,17,0,0,0
40.7427,-73.9921,9,0,0,0
40.7541,-73.9921,15,0,0,0
40.7591,-73.9824,20,0,0,0
40.7341,-73.9891,14,0,0,0
40.761,-73.9719,17,0,0,0
40.6843,-73.9866,21,0,0,0
40.7742,-73.9637,12,0,0,0
40.7642,-73.9557,18,1,0,0
40.7426,-73.9825,15,0,0,0
40.8047,-73.9378,22,0,0,0
40.7481,-73.9935,12,0,0,0
40.706,-73.9305,1,1,0,0
40.7534,-73.9789,13,0,0,0
40.7718,-73.9562,6,0,0,0
40.7482,-73.9394,16,0,0,0
40.7574,-73.984,17,0,0,0
40.7529,-73.9812,23,0,0,0
40.7722,-73.9823,13,0,0,0
40.745,-73.9544,8,0,0,0
40.7327,-74.0003,7,0,0,0
40.7332,-73.9913,12,0,0,0
40.6906,-73.9956,22,0,0,0
40.7887,-73.9754,17,0,0,0
40.7744,-73.9569,18,0,0,0
40.7447,-73.983,10,0,0,0
40.7406,-74.0057,11,0,0,0
40.7262,-73.9933,6,0,0,0
40.7711,-73.8662,13,0,0,0
40.7054,-74.0077,5,0,0,0
40.7075,-74.0119,15,0,0,0
40.7607,-73.9198,15,0,0,0
40.7765,-73.9525,15,1,0,0
40.7603,-73.9885,20,0,0,0
40.7276,-74.003,18,0,0,0
40.6834,-73.9755,21,1,0,0
40.7491,-73.9915,11,0,0,0
40.7368,-74.0038,20,1,0,0
40.7378,-73.9806,17,1,0,0
40.7448,-73.9889,18,0,0,0
40.722,-74.0008,9,0,0,0
40.7352,-73.9958,9,0,0,0
40.9133,-73.8497,13,0,0,0
40.7654,-73.9818,10,0,0,0
40.7458,-74.0057,23,1,0,0
40.7582,-73.9774,18,0,0,0
40.6885,-73.9505,15,0,0,0
40.7553,-73.995,16,0,0,0
40.7675,-73.8666,14,0,0,0
40.7347,-73.9966,7,1,0,0
40.6951,-73.9634,13,0,0,0
40.7411,-73.9789,21,0,0,0
40.7405,-74.0057,23,1,0,0
40.6758,-73.9443,16,0,0,0
40.6173,-73.7292,15,0,2,5
40.7506,-73.9985,0,1,0,0
40.757,-73.9719,3,0,0,0
40.6807,-73.958,12,0,0,0
40.7388,-74.0091,12,1,0,0
40.7419,-73.9748,18,0,0,0
40.7247,-73.9918,21,0,0,0
40.7017,-73.9896,23,0,0,0
40.6772,-73.9594,9,1,0,0
40.7283,-73.9833,5,0,0,0
40.7444,-73.944,16,1,0,0
40.7686,-73.9875,17,0,0,0
40.7524,-73.9934,16,0,0,0
40.7542,-73.9711,18,0,0,0
40.7444,-73.9813,22,0,0,0
40.7206,-73.9568,15,0,0,0
40.6941,-73.9946,10,0,0,0
40.7119,-74.0435,23,0,0,0
40.7223,-73.955,23,1,0,0
40.7489,-73.9885,23,1,0,0
40.7091,-74.0171,5,0,0,0
40.7098,-73.9668,10,0,0,0
40.7222,-74.0037,17,0,0,0
40.7813,-73.9593,19,1,0,0
40.7834,-73.9491,19,0,0,0
40.7052,-74.0076,15,1,0,0
40.7636,-73.9719,17,0,0,0
40.7595,-73.9854,20,0,0,0
40.7305,-73.9927,8,0,0,0
40.7031,-73.9906,21,1,0,0
40.7231,-73.9968,15,1,0,0
40.7638,-73.976,20,0,0,0
40.7719,-73.9617,18,0,0,0
40.7405,-73.9892,5,0,0,0
40.7005,-73.9231,2,1,0,0
40.804,-73.9544,18,1,0,0
40.6992,-73.7195,22,1,0,0
40.776,-73.9451,4,0,0,0
40.7446,-73.9914,18,0,0,0
40.756,-73.9703,11,0,0,0
40.6835,-73.9739,21,0,0,0
40.7202,-74.0087,20,0,0,0
40.7724,-73.9822,20,0,0,0
40.727,-73.9783,4,0,0,0
40.7407,-74.0045,19,0,0,0
40.7498,-73.9782,9,0,0,0
40.7731,-73.9803,10,0,0,0
40.7046,-74.0098,18,0,0,0
40.7377,-73.9916,1,1,0,0
40.7132,-73.9404,0,1,0,0
40.645,-73.782,13,1,0,0
40.7584,-73.971,14,0,0,0
40.7541,-73.9883,18,0,0,0
40.6447,-73.782,21,0,0,0
40.7074,-74.0072,9,1,0,0
40.7249,-73.9991,22,0,0,0
40.7587,-73.986,15,1,0,0
40.7592,-74.0232,23,0,0,0
40.6737,-73.9636,8,1,0,0
40.7628,-73.9757,21,0,0,0
40.768,-73.9679,16,0,0,0
40.7525,-73.9825,15,0,0,0
40.7493,-73.9944,17,0,0,0
40.7209,-73.9937,17,0,0,0
40.7195,-73.9878,1,1,0,0
40.6416,-73.7877,15,1,0,0
40.7181,-74.0072,13,0,0,0
40.6466,-73.7899,17,0,0,0
40.7427,-73.9852,6,0,0,0
40.681,-73.9752,20,1,0,0
40.7533,-73.981,19,0,0,0
40.8246,-73.9419,16,0,0,0
40.728,-73.9946,10,0,0,0
40.7324,-74.0076,8,0,0,0
40.7446,-73.9945,8,0,0,0
40.7419,-73.9852,16,0,0,0
40.6837,-73.9402,20,0,0,0
40.7518,-73.9776,14,0,0,0
40.8976,-74.0288,19,0,-1,-1
40.7111,-74.0063,19,1,0,0
40.7487,-73.9904,20,1,0,0
40.7634,-73.9795,23,0,0,0
40.7318,-73.9895,1,1,0,0
40.7158,-73.9933,1,1,0,0
40.7842,-73.9548,16,0,0,0
40.7372,-73.9858,13,1,0,0
40.7079,-74.0061,20,1,0,0
40.6435,-73.9455,9,1,0,0
40.7497,-73.9834,17,0,0,0
40.7528,-73.9699,20,1,0,0
40.7497,-73.9921,20,1,0,0
40.7618,-73.9664,18,0,0,0
40.6918,-73.9844,15,0,0,0
40.7632,-73.9102,19,0,0,0
40.7386,-73.9917,23,1,0,0
40.73,-73.9989,22,1,0,0
40.7617,-73.9749,15,1,0,0
40.7505,-73.9737,15,0,0,0
40.7205,-73.9872,21,0,0,0
40.7297,-73.9898,2,1,0,0
40.7524,-73.9675,0,1,0,0
40.7512,-73.9784,9,0,0,0
40.7828,-73.9492,7,0,0,0
40.743,-73.9874,15,0,0,0
40.8036,-73.9654,19,0,0,0
40.7228,-74.0104,22,1,0,0
40.7248,-73.9985,22,0,0,0
40.7749,-73.9653,18,1,0,0
40.7616,-73.9829,19,0,0,0
40.7774,-73.9626,13,1,0,0
40.7304,-73.9521,14,1,0,0
40.7593,-73.979,20,0,0,0
40.7524,-73.9874,12,0,0,0
40.7392,-73.9817,15,1,0,0
40.7446,-73.9755,17,1,0,0
40.7157,-73.9896,10,0,0,0
40.7407,-74.0089,3,0,0,0
40.7564,-73.9703,14,0,0,0
40.7631,-73.9788,18,0,0,0
40.6418,-73.7891,16,0,0,0
40.7153,-74.0094,18,0,0,0
40.7629,-73.9805,14,0,0,0
40.7601,-73.9611,7,0,0,0
40.761,-73.8797,8,1,0,0
40.7041,-74.0085,17,0,0,0
40.7633,-73.9795,21,0,0,0
40.7531,-73.9721,22,1,0,0
40.7569,-73.967,23,0,0,0
40.7842,-73.9702,18,0,0,0
40.7665,-73.9631,18,1,0,0
40.7346,-73.9988,16,1,0,0
40.7409,-74.0075,19,1,0,0
40.7351,-74.0062,15,1,0,0
40.7648,-73.9684,12,1,0,0
40.7518,-73.9743,11,0,0,0
40.7544,-73.8459,15,1,0,0
40.7294,-73.9798,20,0,0,0
40.757,-73.9688,14,0,0,0
40.7148,-74.0162,15,0,0,0
40.737,-73.9888,17,0,0,0
40.7653,-73.9618,19,0,0,0
40.7637,-73.9791,15,0,0,0
40.7837,-73.9477,16,0,0,0
40.6981,-73.9303,10,1,0,0
40.6823,-73.9796,0,0,0,0
40.7506,-73.9909,22,1,0,0
40.7224,-74.0105,6,0,0,0
40.7362,-73.9921,12,0,0,0
40.7338,-73.9929,20,0,0,0
40.6447,-73.782,13,0,0,0
40.7974,-73.9487,17,0,0,0
40.709,-74.0103,18,0,0,0
40.7386,-73.9875,8,0,0,0
40.7123,-73.949,17,0,0,0
40.7261,-74.0077,12,0,0,0
40.7519,-73.9756,14,0,0,0
40.7548,-73.9711,21,0,0,0
40.7534,-73.987,17,0,0,0
40.7255,-73.9961,20,0,0,0
40.7531,-73.9866,15,0,0,0
40.7365,-73.997,16,0,0,0
40.7567,-73.9744,21,0,0,0
40.7675,-73.9598,20,1,0,0
40.7678,-73.9915,8,0,0,0
40.717,-74.0107,8,0,0,0
40.7188,-73.9406,18,0,0,0
40.7635,-73.9715,17,0,0,0
40.757,-73.982,22,0,0,0
40.7677,-73.9557,18,0,0,0
40.723,-73.9587,1,1,0,0
40.7691,-73.8634,9,0,0,0
40.7311,-74.2301,13,0,-1,-1
40.7649,-73.9768,18,1,0,0
40.7633,-73.9671,18,1,0,0
40.7792,-73.9779,17,1,0,0
40.7547,-73.9689,0,0,0,0
40.7712,-73.9491,4,0,0,0
40.7273,-74.0064,16,0,0,0
40.7523,-73.9796,16,1,0,0
40.7408,-74.0054,4,0,0,0
40.7219,-73.9805,15,0,0,0
40.7458,-74.0054,10,0,0,0
40.7671,-73.9681,15,1,0,0
40.6721,-74.0112,18,1,0,0
40.749,-73.989,12,0,0,0
40.7222,-74.0042,12,1,0,0
40.7382,-73.9282,11,0,0,0
40.7701,-73.9673,8,0,0,0
40.7545,-73.9815,16,0,0,0
40.7613,-73.9698,8,0,0,0
40.7616,-73.9728,20,0,0,0
40.7752,-73.9594,7,0,0,0
40.7197,-73.995,8,0,0,0
40.7564,-73.978,20,0,0,0
40.6733,-73.9657,5,0,0,0
40.733,-73.996,23,0,0,0
40.7387,-73.9872,18,0,0,0
40.6659,-73.8068,9,0,0,0
40.7275,-73.9449,11,0,0,0
40.7432,-73.9844,14,0,0,0
40.7447,-74.008,17,0,0,0
40.7334,-74.0047,7,0,0,0
40.6464,-73.7769,4,0,0,0
40.7591,-73.9942,14,0,0,0
40.704,-73.9397,13,1,0,0
40.7391,-73.9736,17,1,0,0
40.7425,-73.9918,14,0,0,0
40.7464,-73.9881,16,0,0,0
40.7243,-73.9831,20,0,0,0
40.7189,-73.9439,22,0,0,0
40.7256,-73.9974,16,0,0,0
40.6911,-74.178,4,0,1,1
40.7243,-73.9794,7,0,0,0
40.6908,-74.1775,20,1,1,1
40.7604,-73.9803,16,0,0,0
40.7537,-73.9886,21,0,0,0
40.7638,-73.9756,18,0,0,0
40.7547,-73.9641,7,1,0,0
40.7325,-73.9853,23,1,0,0
40.7207,-74.0053,21,0,0,0
40.7195,-73.9886,23,0,0,0
40.7525,-73.9933,11,0,0,0
40.7746,-73.9581,5,0,0,0
40.7735,-73.9473,2,1,0,0
40.733,-73.9999,22,1,0,0
40.769,-73.9601,15,0,0,0
40.7545,-73.8461,21,0,0,0
40.7686,-73.9636,20,0,0,0
40.7644,-73.9752,16,1,0,0
40.7079,-74.0013,17,0,0,0
40.7308,-73.983,9,0,0,0
40.7599,-73.9741,17,0,0,0
40.7743,-73.9575,9,0,0,0
40.7495,-73.9892,8,0,0,0
40.7481,-73.9735,18,0,0,0
40.7382,-73.9867,12,0,0,0
40.7445,-73.9811,8,0,0,0
40.7805,-73.9612,14,1,0,0
40.723,-73.9958,10,0,0,0
40.7589,-73.9923,16,0,0,0
40.7386,-73.9854,17,0,0,0
40.7866,-73.9766,21,0,0,0
40.6463,-73.7769,5,0,0,0
40.7667,-73.9786,18,0,0,0
40.7775,-73.946,6,0,0,0
40.7592,-73.971,15,0,0,0
40.7508,-73.9705,15,1,0,0
40.7687,-73.9877,14,0,0,0
40.7532,-73.9836,21,0,0,0
40.7683,-73.8652,22,0,0,0
40.7719,-73.9019,9,1,0,0
40.7422,-73.9908,22,0,0,0
40.764,-73.9882,16,1,0,0
40.7578,-73.9857,12,0,0,0
40.6856,-74.0024,19,1,0,0
40.7248,-73.9985,15,0,0,0
40.6949,-74.178,16,0,1,1
40.63,-74.0284,9,0,0,0
40.7133,-73.9907,22,0,0,0
40.7685,-73.9844,12,1,0,0
40.7686,-73.9821,16,0,0,0
40.7065,-73.9515,19,1,0,0
40.7251,-73.983,17,0,0,0
40.7147,-74.0113,22,0,0,0
40.742,-73.9947,13,0,0,0
40.7222,-73.9874,22,0,0,0
40.7593,-73.9729,15,0,0,0
40.6457,-73.7766,16,0,0,0
40.7323,-74.0077,14,0,0,0
40.7301,-74.0004,10,0,0,0
40.7242,-73.9941,8,0,0,0
40.734,-74.0098,22,1,0,0
40.736,-73.9912,10,0,0,0
40.6485,-73.7831,22,0,0,0
40.726,-74.0039,18,0,0,0
40.7295,-74.0071,19,0,0,0
40.7282,-73.9818,10,0,0,0
40.7524,-73.9674,13,0,0,0
40.7189,-73.7388,16,0,0,0
40.7512,-74.0067,2,0,0,0
40.7151,-74.0076,20,0,0,0
40.755,-73.9939,19,0,0,0
40.7418,-73.9851,18,0,0,0
40.8292,-73.9488,3,1,0,0
40.7469,-73.9901,4,0,0,0
40.7337,-73.9899,17,0,0,0
40.8034,-73.965,12,0,0,0
40.6568,-73.9785,18,0,0,0
40.7271,-74.0003,14,0,0,0
40.7476,-73.9932,17,0,0,0
40.7155,-74.0028,16,0,0,0
40.7714,-73.986,5,0,0,0
40.7633,-73.9763,19,0,0,0
40.6878,-73.943,18,1,0,0
40.725,-73.9992,11,0,0,0
40.7946,-73.9663,13,1,0,0
40.7225,-74.0441,17,0,0,0
40.7082,-74.0112,16,0,0,0
40.6726,-73.9573,1,1,0,0
40.7663,-73.9582,21,1,0,0
40.7301,-74.0021,14,0,0,0
40.7249,-73.9903,23,1,0,0
40.7773,-73.9752,22,0,0,0
40.7006,-73.8275,18,0,0,0
40.7506,-73.9747,20,0,0,0
40.7266,-73.9924,22,0,0,0
40.7359,-73.9876,11,1,0,0
40.6819,-73.9766,15,0,0,0
40.7177,-73.9404,5,0,0,0
40.7606,-73.9816,11,0,0,0
40.7449,-73.9916,8,0,0,0
40.728,-73.9807,22,1,0,0
40.6845,-73.9396,11,0,0,0
40.7664,-73.9529,6,0,0,0
40.7734,-73.9474,21,0,0,0
40.7516,-74.005,17,0,0,0
40.7611,-73.972,16,0,0,0
40.7578,-73.9888,17,1,0,0
40.725,-74.0358,12,1,0,0
40.7111,-74.006,13,0,0,0
40.7246,-74.0039,11,0,0,0
40.6462,-73.79,23,1,0,0
40.7187,-74.0094,18,0,0,0
40.7171,-73.995,9,0,0,0
40.7552,-73.9852,20,0,0,0
40.7616,-73.9697,18,1,0,0
40.6862,-73.9908,8,1,0,0
40.7404,-74.0079,21,0,0,0
40.7524,-73.9824,17,0,0,0
40.7638,-73.9805,19,0,0,0
40.7261,-73.9947,21,1,0,0
40.6468,-73.7896,15,0,0,0
40.7647,-73.9756,15,0,0,0
40.7502,-73.9945,20,0,0,0
40.7771,-73.9891,20,1,0,0
40.7696,-73.9154,16,0,0,0
40.7523,-73.9859,7,0,0,0
40.7718,-73.9672,13,0,0,0
40.7576,-73.9792,18,0,0,0
40.7364,-73.9966,10,0,0,0
40.6447,-73.7823,21,0,0,0
40.7341,-73.9776,7,1,0,0
40.7222,-74.0042,13,0,0,0
40.7606,-73.9799,2,1,0,0
40.736,-73.9957,7,0,0,0
40.7226,-74.0078,13,0,0,0
40.723,-73.9889,23,0,0,0
40.8056,-73.95,10,0,0,0
40.7607,-73.9707,17,0,0,0
40.7581,-73.9817,22,0,0,0
40.6469,-73.9781,6,0,0,0
40.7515,-73.9771,20,0,0,0
40.7678,-73.8676,7,0,0,0
40.7482,-73.9741,7,0,0,0
40.7403,-74.0035,9,0,0,0
40.6825,-73.9677,8,0,0,0
40.7328,-73.9938,3,1,0,0
40.7642,-73.973,22,0,0,0
40.7624,-73.9194,11,1,0,0
40.6774,-74.0144,11,1,0,0
40.7143,-73.993,19,0,0,0
40.7741,-73.8722,20,1,0,0
40.7692,-73.9814,0,1,0,0
40.772,-73.9821,13,0,0,0
40.7561,-73.9714,12,0,0,0
40.6752,-73.9749,10,0,0,0
40.7347,-73.9968,19,0,0,0
40.7406,-74.0056,22,1,0,0
40.7482,-73.9927,17,0,0,0
40.7838,-73.9504,17,0,0,0
40.7515,-74.0067,0,0,0,0
40.7704,-73.9662,18,0,0,0
40.7751,-73.9507,14,0,0,0
40.7108,-73.9563,19,0,0,0
40.7561,-73.9792,14,0,0,0
40.727,-74.0044,22,1,0,0
40.7588,-73.9995,16,1,0,0
40.7609,-73.9721,22,0,0,0
40.7138,-74.0092,20,0,0,0
40.757,-73.9786,17,0,0,0
40.7193,-74.0104,10,0,0,0
40.7287,-74.0002,1,0,0,0
40.7664,-73.9919,20,0,0,0
40.7306,-73.9916,16,1,0,0
40.7228,-74.0047,13,0,0,0
40.7072,-74.0163,4,1,0,0
40.7764,-73.9578,14,0,0,0
40.7614,-73.9603,16,0,0,0
40.8178,-74.2407,12,0,-1,-1
40.7504,-73.9948,22,0,0,0
40.7718,-73.9869,16,0,0,0
40.7552,-73.9811,10,1,0,0
40.7467,-73.9566,3,0,0,0
40.7923,-73.926,16,0,0,0
40.7554,-73.9814,14,0,0,0
40.7566,-73.9825,22,0,0,0
40.7906,-73.974,5,0,0,0
40.7419,-73.9898,21,0,0,0
40.7261,-74.0014,19,1,0,0
40.6717,-73.9898,14,1,0,0
40.7157,-74.0111,8,0,0,0
40.6955,-73.9198,8,1,0,0
40.6929,-74.4124,12,0,-1,-1
40.728,-74.0029,19,0,0,0
40.6901,-73.9937,10,0,0,0
40.745,-73.9769,21,0,0,0
40.7598,-73.9648,13,1,0,0
40.7083,-74.0176,12,0,0,0
40.642,-73.9328,12,0,0,0
40.7387,-73.9917,13,0,0,0
40.7302,-74.0048,22,1,0,0
40.8338,-73.9453,8,0,0,0
40.714,-73.9549,12,1,0,0
40.7361,-73.991,4,0,0,0
40.7561,-73.9931,6,0,0,0
40.8079,-73.9595,11,0,0,0
40.7212,-73.9832,22,0,0,0
40.7312,-74.0097,5,0,0,0
40.742,-73.9849,1,0,0,0
40.8034,-73.9401,19,0,0,0
40.7739,-73.9124,11,1,0,0
40.7702,-73.9805,14,0,0,0
40.7261,-73.9919,23,0,0,0
40.7436,-73.9728,10,0,0,0
40.7582,-73.9929,21,1,0,0
40.7296,-74.002,22,0,0,0
40.7194,-74.0099,22,0,0,0
40.6912,-73.9215,14,0,0,0
40.8293,-73.941,12,0,0,0
40.6693,-73.9424,21,1,0,0
40.7203,-73.9558,21,1,0,0
40.7375,-73.7612,17,0,0,0
40.734,-73.9929,10,0,0,0
40.7343,-73.9908,14,0,0,0
40.7353,-73.9921,19,0,0,0
40.8541,-73.8888,21,0,0,0
40.7537,-74.0291,1,1,0,0
40.7176,-74.0088,18,0,0,0
40.7824,-73.9752,9,0,0,0
40.7706,-73.9919,7,0,0,0
40.7621,-73.9797,21,0,0,0
40.622,-74.0288,15,1,0,0
40.7551,-73.9802,18,0,0,0
40.7608,-73.985,1,1,0,0
40.6886,-73.9889,16,1,0,0
40.7614,-73.9946,16,0,0,0
40.7337,-74.0027,22,1,0,0
40.7335,-73.8612,6,0,0,0
40.7457,-73.9113,7,1,0,0
40.7614,-73.9749,11,1,0,0
40.7258,-74.0055,13,0,0,0
40.7403,-74.0061,15,0,0,0
40.6468,-73.7888,19,0,0,0
40.7412,-73.9877,20,0,0,0
40.7437,-73.9851,15,0,0,0
40.7748,-73.9545,12,1,0,0
40.7392,-74.0027,12,0,0,0
40.7147,-74.0156,16,0,0,0
40.7436,-73.9891,13,0,0,0
40.7336,-74.0085,19,0,0,0
40.7139,-74.0088,17,0,0,0
40.7872,-73.9757,8,0,0,0
40.7215,-73.999,14,0,0,0
40.7305,-74.0068,15,0,0,0
40.771,-73.8661,19,0,0,0
40.7492,-73.9903,16,1,0,0
40.7614,-73.9691,17,0,0,0
40.6567,-74.0024,7,0,0,0
40.7585,-73.9688,17,0,0,0
40.6447,-73.7814,21,0,0,0
40.7414,-73.846,23,0,0,0
40.7237,-74.0108,11,1,0,0
40.8379,-73.6114,13,0,-1,-1
40.7216,-74.0098,7,0,0,0
40.7417,-74.0044,20,0,0,0
40.7642,-73.9961,19,0,0,0
40.7568,-73.9744,16,0,0,0
40.7562,-73.9789,16,0,0,0
40.7245,-73.9846,8,0,0,0
40.7275,-74.0052,8,0,0,0
40.7319,-74.0029,6,0,0,0
40.7398,-73.5755,22,1,9,-1
40.7108,-73.9358,9,1,0,0
40.7408,-74.0076,20,0,0,0
40.7166,-74.0098,14,0,0,0
40.7083,-74.0071,20,1,0,0
40.7251,-73.9831,21,0,0,0
40.6946,-73.9564,17,0,0,0
40.7258,-74.0091,17,0,0,0
40.734,-74.0085,22,1,0,0
40.746,-73.9881,7,1,0,0
40.7304,-74.0082,20,0,0,0
40.7636,-73.9672,20,1,0,0
40.7935,-73.9411,7,0,0,0
40.768,-73.9661,20,0,0,0
40.7424,-73.9977,18,0,0,0
40.7181,-74.0072,7,0,0,0
40.8015,-73.9479,13,1,0,0
40.7207,-73.9881,12,1,0,0
40.7552,-73.9729,17,1,0,0
40.7511,-73.9785,15,0,0,0
40.7628,-73.9685,15,0,0,0
40.7455,-73.9989,14,0,0,0
40.7222,-74.0037,17,0,0,0
40.7436,-73.9751,18,0,0,0
41.2086,-73.7295,20,0,-1,-1
40.7321,-73.9821,10,0,0,0
40.7895,-73.9676,19,0,0,0
40.777,-73.9537,23,0,0,0
40.6474,-73.7876,15,0,0,0
40.7555,-73.987,21,0,0,0
40.789,-73.9759,12,0,0,0
40.6825,-73.9569,15,0,0,0
40.7842,-73.954,20,0,0,0
40.7169,-74.0106,14,0,0,0
40.8356,-73.861,14,1,0,0
40.737,-74.0081,14,1,0,0
40.7765,-73.9542,17,1,0,0
40.7076,-74.0015,6,1,0,0
40.7181,-74.0022,10,1,0,0
40.7361,-74.0095,20,0,0,0
40.7273,-74.0055,16,0,0,0
40.7348,-73.9986,22,0,0,0
40.74,-73.9972,12,0,0,0
40.7274,-73.994,1,0,0,0
40.6942,-73.9245,15,0,0,0
40.7188,-73.9546,20,0,0,0
40.7696,-73.927,22,0,0,0
40.7485,-73.9769,18,1,0,0
40.7357,-74.0035,8,0,0,0
40.7827,-73.9755,8,0,0,0
40.7343,-73.9754,23,0,0,0
40.7504,-73.9946,22,0,0,0
40.7557,-73.9792,19,0,0,0
40.6731,-73.9897,13,0,0,0
40.7737,-73.9812,8,0,0,0
40.7323,-73.9963,20,0,0,0
40.7476,-73.9866,17,0,0,0
40.7417,-74.0046,14,0,0,0
40.7337,-74.0079,6,0,0,0
40.794,-73.9341,21,0,0,0
40.7348,-73.8695,14,0,0,0
40.7141,-73.9897,20,0,0,0
40.6733,-73.9826,16,0,0,0
40.7198,-74.0004,21,0,0,0
40.7074,-74.0055,16,1,0,0
40.7442,-73.9876,20,0,0,0
40.7639,-73.9762,20,0,0,0
40.716,-74.0154,4,1,0,0
40.7439,-73.9817,13,0,0,0
40.7329,-73.9863,19,0,0,0
40.7107,-74.0075,23,0,0,0
40.7446,-73.8439,21,0,0,0
40.6827,-73.9423,12,0,0,0
40.7191,-74.0088,11,0,0,0
40.7477,-74.0005,19,0,0,0
40.7406,-73.989,15,0,0,0
40.6435,-73.7899,17,1,0,0
40.7677,-73.962,11,1,0,0
40.7592,-73.9769,10,0,0,0
40.7454,-74.0049,18,0,0,0
40.7198,-73.9899,16,1,0,0
40.7774,-73.9446,23,0,0,0
40.77,-73.9591,8,0,0,0
40.7242,-73.9883,7,0,0,0
40.7883,-73.9723,13,0,0,0
40.698,-73.9744,14,1,0,0
40.7692,-73.9533,7,0,0,0
40.7556,-73.9839,22,0,0,0
40.7449,-73.9917,15,0,0,0
40.7083,-74.007,15,1,0,0
40.7536,-73.999,16,0,0,0
40.7113,-73.9892,10,1,0,0
40.8094,-73.9416,8,0,0,0
40.7048,-74.0116,16,0,0,0
40.7563,-73.9725,16,0,0,0
40.7614,-73.9761,16,0,0,0
40.7204,-73.9871,22,0,0,0
40.7714,-73.9897,4,0,0,0
40.7151,-73.9967,2,1,0,0
40.7274,-74.0073,16,0,0,0
40.7356,-73.9968,15,0,0,0
40.7221,-73.9996,5,0,0,0
40.7349,-74.0076,15,0,0,0
40.7167,-73.9937,0,0,0,0
40.709,-73.9248,23,0,0,0
40.7582,-73.9726,10,0,0,0
40.7599,-73.9683,16,0,0,0
40.6943,-73.9293,10,0,0,0
40.737,-74.0092,15,0,0,0
40.7546,-73.8459,20,1,0,0
40.7778,-73.9556,12,1,0,0
40.7627,-73.9673,18,0,0,0
40.7197,-74.0033,7,0,0,0
40.8597,-73.9332,4,0,0,0
40.7368,-73.9907,18,0,0,0
40.75,-73.9791,12,0,0,0
40.7325,-73.9769,8,0,0,0
40.7567,-73.9834,19,0,0,0
40.6976,-73.9957,16,0,0,0
40.6777,-73.9483,13,0,0,0
40.6709,-73.9726,11,0,0,0
40.7365,-73.995,7,0,0,0
40.7516,-73.9821,16,0,0,0
40.7054,-74.0106,12,0,0,0
40.7165,-73.9617,21,0,0,0
40.7279,-73.9806,9,0,0,0
40.7325,-73.9912,15,0,0,0
40.7508,-73.987,13,0,0,0
40.7359,-74.0015,23,0,0,0
40.7675,-73.9612,19,0,0,0
40.7546,-73.9916,12,1,0,0
40.7137,-74.0139,12,1,0,0
40.6483,-73.7827,18,1,0,0
40.7602,-73.9948,4,0,0,0
40.7739,-73.8715,12,0,0,0
40.7593,-73.9826,13,0,0,0
40.7309,-74.0029,16,0,0,0
40.7622,-73.9699,19,0,0,0
40.7473,-73.9724,0,1,0,0
40.7286,-74.0052,0,1,0,0
40.7205,-74.002,19,0,0,0
40.7575,-73.9743,20,0,0,0
40.9424,-73.8327,14,1,0,-1
40.7706,-73.8655,18,0,0,0
40.7089,-73.9527,16,0,0,0
40.7311,-73.9859,16,1,0,0
40.1554,-74.0741,17,1,-1,-1
40.7354,-73.9748,17,1,0,0
40.8866,-73.9073,11,1,0,0
40.7116,-73.9573,13,0,0,0
40.724,-73.9767,11,0,0,0
40.7218,-73.9963,17,1,0,0
40.7231,-74.0024,14,0,0,0
40.7339,-73.9929,14,0,0,0
40.6765,-73.9587,6,0,0,0
40.689,-74.1783,18,0,1,1
40.729,-73.9884,21,0,0,0
40.7384,-73.9821,17,0,0,0
40.7713,-73.9896,23,0,0,0
40.7213,-73.9935,4,1,0,0
40.718,-74.0073,9,0,0,0
40.7411,-74.0073,14,1,0,0
40.7889,-73.9437,7,0,0,0
40.7125,-73.966,14,0,0,0
40.7345,-73.9922,12,0,0,0
40.7668,-73.9891,7,1,0,0
40.7272,-74.0053,0,0,0,0
40.7547,-73.984,17,0,0,0
40.7212,-73.9462,20,0,0,0
40.7306,-73.9809,15,1,0,0
40.7156,-74.0091,20,0,0,0
40.7483,-73.9926,8,0,0,0
40.7579,-73.9751,17,1,0,0
40.7709,-73.9598,20,0,0,0
40.7393,-73.987,7,0,0,0
40.7325,-74.0004,6,0,0,0
40.7394,-74.0018,1,1,0,0
40.7207,-74.0039,13,0,0,0
40.7555,-73.973,16,0,0,0
40.728,-73.9808,18,0,0,0
40.7106,-73.9677,5,0,0,0
40.7729,-73.9618,12,0,0,0
40.7532,-73.9215,10,1,0,0
40.7385,-73.9899,20,0,0,0
40.7208,-73.9879,20,1,0,0
40.7819,-73.9572,8,0,0,0
40.7399,-74.0051,6,0,0,0
40.7841,-73.9501,15,0,0,0
40.7728,-73.9798,10,0,0,0
40.7142,-74.0151,19,0,0,0
40.7567,-73.993,18,0,0,0
40.7693,-73.8799,11,1,0,0
40.7627,-73.9658,4,0,0,0
40.7839,-73.9484,6,1,0,0
40.7498,-73.9726,17,0,0,0
40.7433,-73.9937,21,0,0,0
40.6834,-73.9321,19,1,0,0
40.7259,-73.9865,23,1,0,0
40.7711,-73.8659,10,0,0,0
40.7319,-73.9955,17,0,0,0
40.7253,-73.9926,0,1,0,0
40.7436,-73.9904,20,0,0,0
40.7682,-73.8622,15,0,0,0
40.7561,-73.9867,10,0,0,0
40.7636,-73.9724,21,0,0,0
40.7215,-73.9946,10,1,0,0
40.6911,-73.9895,15,1,0,0
40.7423,-73.9913,15,1,0,0
40.7625,-73.9685,16,0,0,0
40.7685,-73.8624,13,0,0,0
40.7411,-73.9927,9,0,0,0
40.7324,-73.9869,11,1,0,0
40.6812,-73.9724,21,0,0,0
40.8025,-73.9623,13,1,0,0
40.7561,-73.9727,0,1,0,0
40.7419,-74.0039,18,1,0,0
40.736,-73.9859,6,0,0,0
40.6872,-73.9992,6,0,0,0
40.7667,-73.9821,10,0,0,0
40.7046,-74.0079,18,0,0,0
40.7051,-74.0074,18,0,0,0
40.7616,-73.969,11,0,0,0
40.6941,-73.9022,21,0,0,0
40.7686,-73.9696,12,1,0,0
40.7589,-73.973,23,0,0,0
40.7377,-73.9899,12,0,0,0
40.7291,-73.9875,15,0,0,0
40.7704,-73.8652,13,0,0,0
40.7648,-73.974,13,1,0,0
40.6812,-73.9614,0,1,0,0
40.7773,-73.9769,18,0,0,0
40.6592,-73.9898,4,0,0,0
40.7678,-73.966,18,0,0,0
40.7057,-74.0078,9,1,0,0
40.6907,-73.9979,21,1,0,0
40.7809,-73.9496,5,0,0,0
40.6761,-73.9839,1,1,0,0
40.7912,-73.9775,6,0,0,0
40.6454,-73.7821,19,0,0,0
40.7148,-74.0141,9,0,0,0
40.7585,-73.9599,7,0,0,0
40.7442,-74.0067,2,0,0,0
40.7607,-73.9809,1,0,0,0
40.8095,-73.9361,13,0,0,0
40.6911,-74.1779,18,0,1,1
40.7463,-73.9912,3,0,0,0
40.7171,-74.008,8,0,0,0
40.7617,-73.9795,18,0,0,0
40.7237,-74.0108,23,1,0,0
40.7732,-73.9649,15,1,0,0
40.6785,-73.9217,18,0,0,0
40.6637,-73.9945,18,1,0,0
40.8625,-73.8965,9,0,0,0
40.7291,-73.995,9,0,0,0
40.7193,-74.0087,21,0,0,0
40.7895,-73.9524,13,0,0,0
40.7192,-74.0052,19,0,0,0
40.7545,-73.9712,22,0,0,0
40.6781,-74.0017,20,0,0,0
40.7334,-73.9972,16,1,0,0
40.7341,-74.0082,23,0,0,0
40.7551,-73.9878,19,1,0,0
40.7052,-74.0164,14,0,0,0
40.723,-74.0103,18,0,0,0
40.7803,-73.9841,5,0,0,0
40.7416,-74.0067,16,0,0,0
40.6302,-73.9447,19,0,0,0
40.7783,-73.949,7,0,0,0
40.7203,-74.0022,18,0,0,0
40.7845,-73.9811,10,1,0,0
40.7608,-73.9734,12,0,0,0
40.7828,-73.9784,22,0,0,0
40.7288,-73.9947,8,0,0,0
40.7147,-73.9796,6,0,0,0
40.7589,-73.9871,22,0,0,0
40.7458,-73.9887,18,0,0,0
40.7217,-74.0119,6,1,0,0
40.7528,-73.9836,17,0,0,0
40.7634,-73.963,15,1,0,0
40.7116,-73.9512,15,0,0,0
40.7341,-74.0081,19,0,0,0
40.7559,-73.9827,15,1,0,0
40.717,-74.0073,20,1,0,0
40.7144,-73.9974,0,0,0,0
40.7423,-74.0042,10,0,0,0
40.8412,-73.9366,22,0,0,0
40.6803,-73.9948,8,0,0,0
40.742,-74.0042,23,0,0,0
40.6942,-73.9885,9,1,0,0
40.719,-73.9956,11,0,0,0
40.7547,-73.9775,16,0,0,0
40.7531,-73.9792,2,0,0,0
40.7688,-73.9583,7,0,0,0
40.7683,-73.9847,20,0,0,0
40.6813,-73.9565,12,0,0,0
40.7519,-73.9907,17,0,0,0
40.6461,-73.7769,11,1,0,0
40.7421,-73.988,10,0,0,0
40.6421,-73.7891,12,0,0,0
40.7582,-73.9625,18,1,0,0
40.8063,-73.9636,9,0,0,0
40.7209,-74.0042,20,0,0,0
40.7405,-74.0084,22,0,0,0
40.7457,-73.9887,4,0,0,0
40.7398,-73.9815,14,1,0,0
40.7635,-73.9733,15,0,0,0
40.7414,-73.9285,21,1,0,0
40.7696,-73.9604,0,1,0,0
40.6868,-73.9462,15,0,0,0
40.6788,-73.9699,19,1,0,0
40.7168,-74.012,14,0,0,0
40.7517,-73.9809,11,0,0,0
40.7333,-73.9912,20,1,0,0
40.7196,-74.008,16,1,0,0
40.7837,-73.9554,21,0,0,0
40.7243,-73.9999,11,0,0,0
40.724,-73.9969,17,0,0,0
40.6807,-73.9626,21,0,0,0
40.737,-74.0031,17,0,0,0
40.7246,-73.9985,22,1,0,0
40.7261,-73.9918,14,1,0,0
40.733,-73.9874,22,0,0,0
40.763,-73.9736,17,0,0,0
40.7307,-73.9865,7,0,0,0
40.7237,-74.0035,14,0,0,0
40.6925,-73.931,6,0,0,0
40.7152,-74.0055,13,1,0,0
40.7501,-73.9949,14,0,0,0
40.7644,-73.9688,17,0,0,0
40.765,-73.9918,19,1,0,0
40.7768,-73.9631,16,1,0,0
40.7641,-73.971,9,1,0,0
40.7635,-73.9833,22,1,0,0
40.7318,-74.0033,23,0,0,0
40.7227,-73.9981,18,0,0,0
40.7504,-73.9791,15,0,0,0
40.7135,-73.9655,0,0,0,0
40.7427,-74.0004,16,0,0,0
40.7607,-73.9703,17,0,0,0
40.7517,-73.9805,12,0,0,0
40.7469,-73.9869,12,1,0,0
40.7055,-74.0171,20,0,0,0
40.7005,-73.923,0,0,0,0
40.8292,-73.9287,20,0,0,0
40.6463,-73.7899,7,0,0,0
40.7255,-74.0076,12,0,0,0
40.7436,-73.9913,19,0,0,0
40.7487,-73.9822,13,0,0,0
40.749,-73.9705,7,0,0,0
40.7302,-73.9936,9,0,0,0
40.7251,-73.9794,10,0,0,0
40.6691,-73.953,9,1,0,0
40.7344,-74.0031,10,0,0,0
40.7233,-73.9988,21,0,0,0
40.7253,-73.9924,3,0,0,0
40.9297,-73.7554,0,1,8,-1
40.72,-73.9885,8,0,0,0
40.7604,-73.9802,20,0,0,0
40.7064,-73.9381,20,0,0,0
40.7091,-74.0116,17,0,0,0
40.732,-74.0026,4,0,0,0
40.7472,-74.0046,20,1,0,0
40.7777,-73.9594,15,0,0,0
40.7589,-73.98,15,1,0,0
40.7747,-73.9624,13,1,0,0
40.7087,-73.9445,18,0,0,0
40.7142,-74.0148,18,1,0,0
40.6457,-73.7768,23,0,0,0
40.7082,-73.94,17,0,0,0
40.7255,-73.9763,8,0,0,0
40.7642,-73.9828,6,0,0,0
40.7513,-74.0068,14,0,0,0
40.769,-73.9958,18,0,0,0
40.7488,-73.9707,18,0,0,0
40.7678,-73.9914,6,0,0,0
40.7295,-73.987,21,0,0,0
40.7493,-73.9867,11,0,0,0
40.6455,-73.9698,18,0,0,0
40.7228,-74.0042,15,0,0,0
40.7237,-73.9896,21,0,0,0
40.7143,-73.9607,17,0,0,0
40.7596,-73.9762,15,1,0,0
40.734,-73.9932,10,0,0,0
40.7445,-73.949,7,0,0,0
40.7307,-73.9543,18,0,0,0
40.744,-73.9912,14,0,0,0
40.6801,-73.9541,6,0,0,0
40.7712,-73.9306,7,1,0,0
40.7164,-74.047,17,1,0,0
40.7365,-73.8646,7,0,0,0
40.7319,-73.9821,15,0,0,0
40.7323,-73.9878,18,0,0,0
40.7373,-73.9928,19,0,0,0
40.761,-73.9833,16,0,0,0
40.7045,-74.0142,16,0,0,0
40.7341,-74.0039,15,1,0,0
40.7675,-73.9841,8,0,0,0
40.741,-73.9859,9,0,0,0
40.7245,-73.9916,22,0,0,0
40.7246,-73.9785,9,0,0,0
40.7546,-73.9776,13,0,0,0
40.7266,-73.9957,14,0,0,0
40.7722,-73.9496,21,1,0,0
40.682,-73.9586,20,0,0,0
40.7658,-73.9822,17,0,0,0
40.7499,-74.0035,14,0,0,0
40.7655,-73.9576,1,1,0,0
40.7837,-73.9548,17,1,0,0
40.75,-73.9862,17,0,0,0
40.7399,-74.006,7,0,0,0
40.7421,-73.9969,8,0,0,0
40.6723,-73.9823,6,0,0,0
40.7218,-73.9998,21,0,0,0
40.7305,-74.0096,9,0,0,0
40.7211,-73.9935,2,1,0,0
40.7403,-73.9996,21,0,0,0
40.7439,-73.9913,18,1,0,0
40.6266,-73.9588,18,0,0,0
40.7374,-73.9842,15,1,0,0
40.7236,-73.9833,11,1,0,0
40.705,-74.0073,14,0,0,0
40.8121,-74.0076,6,0,0,0
40.758,-73.962,8,1,0,0
40.7163,-74.0111,7,0,0,0
40.7563,-73.9867,21,0,0,0
40.7163,-74.0077,8,0,0,0
40.7127,-73.9228,6,1,0,0
40.7397,-73.927,17,1,0,0
40.6223,-73.9676,8,0,0,0
40.7764,-73.9764,8,1,0,0
40.7163,-74.0094,22,1,0,0
40.7525,-73.984,14,0,0,0
40.7199,-73.9988,14,0,0,0
40.7412,-74.0015,6,0,0,0
40.9514,-73.7089,19,0,-1,-1
40.7146,-74.0152,1,1,0,0
40.7493,-73.9936,6,0,0,0
40.7259,-74.0019,19,0,0,0
40.7443,-73.9845,22,0,0,0
40.709,-73.9413,13,1,0,0
40.7263,-74.0057,19,0,0,0
40.7457,-73.9889,12,0,0,0
40.7256,-74.0055,9,1,0,0
40.7342,-73.9934,21,0,0,0
40.787,-73.9732,9,1,0,0
40.812,-73.9515,21,0,0,0
40.7278,-73.9947,22,0,0,0
40.7434,-73.9785,15,0,0,0
40.7514,-74.0031,21,0,0,0
40.6845,-73.9196,16,0,0,0
40.7563,-73.9831,16,0,0,0
40.7506,-74.0057,11,0,0,0
40.6453,-73.7825,21,0,0,0
40.7596,-73.9895,18,0,0,0
40.7308,-74.008,11,0,0,0
40.7929,-73.9675,8,0,0,0
40.75,-73.9823,10,0,0,0
40.753,-74.026,22,0,0,0
40.708,-74.0161,13,0,0,0
40.7248,-74.0111,13,0,0,0
40.7535,-73.9725,0,1,0,0
40.7457,-74.0019,12,1,0,0
40.7621,-73.9705,18,0,0,0
40.7401,-73.9865,8,0,0,0
40.7556,-73.9918,23,0,0,0
40.6314,-73.9389,18,0,0,0
40.7194,-73.9877,19,0,0,0
40.7503,-73.9946,23,0,0,0
40.7101,-74.0045,8,0,0,0
40.7566,-73.9669,19,0,0,0
40.761,-73.9996,10,0,0,0
40.7276,-74.0073,11,0,0,0
40.7694,-73.965,9,0,0,0
40.7303,-73.9935,10,0,0,0
40.7574,-73.9843,20,0,0,0
40.7244,-73.9975,14,0,0,0
40.7643,-73.987,16,1,0,0
40.7271,-74.0034,19,0,0,0
40.7003,-73.9944,21,0,0,0
40.7367,-73.9888,6,0,0,0
40.7406,-74.0078,8,0,0,0
40.7394,-73.994,9,0,0,0
40.742,-73.9947,18,0,0,0
40.7715,-73.9507,6,0,0,0
40.7464,-74.0081,0,0,0,0
40.7188,-74.0107,20,1,0,0
40.7712,-73.8661,10,0,0,0
40.7758,-73.9827,15,0,0,0
40.6949,-74.1781,8,0,1,1
40.7535,-73.9852,3,1,0,0
40.7386,-73.9977,5,0,0,0
40.7641,-73.9544,14,0,0,0
40.7343,-73.999,21,0,0,0
40.7397,-73.9908,12,0,0,0
40.6482,-73.7828,22,1,0,0
40.7379,-73.7869,20,0,0,0
40.7248,-73.9806,7,0,0,0
40.7598,-73.9669,7,0,0,0
40.7304,-73.9894,14,1,0,0
40.7852,-73.971,18,0,0,0
40.7247,-73.999,15,0,0,0
40.7513,-73.9939,15,0,0,0
40.7619,-73.9699,11,0,0,0
40.7316,-73.9742,20,1,0,0
40.7439,-73.9994,8,0,0,0
40.6938,-73.9689,7,0,0,0
40.7679,-73.9918,15,1,0,0
40.7605,-73.9814,0,0,0,0
40.7428,-73.8256,14,0,0,0
40.7045,-74.0089,16,0,0,0
40.7138,-73.9653,15,1,0,0
40.7194,-73.9889,3,1,0,0
40.7472,-74.0031,6,0,0,0
40.7229,-73.9859,19,0,0,0
40.784,-73.9547,3,1,0,0
40.6876,-73.9698,14,1,0,0
40.6772,-73.9987,19,1,0,0
40.6981,-73.9751,12,0,0,0
40.6905,-74.1783,22,0,1,1
40.7189,-73.9889,1,1,0,0
40.7591,-73.9691,4,0,0,0
40.7648,-73.9786,1,0,0,0
40.7748,-73.954,20,0,0,0
40.7716,-73.9651,11,0,0,0
40.6467,-73.7893,6,0,0,0
40.7227,-73.996,9,0,0,0
40.7627,-73.9742,15,0,0,0
40.76,-73.9663,9,0,0,0
40.7681,-73.9845,14,0,0,0
40.7317,-74.0021,21,0,0,0
40.725,-73.9883,10,1,0,0
40.7431,-73.9517,16,1,0,0
40.7415,-73.9988,2,1,0,0
40.7235,-73.9966,14,0,0,0
40.7321,-73.9864,9,0,0,0
40.7556,-73.9838,15,0,0,0
40.7657,-73.9846,11,0,0,0
40.7197,-74.0044,4,0,0,0
40.7411,-74.0056,9,0,0,0
40.7168,-73.9512,7,0,0,0
40.759,-73.9709,18,0,0,0
40.7436,-74.0071,14,0,0,0
40.778,-73.963,12,0,0,0
40.7589,-73.9959,22,0,0,0
40.7028,-74.1835,15,0,1,1
40.7272,-74.0,7,0,0,0
40.7726,-73.9652,19,0,0,0
40.7499,-73.9946,15,0,0,0
40.7686,-73.8627,20,0,0,0
40.713,-73.9675,10,0,0,0
40.7425,-73.9842,15,0,0,0
40.731,-73.9859,8,0,0,0
40.7383,-73.9971,18,0,0,0
40.7684,-73.9818,22,0,0,0
40.7192,-73.99,10,0,0,0
40.6466,-73.7896,8,0,0,0
40.7521,-73.986,18,0,0,0
40.7731,-73.8856,19,0,0,0
40.74,-73.995,20,0,0,0
40.753,-73.9718,20,0,0,0
40.7797,-73.9541,8,0,0,0
40.7249,-73.9861,16,1,0,0
40.7265,-74.0024,22,1,0,0
40.6957,-73.9683,5,0,0,0
40.7892,-73.0971,10,0,-1,-1
40.7281,-73.991,15,0,0,0
40.705,-74.0118,15,1,0,0
40.7282,-73.9979,16,0,0,0
40.6935,-73.9891,14,1,0,0
40.7586,-73.9709,16,0,0,0
40.7666,-73.9961,1,1,0,0
40.7048,-73.9286,18,0,0,0
40.7351,-73.9859,12,1,0,0
40.7593,-73.9731,4,0,0,0
40.7729,-73.8856,16,0,0,0
40.752,-73.9694,6,1,0,0
40.6949,-74.1773,16,0,1,1
40.6448,-73.7819,15,0,0,0
40.726,-73.9918,20,1,0,0
40.7442,-73.9877,22,0,0,0
40.7418,-74.0038,23,0,0,0
40.7298,-74.01,7,1,0,0
40.7487,-74.0019,7,0,0,0
40.7673,-73.996,22,0,0,0
40.7935,-73.9666,10,1,0,0
40.7753,-73.9823,11,0,0,0
40.7309,-73.9932,14,1,0,0
40.8338,-73.8183,10,1,0,0
40.7304,-73.9932,6,1,0,0
40.6912,-73.9897,8,0,0,0
40.6415,-73.7881,22,0,0,0
40.7745,-73.9539,17,1,0,0
40.7062,-74.0061,8,0,0,0
40.774,-73.8724,13,0,0,0
40.7704,-73.9855,17,1,0,0
40.7334,-74.0078,20,0,0,0
40.6461,-74.0167,10,0,0,0
40.7502,-73.995,15,0,0,0
40.6748,-74.0163,15,0,0,0
40.7785,-73.9886,20,0,0,0
40.7585,-73.9925,18,0,0,0
40.7405,-73.9891,18,0,0,0
40.7144,-73.9471,4,0,0,0
40.721,-74.0049,18,0,0,0
40.7454,-73.9795,17,1,0,0
40.7686,-73.8626,21,0,0,0
40.7589,-73.9923,16,0,0,0
40.7473,-73.9915,9,0,0,0
40.7511,-73.9766,19,0,0,0
40.716,-74.011,8,0,0,0
40.7628,-73.8046,17,0,0,0
40.7609,-73.9755,16,0,0,0
40.7218,-74.0082,8,0,0,0
40.7585,-73.9772,20,0,0,0
40.7646,-73.977,19,0,0,0
40.7806,-73.9863,11,1,0,0
40.6861,-73.9517,16,1,0,0
40.8115,-73.9576,20,1,0,0
40.7483,-73.9395,18,0,0,0
40.7237,-74.0037,11,1,0,0
40.7583,-73.9244,21,0,0,0
40.7623,-73.9685,16,0,0,0
40.6461,-73.7895,15,1,0,0
40.7428,-73.9874,18,1,0,0
40.7595,-73.9765,10,0,0,0
40.7194,-74.0002,17,0,0,0
40.7291,-74.0099,0,1,0,0
40.7748,-73.991,10,0,0,0
40.7198,-74.0071,21,0,0,0
40.6795,-73.974,8,0,0,0
40.7467,-73.992,9,1,0,0
40.7639,-73.9755,21,0,0,0
40.7612,-73.973,10,1,0,0
40.7286,-73.9854,7,0,0,0
40.765,-73.9588,8,0,0,0
40.7571,-73.97,19,0,0,0
40.7662,-73.9641,13,0,0,0
40.7059,-74.0132,17,0,0,0
40.7633,-73.9825,17,0,0,0
40.7354,-74.0098,7,0,0,0
40.6882,-73.954,0,1,0,0
40.7583,-73.9722,20,0,0,0
40.7588,-73.9816,15,0,0,0
40.7448,-73.9895,19,0,0,0
40.7386,-74.0082,13,0,0,0
40.8087,-73.9594,14,0,0,0
40.747,-73.9795,21,1,0,0
40.7587,-73.9693,19,0,0,0
40.7625,-73.9718,21,0,0,0
40.7764,-73.9879,7,0,0,0
40.7248,-73.9769,0,1,0,0
40.7507,-73.9899,15,0,0,0
40.7261,-73.9921,1,1,0,0
40.7603,-73.9913,20,0,0,0
40.753,-73.9886,1,0,0,0
40.7441,-74.0288,22,0,0,0
40.7222,-73.9996,16,0,0,0
40.728,-74.0001,22,0,0,0
40.7615,-73.983,9,0,0,0
40.7547,-73.988,15,0,0,0
40.7419,-73.9934,16,0,0,0
40.7561,-73.9785,15,0,0,0
40.768,-73.9898,13,0,0,0
40.7294,-73.9914,23,0,0,0
40.8002,-73.9652,9,0,0,0
40.7628,-73.9721,9,0,0,0
40.6468,-73.7894,14,0,0,0
40.7503,-73.9949,19,1,0,0
40.7394,-73.9953,17,0,0,0
40.7531,-74.0038,15,0,0,0
40.7356,-73.9794,22,0,0,0
40.7193,-74.0422,21,0,0,0
40.7438,-73.9909,17,0,0,0
40.7532,-73.9848,17,0,0,0
40.7419,-74.0036,23,1,0,0
40.7409,-73.9806,7,0,0,0
40.6463,-73.7901,20,0,0,0
40.7785,-73.9563,13,1,0,0
40.7094,-73.9686,15,1,0,0
40.7586,-73.8688,2,1,0,0
40.7288,-74.0001,18,0,0,0
40.743,-73.9811,21,0,0,0
40.7678,-73.9684,10,0,0,0
40.7232,-73.9915,18,0,0,0
40.7292,-74.0012,15,0,0,0
40.6652,-73.9885,5,0,0,0
40.7552,-73.973,22,0,0,0
40.7122,-74.1644,4,0,1,1
40.7156,-73.9939,17,0,0,0
40.7076,-74.0036,19,0,0,0
40.7232,-73.9914,19,1,0,0
40.7695,-73.8864,23,1,0,0
40.7788,-73.9475,6,0,0,0
40.7501,-73.9823,15,0,0,0
40.7096,-74.0598,13,1,0,0
40.7564,-73.9818,21,0,0,0
40.7498,-74.0049,20,0,0,0
40.766,-73.9558,3,0,0,0
40.757,-73.9611,9,0,0,0
40.7564,-73.9721,13,1,0,0
40.7141,-73.9615,23,1,0,0
40.7556,-73.9758,13,0,0,0
40.7277,-73.9792,6,0,0,0
40.7721,-73.9599,16,0,0,0
40.8059,-73.9581,21,1,0,0
40.7207,-73.988,16,0,0,0
40.8809,-73.8575,19,1,0,0
40.7663,-73.9566,20,1,0,0
40.6761,-73.9613,15,1,0,0
40.7111,-74.0057,17,1,0,0
40.7336,-73.9996,5,1,0,0
40.7287,-73.9874,23,0,0,0
40.7406,-73.9967,11,0,0,0
40.7422,-73.995,17,0,0,0
40.7746,-73.9587,21,0,0,0
40.7237,-74.0361,18,1,0,0
40.7604,-73.982,20,1,0,0
40.7362,-73.9879,20,0,0,0
40.7497,-73.9752,15,0,0,0
40.7137,-73.9573,4,0,0,0
40.7247,-73.9995,10,0,0,0
40.7128,-73.9655,8,1,0,0
40.726,-73.9928,22,0,0,0
40.7599,-73.9743,19,0,0,0
40.7308,-74.0028,8,0,0,0
40.7207,-74.0007,15,1,0,0
40.7552,-73.9752,16,0,0,0
40.6448,-73.782,5,0,0,0
40.7591,-73.9789,18,0,0,0
40.7685,-73.8624,18,0,0,0
40.7113,-73.9532,21,0,0,0
40.7412,-73.9888,13,1,0,0
40.7342,-74.003,23,0,0,0
40.7873,-73.9745,15,0,0,0
40.7637,-73.9822,15,0,0,0
40.7406,-74.0496,22,0,0,0
40.7481,-73.9807,9,0,0,0
40.7317,-73.9932,15,0,0,0
40.736,-73.9957,7,0,0,0
40.7304,-73.9821,6,0,0,0
40.7126,-73.9377,17,0,0,0
40.7363,-74.0292,15,1,0,0
40.853,-73.9328,15,0,0,0
40.7941,-73.9684,21,0,0,0
40.7179,-73.9898,16,0,0,0
40.7208,-73.9957,21,0,0,0
40.7444,-73.9964,21,0,0,0
40.7298,-73.9999,2,0,0,0
40.7784,-73.9851,6,0,0,0
40.7279,-73.9883,23,1,0,0
40.7439,-74.0064,22,1,0,0
40.803,-74.1148,23,1,-1,-1
40.646,-73.7767,8,0,0,0
40.7717,-73.9572,4,0,0,0
40.7442,-73.996,20,0,0,0
40.7433,-74.0073,16,0,0,0
40.7327,-74.0076,19,1,0,0
40.8909,-73.9111,21,0,0,0
40.7411,-73.9844,17,0,0,0
40.6948,-74.1774,18,0,1,1
40.7638,-73.9756,12,0,0,0
40.7239,-73.9965,11,1,0,0
40.7655,-73.9759,7,0,0,0
40.74,-74.0022,15,0,0,0
40.777,-73.9597,11,0,0,0
40.7819,-73.9572,16,0,0,0
40.732,-73.9257,11,0,0,0
40.7225,-73.988,23,0,0,0
40.7296,-73.9968,22,0,0,0
40.7057,-74.017,14,1,0,0
40.7489,-73.9922,20,1,0,0
40.7228,-73.9879,0,1,0,0
40.6833,-73.9797,8,0,0,0
40.6851,-73.9775,15,0,0,0
40.7409,-74.0072,14,0,0,0
40.8215,-73.9467,11,0,0,0
40.7432,-73.9916,19,0,0,0
40.7506,-73.9752,15,0,0,0
40.6618,-73.9614,8,1,0,0
40.7215,-74.0045,7,0,0,0
40.778,-73.9485,22,0,0,0
40.7163,-73.941,8,0,0,0
40.7239,-73.9992,21,0,0,0
40.7245,-74.0017,18,0,0,0
40.7729,-73.9163,18,1,0,0
40.7272,-74.0003,20,0,0,0
40.7636,-73.9736,16,0,0,0
40.7571,-73.99,0,0,0,0
40.6956,-73.9635,21,0,0,0
40.7415,-73.9857,17,0,0,0
40.7616,-73.9783,13,0,0,0
40.7208,-74.0009,17,0,0,0
40.7527,-73.9894,18,0,0,0
40.7554,-73.993,5,0,0,0
40.7475,-73.9768,23,1,0,0
40.7427,-74.0003,15,1,0,0
40.7142,-73.956,9,0,0,0
40.753,-73.9755,12,0,0,0
40.6777,-73.9625,11,1,0,0
40.7363,-73.9976,7,0,0,0
40.7722,-73.9559,20,0,0,0
40.7394,-74.0054,1,1,0,0
40.7353,-74.001,17,0,0,0
40.7245,-74.0057,8,0,0,0
40.7219,-74.0041,18,0,0,0
40.7493,-73.9795,11,0,0,0
40.3651,-73.9795,21,1,-1,-1
40.7238,-74.0061,18,0,0,0
40.6891,-73.9927,17,0,0,0
40.7479,-73.9791,9,0,0,0
40.7987,-73.9693,14,0,0,0
40.7577,-73.9877,22,0,0,0
40.8656,-73.9223,20,0,0,0
40.7948,-73.9668,5,1,0,0
40.7595,-73.9734,22,0,0,0
40.7261,-74.0073,13,0,0,0
40.7267,-74.0026,20,0,0,0
40.7766,-73.9508,22,0,0,0
40.7869,-73.9776,1,1,0,0
40.7592,-73.965,19,0,0,0
40.7168,-73.9589,9,0,0,0
40.7451,-73.9919,6,0,0,0
40.7587,-73.9889,23,0,0,0
40.7672,-73.9585,17,0,0,0
40.7463,-74.0015,9,1,0,0
40.7552,-73.9811,18,0,0,0
40.7543,-73.9358,23,1,0,0
40.7683,-73.9824,14,0,0,0
40.7513,-73.9825,16,0,0,0
40.7198,-73.9989,14,0,0,0
40.6449,-73.7819,23,0,0,0
40.7026,-74.0135,20,0,0,0
40.7644,-73.9687,9,0,0,0
40.7309,-73.9931,21,1,0,0
40.714,-73.9549,21,1,0,0
40.764,-73.9784,18,0,0,0
40.7588,-73.9886,21,1,0,0
40.7538,-73.9885,16,0,0,0
40.7566,-73.9829,18,0,0,0
40.7739,-73.9205,14,0,0,0
40.7584,-73.9721,16,0,0,0
40.7385,-73.9883,22,0,0,0
40.7335,-74.0082,23,0,0,0
40.7306,-74.0066,17,0,0,0
40.7868,-73.9683,20,0,0,0
40.7718,-73.983,20,1,0,0
40.7242,-74.0023,17,0,0,0
40.7191,-74.0051,16,1,0,0
40.7479,-73.9911,8,0,0,0
40.7864,-73.9781,22,0,0,0
40.7614,-73.9807,18,0,0,0
40.7221,-74.0111,20,1,0,0
40.6924,-73.9426,7,1,0,0
40.7223,-73.989,23,0,0,0
40.7187,-73.9885,15,1,0,0
40.7203,-73.9845,8,0,0,0
40.7186,-73.9891,2,1,0,0
40.7347,-73.999,6,1,0,0
40.7177,-74.014,18,0,0,0
40.7457,-73.9531,13,1,0,0
40.7591,-73.9944,9,0,0,0
40.7375,-74.0017,10,0,0,0
40.7261,-74.0013,8,0,0,0
40.7561,-73.9705,17,0,0,0
40.7672,-73.9537,18,1,0,0
40.7509,-73.9907,0,0,0,0
40.7691,-73.8635,19,0,0,0
40.7051,-74.0108,22,0,0,0
40.7555,-73.9838,17,0,0,0
40.7706,-73.8654,8,0,0,0
40.7707,-73.8656,18,0,0,0
40.7563,-73.9704,19,0,0,0
40.6879,-74.1829,20,0,1,1
40.7565,-73.9787,13,0,0,0
40.74,-74.0269,21,1,0,0
40.7025,-73.9288,11,1,0,0
40.7555,-73.9749,16,0,0,0
40.7333,-73.9756,7,0,0,0
40.7411,-74.0058,16,0,0,0
40.7673,-73.9546,10,1,0,0
40.7173,-73.9645,8,0,0,0
40.7375,-73.9839,8,0,0,0
40.7516,-73.9938,17,1,0,0
40.7881,-73.9556,20,0,0,0
40.7211,-73.957,23,1,0,0
40.783,-73.9775,14,0,0,0
40.6676,-73.7959,7,0,0,0
40.7745,-73.9639,9,0,0,0
40.7769,-73.9517,0,1,0,0
40.765,-73.9753,14,1,0,0
40.7601,-73.9674,12,0,0,0
40.7646,-73.964,11,0,0,0
40.7243,-73.9829,22,1,0,0
40.7631,-73.9938,13,0,0,0
40.7201,-74.0052,21,0,0,0
40.7116,-73.9442,22,0,0,0
40.7185,-73.9949,22,1,0,0
40.6832,-73.9637,13,0,0,0
40.7219,-73.9974,0,1,0,0
40.7593,-73.9996,15,0,0,0
40.7584,-73.9827,22,1,0,0
40.645,-73.7819,19,0,0,0
40.7398,-74.0005,23,0,0,0
40.7453,-73.9866,11,1,0,0
40.7742,-73.9614,10,0,0,0
40.7436,-73.9962,23,1,0,0
40.6843,-74.0053,15,0,0,0
40.7217,-73.9988,18,1,0,0
40.7679,-73.9059,9,1,0,0
40.7199,-74.0004,18,0,0,0
40.7236,-73.9515,15,1,0,0
40.7326,-73.9912,19,0,0,0
40.7736,-73.9513,13,0,0,0
40.7593,-73.9753,11,0,0,0
40.6892,-73.9214,18,0,0,0
40.7577,-73.9778,16,0,0,0
40.7301,-73.9978,19,0,0,0
40.761,-73.9927,18,0,0,0
